German subsidiary,US Company,link_type,org_type,US firm (as in book),Affiliated German firm (as in book),Vol,Description
Ford-Werke AG,Ford Motor Company,USO,AG,Ford Motor Company,Ford Motor Co. A. G.,"Vol 1, p. 15",
Credit Aktiengesellschaft für Ford-Fahrzeuge.,Ford Motor Company,USO,AG,Ford Motor Company,Credit A. G. für Fordfahrzeuge,"Vol 1, p. 15",
Adam Opel Aktiengesellschaft,General Motors Corporation (Overseas Operations),USO,AG,General Motors Corporation,Adam Opel A.G.,"Vol 1, p. 17",
Opel Automobil Versicherungs AG,General Motors Corporation (Overseas Operations),USO,AG,General Motors Corporation,Opel Automobilversicherungs A.G.,"Vol 1, p. 17",
Continentale Gummiwerke A.G. ,General Motors Corporation (Overseas Operations),USO,AG,General Motors Corporation,Continentale Gummiwerke A.G.,"Vol 1, p. 17",
Frigidaire G.m.b.H.,General Motors Corporation (Overseas Operations),USO,GmbH,General Motors Corporation,Frigidaire G.m.b.H.,"Vol 1, p. 17",
Palmolive-Binder & Ketals G.m.b.H.,Colgate-Palmolive-Peet Co.,USO,GmbH,Colgate-Palmolive-Peet Co.,Palmolive-Binder & Ketels G.m.b.H.,"Vol 1, p. 19",
,"Coty, Inc., New York",USO,Others,"Coty, Inc., New York",NA,"Vol 1, p. 19",owns a warehouse in Germany for the distribution of its cosmetic products
Duco AG,E.I. du Pont de Nemours and Company,USO,AG,E. I. du Pont de Nemours & Co. ,Duco A. G.,"Vol 1, p. 19",
Dynamit-Act.-Ges. vormals Alfred Nobel & Co.,E.I. du Pont de Nemours and Company,USO,AG,E. I. du Pont de Nemours & Co. ,Dynamit A. G.,"Vol 1, p. 19",
,E.I. du Pont de Nemours and Company,USO,AG,E. I. du Pont de Nemours & Co. ,Deutsche Gold und Silber Scheideanstalt,"Vol 1, p. 19",
,E.I. du Pont de Nemours and Company,USOP,AG,E. I. du Pont de Nemours & Co. ,I. G. Farbenindutrie,"Vol 1, p. 19",
"Th. Goldschmidt of Essen, Germany","Th. Goldschmidt Corporation, New York",DEO,AG,"Th. Goldschmidt Corporation, New York","Th. Goldschmidt Aktiengesellschaft, Essen","Vol 1, p. 21","The Goldschmidt AG possesses the majority control of the The Goldschmidt Corporation, New York, and the American subsidiary serves the mother company as a sales and industrial representative and as the exploitation agent for its patents."
,"Heyden Chemical Corporation, New York",DEO,Others,"Heyden Chemical Corporation, New York","The Chemische Fabrik von Heyden, A. G., Radebeul bei Dresden","Vol 1, p. 21","The New York subsidiary has exclusive patent, process, and trade name rights for the United States."
"""Dom"" Finanz A. G. für chemische Unternehmenungen",Richard Hudnut,USO,AG,"Richard Hudnut, of New York","""Dom"" Finanz A. G. für chemische Unternehmenungen","Vol 1, p. 21",
Godecke & Co. Chemische Fabrik A.G.,Richard Hudnut,USO,AG,"Richard Hudnut, of New York",Goedecke & Co.,"Vol 1, p. 21",
Gustav Lohse AG,Richard Hudnut,USO,AG,"Richard Hudnut, of New York",Gustav Lohse A. G.,"Vol 1, p. 21",
Richard Hudnut G.m.b.H.,Richard Hudnut,USO,GmbH,"Richard Hudnut, of New York",Richard Hudnut G.m.b.H.,"Vol 1, p. 21",
,American I. G. Chemical Corp.,DEO,Others,American I. G. Corporation,I .G. Farbenindustrie,"Vol 1, p. 21",
Kodak Aktiengesellschaft,Eastman Kodak Company,USO,AG,Eastman Kodak Co. of Rochester,Kodak A. G.,"Vol 1, p. 27",
,"Lingner Corporation, New York",DEO,Others,"Lingner Corporation, New York",Lingner Werke A.G.,"Vol 1, p. 27",The German firm owns a Chicago factory and 95% of the American firm for the exploitation of patents held by parent concern in the US
Titangesellschaft m.b.H.,National Lead Company,USO,GmbH,The National Lead Co.,Titan G.m.b.H.,"Vol 1, p. 27","The NATIONAL LEAD CO. owns 87 % of the Titan Co., Inc. which owns 50 % of Titan G.m.b.H. ( capital 3,000,000 RM ) , engaged in the production in Germany of white lead paints. The other half of Titan G.m.b.H. is owned by I. G. Farbenindustrie ."
,"Ridel-de Haën, Inc., New York",DEO,Others,"Ridel-de Haën, Inc., New York",The J. D. Ridel-de Haen A.G.,"Vol 1, p. 27","The J. D. RIDEL DE HAEN A. G. owns 99.5 % of an American distributing and manufacturing agent for its pharmaceutical and chemical products, Ridel -de Haën, Inc., New York (capital , $45,000 ) ."
ARMCO Eisen G.m.b.H.,The ARMCO International Corporation,USO,GmbH,The American Rolling Mill Company,Armco Eisengesellschaft m.b.H.,"Vol 1, p. 27","The AMERICAN ROLLING MILL COMPANY owns , through its 100 % - controlled Armco International Corporation , the Armco Eisengesellschaft m.b.H. (capital 400,000 RM ) . The Armco International Corporation has granted licenses for the manufacture of Armco ingot iron products to the Vereinigte Stahlwerke ."
Vereinigte Stahlwerke,The ARMCO International Corporation,USO,GmbH,The American Rolling Mill Company,Vereinigte Stahlwerke,"Vol 1, p. 27","The AMERICAN ROLLING MILL COMPANY owns , through its 100 % - controlled Armco International Corporation , the Armco Eisengesellschaft m.b.H. (capital 400,000 RM ) . The Armco International Corporation has granted licenses for the manufacture of Armco ingot iron products to the Vereinigte Stahlwerke ."
,Hugo Stinnes Corporation,Others,Others,Hugo Stinnes Corporation of Maryland,,"Vol 1, p. 28",
Hugo Stinnes G.m.b.H.,"Hugo Stinnes Industries, Inc.",USO,GmbH,"Hugo Stinnes Industries, Inc., Maryland",Hugo Stinnes G.m.b.H.,"Vol 1, p. 28",
Mathias Stinnes G.m.b.H.,"Hugo Stinnes Industries, Inc.",USO,GmbH,"Hugo Stinnes Industries, Inc., Maryland",Gewerkschaft Mathias Stinnes,"Vol 1, p. 28",
Mülheimer Bergwerke Verein AG,"Hugo Stinnes Industries, Inc.",USO,AG,"Hugo Stinnes Industries, Inc., Maryland",Mühlheimer Bergwerksverein,"Vol 1, p. 28",
Rheinische-Westfaelische Bergwerks Gesellschaft,"Hugo Stinnes Industries, Inc.",USO,GmbH,"Hugo Stinnes Industries, Inc., Maryland",Rheinisch -Westfälische Bergwerksgesellschaft m.b.H. ,"Vol 1, p. 28",
Allgemeine Elektricitäts-Gesellschaft,International General Electric Company Inc.,USO,AG,International General Electric Company,Allgemeine Elektrizitäts Gesellschaft,"Vol 1, p. 29","The main holding in Germany is about 25-30 %_of_the_Allge- meine Elektrizitäts Gesellschaft (capital 120,000,000 RM ) , the larg- est German electrical concern. It is believed however , that since the financial reorganization of the AEG during the depression the participating interest of General Electric has considerably increased. Through the German AEG, the General Electric has acquired indirect control over a very large number of German concerns in diversified fields of insdurty and communication. The International General Electric Company holds 20% of the stock of the great Dutch electrical firm, N. V. Philips, which has important holdings in Germany.; In 1930 the International General Electric Company bought a major share of a flotation of 35,000 nonvoting participating debentures of Siemens & Halske; International General Electric has patent exchange contracts with Siemens and Halske and with Julius Pintsch A. G."
Osram G.m.b.H. Kommanditgesellschaft,International General Electric Company Inc.,USOP,GmbH,International General Electric Company,Osram,"Vol 1, p. 29","The main holding in Germany is about 25-30 %_of_the_Allge- meine Elektrizitäts Gesellschaft (capital 120,000,000 RM ) , the larg- est German electrical concern. It is believed however , that since the financial reorganization of the AEG during the depression the participating interest of General Electric has considerably increased. Through the German AEG, the General Electric has acquired indirect control over a very large number of German concerns in diversified fields of insdurty and communication. The International General Electric Company holds 20% of the stock of the great Dutch electrical firm, N. V. Philips, which has important holdings in Germany.; In 1930 the International General Electric Company bought a major share of a flotation of 35,000 nonvoting participating debentures of Siemens & Halske; International General Electric has patent exchange contracts with Siemens and Halske and with Julius Pintsch A. G."
Siemens & Halske,International General Electric Company Inc.,USOP,Others,International General Electric Company,Siemens & Halske,"Vol 1, p. 29","The main holding in Germany is about 25-30 %_of_the_Allge- meine Elektrizitäts Gesellschaft (capital 120,000,000 RM ) , the larg- est German electrical concern. It is believed however , that since the financial reorganization of the AEG during the depression the participating interest of General Electric has considerably increased. Through the German AEG, the General Electric has acquired indirect control over a very large number of German concerns in diversified fields of insdurty and communication. The International General Electric Company holds 20% of the stock of the great Dutch electrical firm, N. V. Philips, which has important holdings in Germany.; In 1930 the International General Electric Company bought a major share of a flotation of 35,000 nonvoting participating debentures of Siemens & Halske; International General Electric has patent exchange contracts with Siemens and Halske and with Julius Pintsch A. G."
Julius Pintsch A.-G.,International General Electric Company Inc.,USO,AG,International General Electric Company,Julius Pintsch A. G.,"Vol 1, p. 29","The main holding in Germany is about 25-30 %_of_the_Allge- meine Elektrizitäts Gesellschaft (capital 120,000,000 RM ) , the larg- est German electrical concern. It is believed however , that since the financial reorganization of the AEG during the depression the participating interest of General Electric has considerably increased. Through the German AEG, the General Electric has acquired indirect control over a very large number of German concerns in diversified fields of insdurty and communication. The International General Electric Company holds 20% of the stock of the great Dutch electrical firm, N. V. Philips, which has important holdings in Germany.; In 1930 the International General Electric Company bought a major share of a flotation of 35,000 nonvoting participating debentures of Siemens & Halske; International General Electric has patent exchange contracts with Siemens and Halske and with Julius Pintsch A. G."
Standard Elektrizitats Ges. AG,International Telephone and Telegraph Corp.,USOP,AG,International Telephone and Telegraph Corporation,Standard Elektrizitäts Gesellschaft,"Vol 1, p. 31",Through direct and indirect ownerships
Mix & Genest AG,International Telephone and Telegraph Corp.,USO,AG,International Telephone and Telegraph Corporation,Mix & Genest,"Vol 1, p. 31",Through direct and indirect ownerships
Berliner Telephonie AG,International Telephone and Telegraph Corp.,USO,AG,International Telephone and Telegraph Corporation,Berliner Telephonie,"Vol 1, p. 31",Through direct and indirect ownerships
"Mix & Genest Hansawerke , G.m.b.H.",International Telephone and Telegraph Corp.,USO,GmbH,International Telephone and Telegraph Corporation,Mix & Genest Hansawerke G.m.b.H.,"Vol 1, p. 31",Through direct and indirect ownerships
"Rohr & Seilpost Anlagen, G.m.b.H.",International Telephone and Telegraph Corp.,USO,GmbH,International Telephone and Telegraph Corporation,Rohr & Seilpostanlagen G.m.b.H.,"Vol 1, p. 31",Through direct and indirect ownerships
Telmo Telephon und Telegraphen Gesellschaft m.b.H.,International Telephone and Telegraph Corp.,USO,GmbH,International Telephone and Telegraph Corporation,Telmo Telephon & Telegraph G.m.b.H.,"Vol 1, p. 31",Through direct and indirect ownerships
"""Volta"" Telephon & Signalbau G.m.b.H.",International Telephone and Telegraph Corp.,USO,GmbH,International Telephone and Telegraph Corporation,Volta Telephon & Signalbau G.m.b.H.,"Vol 1, p. 31",Through direct and indirect ownerships
Emge-Union Oesterreichische Telephonwerke A.G.,International Telephone and Telegraph Corp.,USO,AG,International Telephone and Telegraph Corporation,Emge-Union Oesterreichische Telephonwerke A.G.,"Vol 1, p. 31",Through direct and indirect ownerships
Ferdinand Schuchhardt Berliner Fernsprech-und Telegraphenwerk AG,International Telephone and Telegraph Corp.,USO,AG,International Telephone and Telegraph Corporation,Ferd. Schuchardt A.G.,"Vol 1, p. 31",Through direct and indirect ownerships
Suddeutsche Apparatefabrik Gesellschaft m.b.H.,International Telephone and Telegraph Corp.,USO,GmbH,International Telephone and Telegraph Corporation,Süddeutsche Apparate Fabrik G.m.b.H.,"Vol 1, p. 31",Through direct and indirect ownerships
Telephonfabrik Berliner AG,International Telephone and Telegraph Corp.,USO,AG,International Telephone and Telegraph Corporation,Telephonfabrik Berliner A.G. ,"Vol 1, p. 31",Through direct and indirect ownerships
,International Telephone and Telegraph Corp.,USO,Others,International Telephone and Telegraph Corporation,NV Nederlandse Telephonfabrik Berliner,"Vol 1, p. 31",Through direct and indirect ownerships
Ludwig Sudicates G.m.b.H.,International Telephone and Telegraph Corp.,USO,GmbH,International Telephone and Telegraph Corporation,Ludwig Sudicatis G.m.b.H. ,"Vol 1, p. 31",Through direct and indirect ownerships
,International Telephone and Telegraph Corp.,USO,AG,International Telephone and Telegraph Corporation,Vereinigte Telephon & Telegraph A.G. Czeija Nissl,"Vol 1, p. 31",Through direct and indirect ownerships
C. Lorenz AG,International Telephone and Telegraph Corp.,USO,AG,International Telephone and Telegraph Corporation,C. Lorenz A.G.,"Vol 1, p. 32",Through direct and indirect ownerships
Lorenz Radio Vertriebe G.m.b.H.,International Telephone and Telegraph Corp.,USO,GmbH,International Telephone and Telegraph Corporation,Lorenz Radio Vertriebs G.m.b.H.,"Vol 1, p. 32",Through direct and indirect ownerships
Tefag Radio Vertriebs G.m.b.H.,International Telephone and Telegraph Corp.,USO,GmbH,International Telephone and Telegraph Corporation,Tefag Radio Vertriebs G.m.b.H.,"Vol 1, p. 32",Through direct and indirect ownerships
Gesellschaft für Telephon und Telegraphenbeteiligungen G.m.b.H.,International Telephone and Telegraph Corp.,USO,GmbH,International Telephone and Telegraph Corporation,Gesellschaft für Telephon und Telegraphenbeteiligungen G.m.b.H.,"Vol 1, p. 32",Through direct and indirect ownerships
Creed Telegraph Apparate G.m.b.H.,International Telephone and Telegraph Corp.,USO,GmbH,International Telephone and Telegraph Corporation,Creed Telegraph Apparate G.m.b.H.,"Vol 1, p. 32",Through direct and indirect ownerships
Dr. Erich F. Huth G.m.b.H.,International Standard Electric Corp.,USOP,GmbH,International Standard Electric Corporation,Dr. Erich Huth G.m.b.H.,"Vol 1, p. 32","The International Standard Electric Corporation is owned 100 % by International Telephone and Telegraph . The International Standard Electric Corporation owns the following German concerns : Dr. Erich Huth G.m.b.H. , capital 1,460,000 RM (minority ) Vereinigte Baverische Telephonwerke A. G. (minority ) Standard Telephon & Radio A. G. ( 100 % ) , which owns 45.71 % of Belton A.G. The other 54.29 % of Belton A. G. is held by the Bell Telephone Manufacturing Co., which is owned 99.98 % by In- ternational Standard Electric Corporation ."
Vereinigte Bayerische Telephonwerke AG,International Standard Electric Corp.,USOP,AG,International Standard Electric Corporation,Vereinigte Bayerische Telephonwerke A.G.,"Vol 1, p. 32","The International Standard Electric Corporation is owned 100 % by International Telephone and Telegraph . The International Standard Electric Corporation owns the following German concerns : Dr. Erich Huth G.m.b.H. , capital 1,460,000 RM (minority ) Vereinigte Baverische Telephonwerke A. G. (minority ) Standard Telephon & Radio A. G. ( 100 % ) , which owns 45.71 % of Belton A.G. The other 54.29 % of Belton A. G. is held by the Bell Telephone Manufacturing Co., which is owned 99.98 % by In- ternational Standard Electric Corporation ."
Standard Telephon & Radio A.G.,International Standard Electric Corp.,USO,AG,International Standard Electric Corporation,Standard Telephon & Radio A.G.,"Vol 1, p. 32","The International Standard Electric Corporation is owned 100 % by International Telephone and Telegraph . The International Standard Electric Corporation owns the following German concerns : Dr. Erich Huth G.m.b.H. , capital 1,460,000 RM (minority ) Vereinigte Baverische Telephonwerke A. G. (minority ) Standard Telephon & Radio A. G. ( 100 % ) , which owns 45.71 % of Belton A.G. The other 54.29 % of Belton A. G. is held by the Bell Telephone Manufacturing Co., which is owned 99.98 % by In- ternational Standard Electric Corporation ."
Belton A.G.,International Standard Electric Corp.,USO,AG,International Standard Electric Corporation,Belton AG.,"Vol 1, p. 32","The International Standard Electric Corporation is owned 100 % by International Telephone and Telegraph . The International Standard Electric Corporation owns the following German concerns : Dr. Erich Huth G.m.b.H. , capital 1,460,000 RM (minority ) Vereinigte Baverische Telephonwerke A. G. (minority ) Standard Telephon & Radio A. G. ( 100 % ) , which owns 45.71 % of Belton A.G. The other 54.29 % of Belton A. G. is held by the Bell Telephone Manufacturing Co., which is owned 99.98 % by In- ternational Standard Electric Corporation ."
,"Siemens Inc., New York",DEO,Others,"Siemens Inc., New York",Siemens & Halske,"Vol 1, p. 32","SIEMENS & HALSKE own 100 % Siemens Inc. , New York . With Vickers , Siemens & Halske own the Metal and Thermit Corp. , which has a world monopoly on beryllium ."
,Metal and Thermit Corp.,DEO,Others,Metal and Thermit Corp.,Siemens & Halske,"Vol 1, p. 32","SIEMENS & HALSKE own 100 % Siemens Inc. , New York . With Vickers , Siemens & Halske own the Metal and Thermit Corp. , which has a world monopoly on beryllium ."
Siemens -Schuckertwerke A. G.,Westinghouse Electric International Co.,USC,AG,Westinghouse Electric International Co.,Siemens -Schuckertwerke A. G.,"Vol 1, p. 32","The WESTINGHOUSE ELECTRIC INTERNATIONAL Co. has a patent agreement with the Siemens -Schuckertwerke A. G., which is controlled by Siemens & Halske . The agreement , which ran from October 17, 1924-1934 , and was renewed in 1934, provided that the American concern would get exclusive rights in the United States and Canada, while the German firm got similar rights in Germany, Austria , Hungary , Danzig , Latvia , Lithuania , and Estonia . All the rest of the world except Japan and territory given exclusively to Metropol- itan - Vickers in contract with Westinghouse was made non ex- clusive territory."
Coca-Cola G.m.b.H.,"The Coca-Cola Company (101 W. 10th Street Wilmington, Delaware)",USO,GmbH,Coca-Cola International Corporation,Coca-Cola G.m.b.H.,"Vol 1, p. 32","The COCA COLA INTERNATIONAL CORPORATION controls the Coca- Cola Company which owns 100 the Coca Cola Export Corporation. This last concern owns 100 Coca Cola G.m.b.H, capitl 300,000 RM , and also holds a large share of the Deutsche Vertriebs- Gesellschaft m.b.H. für Naturgetränke ."
Deutsche Vertriebs Gesellschaft m.b.H. für Naturgetränke,"The Coca-Cola Company (101 W. 10th Street Wilmington, Delaware)",USO,GmbH,Coca-Cola International Corporation,Deutsche Vertriebs Gesellschaft m.b.H. für Naturgetränke,"Vol 1, p. 32","The COCA COLA INTERNATIONAL CORPORATION controls the Coca- Cola Company which owns 100 the Coca Cola Export Corporation. This last concern owns 100 Coca Cola G.m.b.H, capitl 300,000 RM , and also holds a large share of the Deutsche Vertriebs- Gesellschaft m.b.H. für Naturgetränke ."
British-American Tobacco (Deutschland) G.m.b.H. ,Ligget & Myers Tobacco Co.,USOP,GmbH,Ligget & Myers Tobacco Co.,British-American Tobacco (Deutschland) G.m.b.H. ,"Vol 1, p. 33","The LIGGETT & MYERS TOBACCO Co., with the P. LORILLARD Co. and other U. S. cigarette companies , own a substantial interest in the British -American Tobacco Co. , Ltd. , which , through the Tobacco Securities Trust Co. Ltd. , owns the British - American Tobacco (Deutschland ) G.m.b.H. , capital 1,500,000 RM ."
"Betz & Jay, GmbH",Kraft Cheese Company,USO,GmbH,Kraft Phenix Cheese Corporation,Betz & Jay G.m.b.H.,"Vol 1, p. 33","The NATIONAL DAIRY PRODUCTS CORPORATION owns outright the Kraft-Phenix Cheese Corporation which has the following holdings in Germany (all 100 % owned ) : Through the Badger-Brodhead Cheese Co., the Betz & Jay G.m.b.H.; The Kraft Käse Werke G.m.b.H. , which in turn owns the Locca Käse Werke G.m.b.H. , the Kohler-Werke G.m.b.H. , and the Lindor- Werke G.m.b.H."
Kraft Kaese Werke G.m.b.H.,Kraft Cheese Company,USO,GmbH,Kraft Phenix Cheese Corporation,Kraft Käse Werke G.m.b.H.,"Vol 1, p. 33","The NATIONAL DAIRY PRODUCTS CORPORATION owns outright the Kraft-Phenix Cheese Corporation which has the following holdings in Germany (all 100 % owned ) : Through the Badger-Brodhead Cheese Co., the Betz & Jay G.m.b.H.; The Kraft Käse Werke G.m.b.H. , which in turn owns the Locca Käse Werke G.m.b.H. , the Kohler-Werke G.m.b.H. , and the Lindor- Werke G.m.b.H."
Jocca Werke G.m.b.H.,Kraft Cheese Company,USO,GmbH,Kraft Phenix Cheese Corporation,Locca Käse Werke G.m.b.H.,"Vol 1, p. 33","The NATIONAL DAIRY PRODUCTS CORPORATION owns outright the Kraft-Phenix Cheese Corporation which has the following holdings in Germany (all 100 % owned ) : Through the Badger-Brodhead Cheese Co., the Betz & Jay G.m.b.H.; The Kraft Käse Werke G.m.b.H. , which in turn owns the Locca Käse Werke G.m.b.H. , the Kohler-Werke G.m.b.H. , and the Lindor- Werke G.m.b.H."
Kohler-Werke G.m.b.H.,Kraft Cheese Company,USO,GmbH,Kraft Phenix Cheese Corporation,Kohler-Werke G.m.b.H.,"Vol 1, p. 33","The NATIONAL DAIRY PRODUCTS CORPORATION owns outright the Kraft-Phenix Cheese Corporation which has the following holdings in Germany (all 100 % owned ) : Through the Badger-Brodhead Cheese Co., the Betz & Jay G.m.b.H.; The Kraft Käse Werke G.m.b.H. , which in turn owns the Locca Käse Werke G.m.b.H. , the Kohler-Werke G.m.b.H. , and the Lindor- Werke G.m.b.H."
Lindor Werke G.m.b.H.,Kraft Cheese Company,USO,GmbH,Kraft Phenix Cheese Corporation,Lindor- Werke G.m.b.H.,"Vol 1, p. 33","The NATIONAL DAIRY PRODUCTS CORPORATION owns outright the Kraft-Phenix Cheese Corporation which has the following holdings in Germany (all 100 % owned ) : Through the Badger-Brodhead Cheese Co., the Betz & Jay G.m.b.H.; The Kraft Käse Werke G.m.b.H. , which in turn owns the Locca Käse Werke G.m.b.H. , the Kohler-Werke G.m.b.H. , and the Lindor- Werke G.m.b.H."
"Deutsche Royal Backpulver, Gesellschaft m.b.H, Berlin, Germany.","Standard Brand, Inc.",USO,GmbH,"Standard Brand, Inc.",Deutsche (Royal ) Backpulver G.m.b.H. ,"Vol 1, p. 33","STANDARD BRANDS , INC . owns in Germany the Deutsche (Royal ) Backpulver G.m.b.H. , capital 300,000 RM ."
Wrigley Aktiengesellschaft,Wm. Wrigley Jr. Company,USO,AG,"Wm. Wrigley, Jr., Company",Wrigley A. G.,"Vol 1, p. 33","The WM . WRIGLEY , JR ., COMPANY owns 100 % the Wrigley A. G. , capital 100,000 RM ."
Deutsche Maizena G.m.b.H.,Corn Products Refining company,USO,GmbH,Corn Products Refining Co.,Deutsche Maizena G.m.b.H.,"Vol 1, p. 33","The CORN PRODUCTS REFINING Co. owns a majority of the Deutsche MAIZENA G.m.b.H. , capital 3,000,000 RM . , and of the Deutsche MAIZENA-Werke A. G., capital 7,000,000 ."
Deutsche Maizena Werke AG,Corn Products Refining company,USO,AG,Corn Products Refining Co.,Deutsche Maizena-Werke A. G.,"Vol 1, p. 33","The CORN PRODUCTS REFINING Co. owns a majority of the Deutsche MAIZENA G.m.b.H. , capital 3,000,000 RM . , and of the Deutsche MAIZENA-Werke A. G., capital 7,000,000 ."
Nationale Radiator Gesellschaft m.b.H.,American Radiator & Standard Sanitary Corporation,USO,GmbH,American Radiator and Standard Sanitary Corporation,Nationale Radiator G.m.b.H.,"Vol 1, p. 33","The AMERICAN RADIATOR AND STANDARD SANITARY CORPORATION own the Nationale Radiator G.m.b.H. , capital 16,000,000 RM ., and a Viennese limited partnership of the same name ."
"Ambi-Budd Presswerk, G.m.b.H.",Edward G. Budd Manufacturing Company,USO,GmbH,Edward G. Budd Mfg. Co.,Ambi -Budd Presswerk G.m.b.H. ,"Vol 1, p. 33","The EDWARD G BUDD MFG . CO . owns 84.293 % of the Budd International Corporation , which owns 64.29 % of the Ambi -Budd Presswerk G.m.b.H. , capital , 5,500,000 RM ., while 1.67 % of the stock of this last is owned directly by the parent Edward G. Budd Mfg. Co. The Ambi A. G. holds most of the rest of the stock of Ambi-Budd Presswerk G.m.b.H."
Internationale Pressluft und Elektricitats Gesellschaft m.b.H. (Ipeg),Chicago Pneumatic Tool Co.,USO,GmbH,The Chicago Pneumatic Tool Co.,Internationale Pressluft -und Elektrizitäts G.m.b.H.,"Vol 1, p. 33","The CHICAGO PNEUMATIC TOOL Co. owns all of the Internationale Pressluft -und Elektrizitäts G.m.b.H. and a majority of the Press- luft-Werkzeug und Maschinenbau A. G. ""Premag"", capital 1,000,000 R.M. The two German subsidiaries have a common manufacturing program agreement and make common use of technical improvements and commercial contacts ."
Pressluftwerkzeug und Maschinenbau AG (Premag),Chicago Pneumatic Tool Co.,USO,AG,The Chicago Pneumatic Tool Co.,"Pressluft-Werkzeug und Maschinenbau A. G. ""Premag""","Vol 1, p. 33","The CHICAGO PNEUMATIC TOOL Co. owns all of the Internationale Pressluft -und Elektrizitäts G.m.b.H. and a majority of the Press- luft-Werkzeug und Maschinenbau A. G. ""Premag"", capital 1,000,000 R.M. The two German subsidiaries have a common manufacturing program agreement and make common use of technical improvements and commercial contacts ."
Enziger Union Werke AG,Enziger Union Corp.,DEO,AG,Enziger Union Corp.,The ENZIGER UNION WERKE A. G.,"Vol 1, p. 34","The ENZIGER UNION WERKE A. G., producing brewery equipment and general machinery, is represented in America by subsidiary Enziger Union Corp. capital 100,000"
"International Harvester Company, m.b.H.",International Harvester Company,USO,GmbH,International Harvester Co.,International Harvester Co. GmbH,"Vol 1, p. 34","The INTERNATIONAL HARVESTER Co. owns Germany the International Harvester Co. GmbH capital 13,500,000 RM with factories in Nauss"
„Miag“ Mühlenbau u. Industrie Aktiengesellschaft,American Miag Corporation,DEO,AG,American Miag Corporation,"The ""Miag"" Muhlenbau und Industrie A.G. ","Vol 1, p. 34",The MIAG MUHLENBAU UND INDUSTRIE A. G. owns in America the American Miag Corporation sales subsidiary.
Otis Aufzugswerke G.m.b.H.,Otis Elevator Company,USO,GmbH,Otis Elevator Company,Otis Aufzugswerke G.m.b.H.,"Vol 1, p. 34","The OTIS ELEVATOR COMPANY owns the German Otis Aufzugs- werke G.m.b.H. capital 4,000,000 RM"
Deutsche Worthington Gesellschaft m.b.H.,Worthington Pump and Machinery Corp.,USO,GmbH,Worthington Pump & Machinery Corporation,Deutsche Worthington G.m.b.H.,"Vol 1, p. 34","The WORTHINGTON PUMP MACHINERY CORPORATION possesses in Germany the Deutsche Worthington G.m.b.H. capital 75,000 RM., and Austria the Worthington Pumpen und Maschinenbaugesellschaft m.b.H. with capital 100,000 Schillings"
Askania Werke A. G.,American Askania Corp.,DEO,AG,American Askania Corp.,Askania Werke A. G.,"Vol 1, p. 34","The ASKANIA WERKE A. G. owns outright the American Askania Corp. Houston Texas capital $10,000 engaged the sale the parent company's geological instruments used especially exploration for oil. The American Askania Corp. owns 95% the Askania Regulator Co. Chicago Illinois capital $50,000 while the other 5% is held by the Askania Werke A. G."
Dorr Gesellschaft m.b.H.,The Dorr Co.,USO,GmbH,"Dorr Co., Inc.",Dorr G.m.b.H.,"Vol 1, p. 34","The DORR CO., INC., which is the agent for European sales of the products the Oliver United Filter Co.,  owns the Dorr G.m.b.H."
Elektrolux A.G.,"Servel, Inc.",USO,AG,"Servel, Inc.",Elektrolux A.G. ,"Vol 1, p. 34","SERVEL INC Owns Germany the Elektrolux A. G., capital 2,750,000 RM engaged in the manufacture refrigerators and similar equipment"
Hoffman Bugelmaschinen Gesellschaft m.b.H.,United States Hoffman Machinery Corporation,USO,GmbH,United States Hoffman Machinery Corporation,Hoffman Bügelmaschinen G.m.b.H.,"Vol 1, p. 35","The UNITED STATES HOFFMAN MACHINERY CORPORATION , a leading manufacturer of pressing, cleaning, and textile machines , owns in Germany the Hoffman Bügelmaschinen G.m.b.H., and a concern. of the same name in Austria ."
"Deutsche Hollerith Maschinen Gesellschaft, m.b.H.",The Hollerith Co.,USO,GmbH,The Hollerith Co.,Deutsche Hollerith Maschinen G.m.b.H.,"Vol 1, p. 35","The HOLLERITH Co. owns the Deutsche Hollerith Maschinen G.m.b.H. , capital 7,700,000 RM . The latter concern owns a large share in the Optima Maschinenfabrik ( 500,000 RM . ) , in which the parent Hollerith Co. also has direct holdings ."
"Mergenthaler Setzmaschinen-Fabrik, G.m.b.H.",Mergenthaler Linotype Company,USO,GmbH,Mergenthaler Linotype Co.,Mergenthaler Setzmaschinenfabrik G.m.b.H.,"Vol 1, p. 35",The MERGENTHALER LINOTYPE Co. owns a controlling share in the Mergenthaler Setzmaschinenfabrik G.m.b.H.
Minimax A. G.,Pyrene Minimax Corporation,DEO,AG,Pyrene Minimax Corporation,Minimax A. G.,"Vol 1, p. 35","The MINIMAX A. G. owns jointly with the PYRENE Mfg . Co. , Newark , the Pyrene Minimax Corporation , capital $ 100,000 , set up mainly for the cooperative exploitation of patents relating mainly to fire extinguishers."
Ritter AG,"Ritter Company, Inc. (Formerly Ritter Dental Mfg. Co., Inc)",USO,AG,"Ritter Dental Mfg. Co., Inc.",Ritter A.G.,"Vol 1, p. 35","The RITTER DENTAL MFG . CO . , INC . owns 95% of the Ritter A.G., capital 3,925,000 RM ."
Singer Nahmaschinen AG,Singer Mfg. Co.,USO,AG,Singer Mfg. Co.,Singer Nähmaschinen A.G.,"Vol 1, p. 35","The SINGER MFG . Co. owns the Singer Nähmaschinen A. G. , capital 12,000,000 RM,, on whose Board of Directors sits Douglas Alexander, President of the American parent company."
"Deutsche Timken G.m.b.H., of Berlin",The Timken Roller Bearing Company,USO,GmbH,Timken Roller Bearing Co.,Deutsche Timken G.m.b.H.,"Vol 1, p. 35","The TIMKEN ROLLER BEARING Co. owns a majority of the Deutsche Timken G.m.b.H. The minority interest in this concern is held by the British Timken Ltd. , whose majority stock is held in turn by the American Timken Roller Bearing Co."
"Metallwaaren Gesellschaft m. b. H., of Aachen",The Torrington Company,USO,GmbH,Torrington Co.,The Metallwarren G.m.b.H.,"Vol 1, p. 35","THE TORRINGTON Co. owns The Metallwaren G.m.b.H., engaged in the production of sewing machine needles ."
Damm & Ladwig Kommandit Gesellschaft und Dulv Aktiengesellschaft,The Yale & Towne Manufacturing Company,USO,Others,Yale & Towne Mfg. Co.,Schlossfabrik Damm & Ladwig Kommissions-Gesellschaft,"Vol 1, p. 35","The YALE & TOWNE MFG. CO., Connecticut, has taken over the properties of the Schlossfabrik Damm & Ladwig Kommissions -Gesell- schaft as its Velbert Division . By the introduction of American methods of mass production it has gained an important place in the German lock industry ."
Addressograph-Multigraph G.m.b.H.,Addressograph-Multigraph Corporation,USO,GmbH,Addressograph-Multigraph Corporation,Addressograph Multigraph G.m.b.H.,"Vol 1, p. 35","The ADDRESSOGRAPH -MULTIGRAPH CORPORATION owns 100% of the Addressograph -Multigraph G.m.b.H. , capital 1,000,000 RM, engaged in manufacture and distribution of their products."
Deutsche Burroughs Rechenmaschinen AG,Burroughs Adding Machine Company,USO,AG,Burrough Adding Machine Co.,Deutsche Burroughs Rechenmaschinen A. G.,"Vol 1, p. 36","The BURROUGHS ADDING MACHINE Co. owns outright the Burroughs Adding Machine Ltd (private company) . The latter owns the Deutsche Burroughs Rechenmaschinen A. G., capital 3,000,000 RM. "
,International Business Machine Corp.,Others,Others,International Business Machines Corporation,NA,"Vol 1, p. 36",The INTERNATIONAL BUSINESS MACHINES CORPORATION owns a large factory in Germany .
National-Krupp Registrier-Kassen G.m.b.H.,The National Cash Register Company,USO,GmbH,National Cash Register Co. of Maryland,National-Krupp Registrier-Kassen G.m.b.H.,"Vol 1, p. 36","The NATIONAL CASH REGISTER CO . OF MARYLAND owns 80 % of the National-Krupp Registrier-Kassen G.m.b.H. , capital 8,750,000 RM. , the other 20 % being held by Krupp ."
Remington Buromaschinen G.m.b.H.,Remington Rand Inc.,USO,GmbH,Remington Rand Inc.,Remington Schreibmaschinen G.m.b.H.,"Vol 1, p. 36","REMINGTON RAND INC. owns the Remington Schreibmaschinen G.m.b.H. , capital 1,240,000 RM . , with plants at Saarbrücken , Berlin , and Prague ."
"Royal Schreihmaschinen, G.m.b.H.","Royal Typewriter Company, Inc.",USO,GmbH,"Royal Typewriter Co. Inc., New York",Royal Schreibmaschinen G.m.b.H.,"Vol 1, p. 36","The Royal Typewriter Co. Inc., New York owns the Royal Schreibmaschinen G.m.b.H. , a sales organization covering Germany ."
Mercedes Buromaschinen Werke AG,Underwood Elliott Fisher Company,USO,AG,Underwood Elliot Fisher Co.,Mercedes Büromaschinen-Werke A. G.,"Vol 1, p. 36","The UNDERWOOD ELLIOT FISHER Co. holds a majority of the stock of the Mercedes Büromaschinen -Werke A. G. (5,000,000 RM ) .A contract for the exchange of patent rights and manufacturing information exists between the parent Company and German sub- sidiary The Mercedes Büromaschinenwerke G. owns the following: Adrema Maschinenbau G.m.b.H. capital 1,000,000 RM (100%); Iris Type G.m.b.H. capital 20,000 RM (100%)"
Adrema Maschinenebau G.m.b.H.,Underwood Elliott Fisher Company,USO,GmbH,Underwood Elliot Fisher Co.,Adrema Maschinenbau G.m.b.H.,"Vol 1, p. 36","The UNDERWOOD ELLIOT FISHER Co. holds a majority of the stock of the Mercedes Büromaschinen -Werke A. G. (5,000,000 RM ) .A contract for the exchange of patent rights and manufacturing information exists between the parent Company and German sub- sidiary The Mercedes Büromaschinenwerke G. owns the following: Adrema Maschinenbau G.m.b.H. capital 1,000,000 RM (100%); Iris Type G.m.b.H. capital 20,000 RM (100%)"
Iris Type G.m.b.H.,Underwood Elliott Fisher Company,USO,GmbH,Underwood Elliot Fisher Co.,Iris Type G.m.b.H.,"Vol 1, p. 36","The UNDERWOOD ELLIOT FISHER Co. holds a majority of the stock of the Mercedes Büromaschinen -Werke A. G. (5,000,000 RM ) .A contract for the exchange of patent rights and manufacturing information exists between the parent Company and German sub- sidiary The Mercedes Büromaschinenwerke G. owns the following: Adrema Maschinenbau G.m.b.H. capital 1,000,000 RM (100%); Iris Type G.m.b.H. capital 20,000 RM (100%)"
Silesian Holding Co.,"W. A. Harriman & Co., New York",USO,Others,"W. A. Harriman & Co., New York",Silesian Holding Co.,"Vol 1, p. 37","W. A. HARRIMAN & Co., New York and the Anaconda Copper Co. own the Silesian Holding Co., which possesses 51% of the Silesian American Corporation , the other 49 % being held by the German Bergwerkgesellschaft Georg von Giesches Erben . The Silesian American Corporation owns 100% the Giesches Spolka Akcyjna, Polish Silesia , capital 172,000,000 zloty ."
Silesian American Corporation,"W. A. Harriman & Co., New York",USO,Others,"W. A. Harriman & Co., New York",Silesian American Corporation,"Vol 1, p. 37","W. A. HARRIMAN & Co., New York and the Anaconda Copper Co. own the Silesian Holding Co., which possesses 51% of the Silesian American Corporation , the other 49 % being held by the German Bergwerkgesellschaft Georg von Giesches Erben . The Silesian American Corporation owns 100% the Giesches Spolka Akcyjna, Polish Silesia , capital 172,000,000 zloty ."
,Silesian-American Corporation,Others,Others,Silesian American Corporation,,"Vol 1, p. 37","W. A. HARRIMAN & Co., New York and the Anaconda Copper Co. own the Silesian Holding Co., which possesses 51% of the Silesian American Corporation , the other 49 % being held by the German Bergwerkgesellschaft Georg von Giesches Erben . The Silesian American Corporation owns 100% the Giesches Spolka Akcyjna, Polish Silesia , capital 172,000,000 zloty ."
Kaliwerke Sollstedt Gewerkschaft,International Agricultural Corporation,USO,GmbH,International Agricultural Corporation,Kaliwerke Sollstedt Gewerkschaft,"Vol 1, p. 37",The INTERNATIONAL AGRICULTURAL CORPORATION owned until 1938 half the shares of the Kaliwerke Sollstedt Gewerkschaft. In that year the American concern sold holdings and invested the proceeds various potash companies listed on the German Bourse
Metallgesellschaft A.G.,"Ore & Chemical Corporation, New York",DEO,AG,"Ore & Chemical Corporation, New York",Metallgesellschaft A.G.,"Vol 1, p. 37","The METALLGESELLSCHAFT A. G. owns the following American companies: Ore Chemical Corporation New York capital 200,000 engaged trade ores and metals and acting holding company; Pembroke Chemical Co. Florida phosphorus and phosphates producing concern; Revertex Corporation America New York capital 100,000 established for the sale of latex concentrates in North America"
Metallgesellschaft A.G.,"Pembroke Chemical Co., Florida",DEO,AG,"Pembroke Chemical Co., Florida",Metallgesellschaft A.G.,"Vol 1, p. 37","The METALLGESELLSCHAFT A. G. owns the following American companies: Ore Chemical Corporation New York capital 200,000 engaged trade ores and metals and acting holding company; Pembroke Chemical Co. Florida phosphorus and phosphates producing concern; Revertex Corporation America New York capital 100,000 established for the sale of latex concentrates in North America"
Metallgesellschaft A.G.,"Revertex Corporation of America, New York",DEO,AG,"Revertex Corporation of America, New York",Metallgesellschaft A.G.,"Vol 1, p. 37","The METALLGESELLSCHAFT A. G. owns the following American companies: Ore Chemical Corporation New York capital 200,000 engaged trade ores and metals and acting holding company; Pembroke Chemical Co. Florida phosphorus and phosphates producing concern; Revertex Corporation America New York capital 100,000 established for the sale of latex concentrates in North America"
Metallgesellschaft A.G.,"American Lurgi Company, New York",DEO,AG,"American Lurgi Company, New York",Metallgesellschaft A.G.,"Vol 1, p. 37","The METALLGESELLSCHAFT A. G. owns the following American companies: Ore Chemical Corporation New York capital 200,000 engaged trade ores and metals and acting holding company; Pembroke Chemical Co. Florida phosphorus and phosphates producing concern; Revertex Corporation America New York capital 100,000 established for the sale of latex concentrates in North America"
Vereinigte Aluminiumwerke A. G.,"International Patent Corporation, Maryland",DEO,AG,"International Patent Corporation, Maryland",Vereinigte Aluminiumwerke A. G.,"Vol 1, p. 37",The VEREINIGTE ALUMINIUMWERKE A.G. own 29.45% of the International Patent Corporation Maryland
Oesterreische Magnesit A. G.,Emil Winter interests of Pittsburgh,USO,AG,Emil Winter interests of Pittsburgh,Oesterreische Magnesit A. G.,"Vol 1, p. 37","The EMIL WINTER interests Pittsburgh own the Oesterreische Magnesit capital 14,000,000 Schillings."
Metro-Goldwyn-Mayer Film AG,Metro-Goldwyn-Mayer Pictures Corporation,USO,AG,Metro-Goldwyn-Mayer Pictures Corporation,Metro-Goldwyn-Mayer Film A.G.,"Vol 1, p. 38","The METRO-GOLDWYN MAYER PICTURES CORPORATION owns a majority of the stock of the Metro -Goldwyn -Mayer Film A.G. , capital 500,000 RM ."
Deutsche Fox-Film Aktiengesellschaft,Twentieth Century-Fox Film Corp.,USO,AG,The Twentieth Century-Fox Film Corporation,Deutsche Fox Film A.G.,"Vol 1, p. 38","The TWENTIETH CENTURY -FOX FILM CORPORATION owns the Deutsche Fox Film A.G. , capital 100,000 RM . "
"Deutsche Universal Film, A.G.","Universal Picture Co., Inc.",USO,AG,The Universal Corporation,Deutsche Universalfilm A.G.,"Vol 1, p. 38","The UNIVERSAL CORPORATION owns 91 % of the Universal Pic- tures Co., Inc. which holds 100 % of Universal Film Exchanges Inc. This last concern owns outright the Deutsche Universalfilm A.G., capital 2,000,000 RM. "
The Atlantic Refining Company Germany GmbH,The Atlantic Refining Company,USO,GmbH,The Atlantic Refining Company,Atlantic Refining Co. of Germany,"Vol 1, p. 38","The ATLANTIC REFINING COMPANY owns 100% the Atlantic Re- fining Co. of Germany , capital 1,000,000 RM . , and 33.3 % of the Allgemeine Oelhandelsgesellschaft m.b.H. , capital 6,000,000 RM ."
"Allgemeine Oel-Handels, GmbH. (Oelhag)",The Atlantic Refining Company,USO,GmbH,The Atlantic Refining Company,Allgemeine Oelhandelsgesellschaft m.b.H.,"Vol 1, p. 38","The ATLANTIC REFINING COMPANY owns 100% the Atlantic Re- fining Co. of Germany , capital 1,000,000 RM . , and 33.3 % of the Allgemeine Oelhandelsgesellschaft m.b.H. , capital 6,000,000 RM ."
Europäische Tanklager und Transport AG,William Rhodes Davis,USO,AG,William Rhodes Davis,Europäische Tanklager und Transport A.G.,"Vol 1, p. 38","WILLIAM RHODES DAVIS , through Crusader Petroleum Industries Ltd. , London , owns outright the Europäische Tanklager und Transport A.G. The concern holds a majority of the stock of the ""Debag” Betriebstoff A.G. , capital 1,500,000 RM ."
"""Debag"" Betriebstoff A.G.",William Rhodes Davis,USO,AG,William Rhodes Davis,"""Debag” Betriebstoff A.G.","Vol 1, p. 39","WILLIAM RHODES DAVIS , through Crusader Petroleum Industries Ltd. , London , owns outright the Europäische Tanklager und Transport A.G. The concern holds a majority of the stock of the ""Debag” Betriebstoff A.G. , capital 1,500,000 RM ."
Oelwerke Julius Schindler G.m.b.H.,Pure Oil Co.,USO,GmbH,Pure Oil Co. of Ohio,Oelwerke Julius Schindler G.m.b.H.,"Vol 1, p. 39","The PURE OIL CO . OF OHIO owns 49 % of the Oelwerke Julius Schindler G.m.b.H. , capital 2,400,000 RM ."
Deutsch-Amerikanische Petroleum-Gesellschaft,Standard Oil Company (New Jersey),USO,AG,Standard Oil Co. of New Jersey,Deutsch-Amerikanische Petroleum Gesellschaft,"Vol 1, p. 39","The STANDARD OIL CO . OF NEW JERSEY Owns 84.2 % of the Deutsch-Amerikanische Petroleum Gesellschaft. 15.8 % of the stock of the German concern is held by the N. V. American Petroleum Co., Holland , whose stock is held 66.04 % by Standard Oil . Standard Oil thus has a 95 % control of the Deutsch - Amerikanische Petroleum Gesellschaft , whose capital is nominally 63,200,000 RM . The German firm owns an Austrian subsidiary , the Vacuum Oil Co. A.G. , capital 10,000,000 Schillings .; Standard Oil of New Jersey owns a majority of the Mineralöl Raffinerie vorm . August Korf A.G. ( 1,500,000 RM ) and 25 % of the Deutsche Gasolin A.G. ( 11,000,000 RM ) , in which firm it is associated with I. G. Farbenindustrie and Royal Dutch Shell ."
Mineraloel-Raffinerie vorm. August Korff,Standard Oil Company (New Jersey),USO,AG,Standard Oil Co. of New Jersey,Mineralöl Raffinerie vorm . August Korf A.G.,"Vol 1, p. 39","The STANDARD OIL CO . OF NEW JERSEY Owns 84.2 % of the Deutsch-Amerikanische Petroleum Gesellschaft. 15.8 % of the stock of the German concern is held by the N. V. American Petroleum Co., Holland , whose stock is held 66.04 % by Standard Oil . Standard Oil thus has a 95 % control of the Deutsch - Amerikanische Petroleum Gesellschaft , whose capital is nominally 63,200,000 RM . The German firm owns an Austrian subsidiary , the Vacuum Oil Co. A.G. , capital 10,000,000 Schillings .; Standard Oil of New Jersey owns a majority of the Mineralöl Raffinerie vorm . August Korf A.G. ( 1,500,000 RM ) and 25 % of the Deutsche Gasolin A.G. ( 11,000,000 RM ) , in which firm it is associated with I. G. Farbenindustrie and Royal Dutch Shell ."
Deutsche Gasolin AG,Standard Oil Company (New Jersey),USO,AG,Standard Oil Co. of New Jersey,Deutsche Gasolin A.G.,"Vol 1, p. 39","The STANDARD OIL CO . OF NEW JERSEY Owns 84.2 % of the Deutsch-Amerikanische Petroleum Gesellschaft. 15.8 % of the stock of the German concern is held by the N. V. American Petroleum Co., Holland , whose stock is held 66.04 % by Standard Oil . Standard Oil thus has a 95 % control of the Deutsch - Amerikanische Petroleum Gesellschaft , whose capital is nominally 63,200,000 RM . The German firm owns an Austrian subsidiary , the Vacuum Oil Co. A.G. , capital 10,000,000 Schillings .; Standard Oil of New Jersey owns a majority of the Mineralöl Raffinerie vorm . August Korf A.G. ( 1,500,000 RM ) and 25 % of the Deutsche Gasolin A.G. ( 11,000,000 RM ) , in which firm it is associated with I. G. Farbenindustrie and Royal Dutch Shell ."
Deutsche Vacuum Oel AG,"Socony-Vacuum Oil Company, Inc.",USO,AG,Socony-Vacuum Oil Co. (part of the Standard Oil Group),"Deutsche Vacuum Oel A. G.; The Vacuum Oil Co S. P., Prague; Naftaspol A. S., Czechoslovakia .","Vol 1, p. 39","The SOCONY -VACUUM OIL Co. , part of the Standard Oil group , owns the following in Germany : Deutsche Vacuum Oel A. G. , capital 20,000,000 RM .The Vacuum Oil Co S. P., Prague and the Naftaspol A. S., Czechoslovakia ."
Ebano Asphalt-Werke Aktiengesellschaft,Pan American Foreign Corporation (Controlled by Standard Oil Co. [N. J.]),USO,AG,Pan-American Foreign Corporation, Ebano Asphaltwerke A. G.,"Vol 1, p. 39","The STANDARD OIL CO . OF INDIANA owns the Pan-American Foreign Corporation , which owns the Ebano Asphaltwerke A. G., capital 9,000,000 R.M."
,Standard I.G.,Others,Others,Standard I.G.,,"Vol 1, p. 39",
Hamburg-Amerikanische Mineralol-G.m.b.H.,Tide Water Associated Oil Co.,USO,GmbH,Tide Water Associated Oil Co.,Hamburg -Amerikanische Mineralölgesellschaft m.b.H. ,"Vol 1, p. 41","The Tide Water Associated Oil Co. owns 93.5% of the Hamburg -Amerikanische Mineralölgesellschaft m.b.H. , capital 2,500,000 RM."
American Express Company mit Beschrankter Haftung,"The American Express company, Incorporated.",USO,GmbH,American Express Company,American Express Co. m.b.H.,"Vol 1, p. 41","The AMERICAN EXPRESS CO. M. B. H. ( 500,000 RM ) of Germany is owned by the American Express Co.Inc. The stock of this concern is owned 99.97 % by the American Express Company , 98% of whose stock is held by the Amerex Holding Co. This last concern by is owned the Chase National Bank and its shareholders ."
Vereinigte Glanzstoff A.G.,"North American Rayon Corporation, Tenessee",USO,AG,"North American Rayon Corporation, Tenessee",Vereinigte Glanzstoff A.G.,"Vol 1, p. 41","The AKU—Algemeene Kunstzijde Unie N. V., Arnhem, Holland owns  almost 100 % of the Vereinigte Glanzstoff A.G.; Vereinigte; Glanzstoff owns a majority of the stock of the North American Rayon Corporation , Tennessee , capital $3,500,000 , to which company it has granted exclusive rights to certain artificial silk patents and processes ."
Fisk Tyre Co. m.b.H.,Fisk Rubber Co.,USO,GmbH,Fisk Rubber Co.,Fisk Tyre Co. m.b.H.,"Vol 1, p. 43","The FISK RUBBER Co. owns the Fisk Tyre Co , m.b.H. , capital 100,000 RM."
Allgemeine Transportmittel Aktiengesellschaft,General American Transportation Corporation,USO,AG,General American Transportation Corporation,Allgemeine Transportmittel Finanzierungs A.G.,"Vol 1, p. 43","The GENERAL AMERICAN TRANSPORTATION CORPORATION owns almost half of the Allgemeine Transportmittel Finanzierungs A. G. (4,000,000 RM ) . Max Epstein , Chairman of the Board of Directors of the General American Transportation Corporation , also sits on the Board of the German firm ."
"Roth-Buchner, G.m.b.H.",Gillette Safety Razor Company,USO,GmbH,Gillette Safety Razor Co.,Roth Buchner G.m.b.H.,"Vol 1, p. 44","The GILLETTE SAFETY RAZOR Co. owns 67 % of the Roth Buchner G.m.b.H., capital 2,860,000 RM., and also owns the Gillette Safety Razor Co. Gm.b.H."
"Gillette Safety Razor Company, G.m.b.H.",Gillette Safety Razor Company,USO,GmbH,Gillette Safety Razor Co.,Gillette Safety Razor Co. G.m.b.H.,"Vol 1, p. 44","The GILLETTE SAFETY RAZOR Co. owns 67 % of the Roth Buchner G.m.b.H., capital 2,860,000 RM., and also owns the Gillette Safety Razor Co. Gm.b.H."
Deutsche Goodrich Compagnie G.m.b.H.,"B. F. Goodrich Rubber Co., Akron, Ohio",USO,GmbH,"B. F. Goodrich Rubber Co., Akron, Ohio",Deutsche Goodrich Compagnie G.m.b.H.,"Vol 1, p. 44","The B. F. GOODRICH RUBBER Co. , Akron , Ohio owns 100 % the International B. F. Goodrich Corporation , which owns the Deutsche Goodrich Compagnie G.m.b.II. ( 100,000 RM ) . In addition , the B. F. Goodrich Rubber Co. has a working agreement with the Continale Cautchoucgesellschaft ."
Continale Cautchoucgesellschaft,"B. F. Goodrich Rubber Co., Akron, Ohio",USO,GmbH,"B. F. Goodrich Rubber Co., Akron, Ohio",Continale Cautchoucgesellschaft,"Vol 1, p. 44","The B. F. GOODRICH RUBBER Co. , Akron , Ohio owns 100 % the International B. F. Goodrich Corporation , which owns the Deutsche Goodrich Compagnie G.m.b.II. ( 100,000 RM ) . In addition , the B. F. Goodrich Rubber Co. has a working agreement with the Continale Cautchoucgesellschaft ."
The Goodyear Tire & Rubber Co. Aktiengesellschaft,The Goodyear Tire & Rubber Company,USO,AG,The Goodyear Tire & Rubber Co.,Goodyear Tire & Rubber Co. A. G.,"Vol 1, p. 44","The GOODYEAR TIRE & RUBBER Co. owns the Goodyear Tire & Rubber Co. A. G. capital 750,000 RM."
Hamburg-Amerika Linie,American Ship & Commerce Corp.,USOP,AG,American Ship and Commerce Corporation (W. A. Harriman),Hamburg- Amerika Linie,"Vol 1, p. 44","The AMERICAN SHIP AND COMMERCE CORPORATION (W. A. Harriman ) owned 10,000,000 RM . of non-voting shares in the Hamburg- Amerika Linie, capital 161,370,200 RM . Due to repeated reorganiza- tions of the latter, the present holdings cannot be accurately gauged ."
Deutsche Johnson A. G.,Johnson & Son. St. Louis,USO,AG,Johnson & Son. St. Louis,Deutsche Johnson A. G.,"Vol 1, p. 44","JOHNSON & SON , St. Louis , owns the Deutsche Johnson A. G. (500,000 RM) ."
"Kayser Textile-Gesellschaft, m. b. H. in Saxony",Julius Kayser & Company,USO,GmbH,Julius Kayser & Co.,Kayser Textile G.m.b.H.,"Vol 1, p. 44",JULIUS KAYSER & Co. owns the Kayser Textile G.m.b.H.
Deutsche Libbey-Owens Gesellschaft für machinelle Glasherstellung A.G.,Libbey-Owens-Ford Glass Company,USO,AG,Libbey-Owens-Ford Glass Co.,Deutsche Libbey -Owens Gesellschaft für machinelle Glasherstellung A. G.,"Vol 1, p. 44","The LIBBEY-OWENS-FORD GLASS Co. owns the Cie. Internationale pour la fabrication mecanique du verre , Belgium . Together with this subsidiary , the Libbey -Owens -Ford Glass Co. owns the Deutsche Libbey -Owens Gesellschaft für machinelle Glasherstellung A. G., capital 11,500,000 RM . Charles Schmettau , Vice - President of Libbey- Owens-Ford, sits on the Board of Directors of Deutsche Libbey- Owens . Deutsche Libbey - Owens holds a minority interest in the Deutsche Tafelglas A. G. ( 6.000.000 RM ) , a consortium of leading German producers of glass ."
Deutsche Tafelglas Aktiengesellschaft (Detag). ,Libbey-Owens-Ford Glass Company,USO,AG,Libbey-Owens-Ford Glass Co.,Deutsche Tafelglas A. G.,"Vol 1, p. 44","The LIBBEY-OWENS-FORD GLASS Co. owns the Cie. Internationale pour la fabrication mecanique du verre , Belgium . Together with this subsidiary , the Libbey -Owens -Ford Glass Co. owns the Deutsche Libbey -Owens Gesellschaft für machinelle Glasherstellung A. G., capital 11,500,000 RM . Charles Schmettau , Vice - President of Libbey- Owens-Ford, sits on the Board of Directors of Deutsche Libbey- Owens . Deutsche Libbey - Owens holds a minority interest in the Deutsche Tafelglas A. G. ( 6.000.000 RM ) , a consortium of leading German producers of glass ."
"Deutsche Norton-Gesellschaft, m.b.H.",Norton Company,USO,GmbH,The Norton Company,Deutsche Norton G.m.b.H.,"Vol 1, p. 44","The NORTON COMPANY (abrasives ) owns the Deutsche Norton G.m.b.H. , capital 1,000,000 RM ."
Preussische Bergwerks- und Hutten Gesellschaft,Amber Mines Inc.,DEO,AG,Amber Mines Inc.,Preussische Bergwerks- und Hutten Gesellschaft,"Vol 1, p. 44","The PREUSSISCHE Bergwerks- UND HUTTEN GESELLSCHAFT owns 100 % the Amber Mines Inc. , capital $ 25,000 ."
F. W. Woolworth Co.,F. W. Woolworth Co.,USO,GmbH,F. W. Woolworth Co.,F. W. Woolworth Co. G.m.b.H.,"Vol 1, p. 44","The F. W. WOOLWORTH Co. owns outright the F. W. Woolworth Co. G.m.b.H. , capital 23,609.000 RM. There are at present 82 Wool- worth stores in Germany. In the past five years, the capital of F. W. Woolworth G.m.b.H. has been increased from 7.500.000 RM to 33.- 000,000 RM , largely as a result of the impossibility of withdrawing profits from Germany. The profit in 1938 was $2,030,000 ; in 1937 $1,750,000 ."
