German subsidiary,US Company,Owned Through (Allied Foreign Organization),link_type,org_type,Vol,Type of Investment,Type of Organization,Percent Owned
Adam Opel Aktiengesellschaft,General Motors Corporation (Overseas Operations),NA,USO,AG,"Vol 1, p. 27",ownership,Corporation (Aktiengesellschaft),100%
"A. B. P. Gefolgschoftsheime, G.m.b.H.",Edward G. Budd Manufacturing Company,"Ambi-Budd Presswerk, G.m.b.H. (Johannisthal, Berlin, Germany)",USO,GmbH,"Vol 1, p. 29",ownership,GmbH,None
Addressograph-Multigraph G.m.b.H.,Addressograph-Multigraph Corporation,NA,USO,GmbH,"Vol 1, p. 31",ownership,GmbH,100%
Adrema Maschinenebau G.m.b.H.,Underwood Elliott Fisher Company,"Mercedes Buromaschinen Werke A. G. (Zella-Mahlis, Germany)",USO,GmbH,"Vol 1, p. 33",ownership,GmbH,100%
Aktiengesellschaft fuer Anlagewerte,"New Jersey Industries, Inc.","Emil Koster Aktiengesellschaft (Rosenthalerstrasse 40/41, Berlin C.2",USO,AG,"Vol 1, p. 35",ownership,Corporation (Aktiengesellschaft),33%
Aktiengesellschaft fuer Anlagewerte,"New Jersey Industries, Inc.","Bella Finanzierungs A.G. (Glarus, Switzerland)",USO,AG,"Vol 1, p. 37",ownership,Corporation (Aktiengesellschaft),50%
"Ahr, Krath and Co.",Delta Finance,NA,USC,Others,"Vol 1, p. 39",Partnership,unknown,NA
"Aktien-Malsfabrik Landsburg, A. G.",Corn Products Refining company,"Gesellschaft für Industriebeteiligungen m.b.H. formerly Deutsche Maizena Gesellschaft (216/218 Spaldingstrasse, Hamburg, Germany)",USO,AG,"Vol 1, p. 41",ownership,Corporation (Aktiengesellschaft),58%
"Allgemeine Erdol Gesellschaft, m.b.H.",Jadev Corporation,"Gewerkschaft Brigitta (Ferdinandstrasse 27 Hanover, Germany",USO,GmbH,"Vol 1, p. 43",ownership,GmbH,100%
Allgemeine Finanzierungs Gesellschaft m.b.H.,General Motors Acceptance Corporation,NA,USO,GmbH,"Vol 1, p. 45",ownership,GmbH,100%
"Allgemeine Oel-Handels, GmbH. (Oelhag)",Standard Oil Company (New Jersey),NA,USO,GmbH,"Vol 1, p. 47",ownership,GmbH,33%
"Allgemeine Oel-Handels, GmbH. (Oelhag)",The Atlantic Refining Company,NA,USO,GmbH,"Vol 1, p. 49",ownership,GmbH,33.3%
"Almco Waschereimaschinen, GmbH",The American Laundry Maschinery Co.,"Canadian Laundry Maschinery Co. Ltd. (47 Sterling Road, Toronto, Canada)",USO,GmbH,"Vol 1, p. 51",ownership,GmbH,100%
Alpenminen A. G.,American-Austrian Magnesite Corporation,"Austrian Magnesite Company Ltd. (5 Pettenbeckstrasse, Munich, Germany)",USO,AG,"Vol 1, p. 53",ownership,Corporation (Aktiengesellschaft),100%
"Ambi-Budd Presswerk, G.m.b.H.",Edward G. Budd Manufacturing Company,NA,USO,GmbH,"Vol 1, p. 55",ownership,GmbH,44.8%
American Express Company mit Beschrankter Haftung,"The American Express company, Incorporated.",NA,USO,GmbH,"Vol 1, p. 57",ownership,GmbH,97.2%
Anker Kohlen & Brikettwerke G.m.b.H.,"Hugo Stinnes Industries, Inc.","Hugo Stinnes G.m.b.H. (Muelheim-Ruhr, Germany)",USO,GmbH,"Vol 1, p. 59",ownership,GmbH,33%
ARMCO Eisen G.m.b.H.,The ARMCO International Corporation,NA,USO,GmbH,"Vol 1, p. 61",ownership,GmbH,100%
Artus Hanse Transport G.m.b.H.,"Hugo Stinnes Industries, Inc.",Kohlen Import & Poseidon A.G. (Koenigsberg (East Prussia) Germany,USO,GmbH,"Vol 1, p. 63",ownership,GmbH,27%
Associated Merchandising Corp. GmbH,Associated Merchandising Corporation,NA,USO,GmbH,"Vol 1, p. 65",ownership,GmbH,100%
Associated Press,Associated Press,NA,USO,Others,"Vol 1, p. 67",branch,Branch,NA
The Atlantic Refining Company Germany GmbH,The Atlantic Refining Company,NA,USO,GmbH,"Vol 1, p. 69",ownership,GmbH,100%
Atreco Oel-Handels GmbH.,The Atlantic Refining Company,The Atlantic Refining Company Germany GmbH,USO,GmbH,"Vol 1, p. 71",ownership,GmbH,100%
"Baruta Import and Export, GmbH",International Telephone and Telegraph Corp.,Telephone Fabrik Berliner A.G.,USO,GmbH,"Vol 1, p. 73",ownership,GmbH,67%
"Baruta Import and Export, GmbH",International Telephone and Telegraph Corp.,Telephone Fabrik Berliner A.G.,USO,GmbH,"Vol 1, p. 75",ownership,GmbH,33%
Bates Maschinen GmbH,St. Regis Paper Co.,NA,USO,GmbH,"Vol 1, p. 77",ownership,GmbH,100%
Bayerische Mineral Industrie AG,Bavarian oil and Gas Corporation,NA,USO,AG,"Vol 1, p. 79",ownership,Corporation (Aktiengesellschaft),90%
Bayerische Reisszeugfabrik AG,Eugene Dietzgen Co.,NA,USO,AG,"Vol 1, p. 81",ownership,Corporation (Aktiengesellschaft),100%
Bekleidungs-Aktiengesellschaft,"New Jersey Industries, Inc.","Emil Koster Aktiengesellschaft (Rosenthalerstrasse 40/41, Berlin C.2",USO,AG,"Vol 1, p. 83",ownership,Corporation (Aktiengesellschaft),99%
Berliner Telephonie AG,International Telephone and Telegraph Corp.,Mix & Genest Aktiengesellschaft,USO,AG,"Vol 1, p. 85",ownership,Corporation (Aktiengesellschaft),100%
J. E. Bernard & Co. G.m.b.H.,J. E. Bernard & Co. Inc.,NA,USO,GmbH,"Vol 1, p. 87",ownership,GmbH,50%
Bernauer & Co.,"Hugo Stinnes Industries, Inc.","Hugo Stinnes G.m.b.H. (Muelheim-Ruhr, Germany)",USO,GmbH,"Vol 1, p. 89",ownership,GmbH,100%
Bernhoeft & Wilde,"Hugo Stinnes Industries, Inc.","Hugo Stinnes G.m.b.H. (Muelheim-Ruhr, Germany)",USO,GmbH,"Vol 1, p. 91",ownership,GmbH,NA
"Betz & Jay, GmbH",Kraft Cheese Company,NA,USO,GmbH,"Vol 1, p. 93",ownership,GmbH,100%
H. B. Blumenthal,"Hugo Stinnes Industries, Inc.","Hugo Stinnes G.m.b.H. (Muelheim-Ruhr, Germany)",USO,GmbH,"Vol 1, p. 95",ownership,GmbH,NA
"Born, Mehring & Co, G.m.b.H.","Hugo Stinnes Industries, Inc.","Hugo Stinnes G.m.b.H. (Muelheim-Ruhr, Germany)",USO,GmbH,"Vol 1, p. 97",ownership,GmbH,100%
"""Borvisk"" Kunstseiden A. G.","Continental ""Borvisk"" Co.",NA,USO,AG,"Vol 1, p. 99",ownership,Corporation (Aktiengesellschaft),NA
"""Borvisk"" Kunstseiden-Vertriebsgesellschaft, m.b.H.","Swiss ""Borvisk"" Company",NA,USO,GmbH,"Vol 1, p. 101",ownership,GmbH,100%
Boston Blacking Company G.m.b.H.,United Shoe Machinery Corporation,NA,USO,GmbH,"Vol 1, p. 105",ownership,GmbH,100%
Brankaer Eisenwerke,The Yale & Towne Manufacturing Company,NA,USO,AG,"Vol 1, p. 107",ownership,Corporation (Aktiengesellschaft),NA
The Brecht Corporation G.m.b.H.,The Brecht Corporation,NA,USO,GmbH,"Vol 1, p. 110",ownership,GmbH,NA
Busscher & Hoffman Aktiengesellschaft,Pan Foreign Corporation,Ebano Asphalt Werke Aktiengesellschaft,USO,AG,"Vol 1, p. 112",ownership,Corporation (Aktiengesellschaft),40%
"Butler Brothers, G.m.b.H.",Butler Brothers,NA,USC,GmbH,"Vol 1, p. 114",Partnership,GmbH,NA
"Butler Brothers, G.m.b.H.",Schoonmaker-Scott Company,NA,USO,GmbH,"Vol 1, p. 116",ownership,GmbH,98%
Cehapon Werk G.m.b.H.,"Hugo Stinnes Industries, Inc.","Hugo Stinnes G.m.b.H. (Muelheim-Ruhr, Germany)",USO,GmbH,"Vol 1, p. 118",ownership,GmbH,100%
Chesebrough Manufacturing Co. G.m.b.H.,Chesebrough Manufacturing Co. Consolidated,NA,USO,GmbH,"Vol 1, p. 120",ownership,GmbH,NA
Coca-Cola G.m.b.H.,"The Coca-Cola Company (101 W. 10th Street Wilmington, Delaware)","The Coca-Cola Company, Limited (Oakely Works, Southfield Road, Acton, London, W4, England)",USO,GmbH,"Vol 1, p. 122",ownership,GmbH,85%
Coca-Cola G.m.b.H.,"The Coca-Cola Company (101 W. 10th Street Wilmington, Delaware)","N. V. Netherlandische Coca-Cola Mij. Velserveg 5, Slotercijk Amsterdam, West Holland",USO,GmbH,"Vol 1, p. 124",ownership,GmbH,9%
Coca-Cola G.m.b.H.,"The Coca-Cola Company (101 W. 10th Street Wilmington, Delaware)","Societe de Placement ""Alimentation"", S. A. (37 Boulevard, Joseph 11, Luxembourg)",USO,GmbH,"Vol 1, p. 127",ownership,GmbH,9%
Coca-Cola G.m.b.H.,"The Coca-Cola Export Corporation (101 W. 10th Street Wilmington, Delaware)",NA,USO,GmbH,"Vol 1, p. 129",ownership,GmbH,6%
Comptometer G.m.b.H.,Felt & Tarrant Mfg. Co.,NA,USO,GmbH,"Vol 1, p. 131",ownership,GmbH,100%
Convertgarten A.G.,Corn Products Refining company,"Gesellschaft für Industriebeteiligungen m.b.H. formerly Deutsche Maizena Gesellschaft (216/218 Spaldingstrasse, Hamburg, Germany)",USO,AG,"Vol 1, p. 133",ownership,Corporation (Aktiengesellschaft),51%
Cosmo Montangesellschaft fuer metallurgische Interessen m.b.H.,American Nickel Alloy Mfg. Corp.,N. V. Chemo Metallurgische Industrie,USO,GmbH,"Vol 1, p. 135",ownership,GmbH,100%
Damm & Ladwig Kommandit Gesellschaft und Dulv Aktiengesellschaft,The Yale & Towne Manufacturing Company,NA,USO,AG,"Vol 1, p. 137",ownership,Corporation (Aktiengesellschaft),NA
Branch-Dr. Deimel's Maschenleinen-Fabrik-(Deimel Linen-Mesh System Co. U.S.A.),The Deimel Linen-Mesh System Company,NA,USO,Others,"Vol 1, p. 140",branch,Branch,NA
Denver Chemical Mfg. Co. G.m.b.H.,Denver Chemical Mfg. Co.,NA,USO,GmbH,"Vol 1, p. 143",ownership,GmbH,100%
Deutsch-Amerikanische Petroleum-Gesellschaft,Standard Oil Company (New Jersey),NA,USO,AG,"Vol 1, p. 145",ownership,Corporation (Aktiengesellschaft),100%
Deutsch-Amerikanische Petroleum-Gesellschaft,Standard Oil Company (New Jersey),NA,USO,AG,"Vol 1, p. 147",ownership,Corporation (Aktiengesellschaft),NA
Deutsche American Shipping Co. (Bremen) G.m.b.H.,"Lykes Bros. Steamship Co., Inc.",NA,USO,GmbH,"Vol 1, p. 149",ownership,GmbH,52%
Deutsche American Shipping Co. (Bremen) G.m.b.H.,"Lykes Bros. Steamship Co., Inc.",NA,USO,GmbH,"Vol 1, p. 151",ownership,GmbH,100%
Deustche Babcock & Wilcock,The Babcock & Wilcox Company,NA,USO,AG,"Vol 1, p. 153",ownership,Corporation (Aktiengesellschaft),42%
Deutsche Burroughs Rechenmaschinen AG,Burroughs Adding Machine Company,NA,USO,AG,"Vol 1, p. 155",ownership,Corporation (Aktiengesellschaft),100%
Deutsche Carborumdum Werke,The Melltone Corporation,NA,USO,GmbH,"Vol 1, p. 157",ownership,GmbH,100%
Deutsche-Fox Film A.G.,Twentieth Century-Fox Film Corp.,NA,USO,AG,"Vol 1, p. 159",ownership,Corporation (Aktiengesellschaft),100%
Deutsche Gasolin AG,Standard Oil Company (New Jersey),Deutsch-Amerikanische Petroleum-Gesellschaft,USO,AG,"Vol 1, p. 161",ownership,Corporation (Aktiengesellschaft),25%
Deutsche Heraklith A.G.,American -Austrian Magnesite Corporation,Kaningwerk A.G.,USO,AG,"Vol 1, p. 163",ownership,Corporation (Aktiengesellschaft),75%
Deutsche Heraklith A.G.,American -Austrian Magnesite Corporation,"Austrian Magnesite Company Ltd. (5 Pettenbeckstrasse, Munich, Germany)",USO,AG,"Vol 1, p. 165",ownership,Corporation (Aktiengesellschaft),25%
"Deutsche Hollerith Maschinen Gesellschaft, m.b.H.",International Business Machine Corp.,NA,USO,GmbH,"Vol 1, p. 167",ownership,GmbH,90%
"Deutsche Houghton Fabrik, K. G.",E. F. Houghton & Company,NA,USC,Others,"Vol 1, p. 169",Partnership,Kommanditgesellschaft,NA
Deutsche Landerbank Aktiengesellschaft,Standard Oil Company (New Jersey),Deutsch-Amerikanische Petroleum-Gesellschaft,USO,AG,"Vol 1, p. 171",ownership,Corporation (Aktiengesellschaft),34%
"Deutsche Libby Gesellschaft, m.b.H.","Libby, McNeill & Libby",NA,USO,GmbH,"Vol 1, p. 173",ownership,GmbH,50%
Deutsche Maizena Werke AG,Bedford Construction Co.,NA,USO,AG,"Vol 1, p. 175",ownership,Corporation (Aktiengesellschaft),NA
Deutsche Maizena Werke AG,Corn Products Refining company,NA,USO,AG,"Vol 1, p. 177",ownership,Corporation (Aktiengesellschaft),100%
"Deutsche Norton-Gesellschaft, m.b.H.",Norton Company,NA,USO,GmbH,"Vol 1, p. 180",ownership,GmbH,100%
"Defaka, Deustche Familienkaufhaus G.m.b.H.","New Jersey Industries, Inc.","Emil Koster Aktiengesellschaft (Rosenthalerstrasse 40/41, Berlin C.2",USO,GmbH,"Vol 1, p. 183",ownership,GmbH,100%
Deutsche Schollwerke G.m.b.H.,"The Scholl Mfg. Co., Inc.",NA,USO,GmbH,"Vol 1, p. 185",ownership,GmbH,100%
Deutsche Underwood Elliott Fisher G.m.b.H.,Underwood Elliott Fisher Company,"Mercedes Buromaschinen Werke A. G. (Zella-Mahlis, Germany)",USO,GmbH,"Vol 1, p. 187",ownership,GmbH,100%
Deutsche Underwood Elliott Fisher G.m.b.H.,Underwood Elliott Fisher Company,NA,USO,GmbH,"Vol 1, p. 189",ownership,GmbH,NA
"Deutsche Universal Film, A.G.","Universal Picture Co., Inc.",NA,USO,AG,"Vol 1, p. 191",ownership,Corporation (Aktiengesellschaft),100%
Deutsche Vacuum Oel AG,"Socony-Vacuum Oil Company, Inc.",NA,USO,AG,"Vol 1, p. 193",ownership,Corporation (Aktiengesellschaft),100%
Deutsche Vereinigte Schuhmaschinen Gesellschaft,United Shoe Machinery Corporation,NA,USO,GmbH,"Vol 1, p. 204",ownership,GmbH,100%
Deutsche Worthington Gesellschaft m.b.H.,Worthington Pump and Machinery Corp.,NA,USO,GmbH,"Vol 1, p. 206",ownership,GmbH,100%
Dietaphone Co. m.b.H.,Dietaphone Corporation,NA,USO,GmbH,"Vol 1, p. 208",ownership,GmbH,100%
Paul Dorff A.G.,"Hugo Stinnes Industries, Inc.","Hugo Stinnes G.m.b.H. (Muelheim-Ruhr, Germany)",USO,AG,"Vol 1, p. 210",ownership,Corporation (Aktiengesellschaft),NA
Dorr Gesellschaft m.b.H.,The Dorr Co.,NA,USO,GmbH,"Vol 1, p. 212",ownership,GmbH,100%
Duco AG,E.I. du Pont de Nemours and Company,NA,USO,AG,"Vol 1, p. 214",ownership,Corporation (Aktiengesellschaft),59%
Dumont,"Hugo Stinnes Industries, Inc.","Hugo Stinnes G.m.b.H. (Muelheim-Ruhr, Germany)",USO,Others,"Vol 1, p. 216",ownership,Branch,NA
"Durer Scheifmittel, G.m.b.H.",The Durer Corporation,NA,USO,GmbH,"Vol 1, p. 218",ownership,GmbH,100%
Ebano Asphalt-Werke Aktiengesellschaft,Pan Foreign Corporation,NA,USO,AG,"Vol 1, p. 220",ownership,Corporation (Aktiengesellschaft),100%
Eberhard Faber Kommanditgesellschaft,Eberhard Faber Pencil Company,NA,USO,Others,"Vol 1, p. 222",ownership,Kommanditgesellschaft,NA
Eisenhof G.m.b.H.,"Hugo Stinnes Industries, Inc.",Hamburger Hof A.G.,USO,GmbH,"Vol 1, p. 224",ownership,GmbH,83%
Eisenlager G.m.b.H.,Hugo Stinnes Corporation,"Eisenhof, G.m.b.H.",USO,GmbH,"Vol 1, p. 226",ownership,GmbH,80%
Ch. Eitingon AG,"Eitingon Schild Co., Inc.",NA,USO,AG,"Vol 1, p. 228",ownership,Corporation (Aktiengesellschaft),100%
missing,,,USO,Others,"Vol 1, p. 229",ownership,,NA
Elisabeth Arden G.m.b.H.,Arden Investing Co.,"Arden Foundation Co., Ltd.",USO,GmbH,"Vol 1, p. 231",ownership,GmbH,100%
"Emas Gesellschaft Fuer Strassenbaubedarf, m.b.H.",Pan Foreign Corporation,Ebano Asphalt Werke Aktiengesellschaft,USO,GmbH,"Vol 1, p. 233",ownership,GmbH,100%
Emil Frei Art Glass Co.,Emil Frei Inc.,NA,USO,Others,"Vol 1, p. 235",branch,Branch,NA
Equitable Life Assurance Society of the United States,Equitable Life Assurance Society of the United States,NA,USO,Others,"Vol 1, p. 238",branch,Branch,NA
"Erdolbergbau A.G., Celle","Socony-Vacuum Oil Company, Inc.","Deutsche Vacuum Oel, A.G.",USO,AG,"Vol 1, p. 240",ownership,Corporation (Aktiengesellschaft),100%
Edoel-Bergbau Aktiengesellschaft Celle Norddeutsche Mineraloel Aktiengesellschaft,Magdalena Syndicate,NA,USO,AG,"Vol 1, p. 242",ownership,Corporation (Aktiengesellschaft),100%
Erkensator G.m.b.H.,"New England Industries, Inc.",Maschinenfabriken Wagner-Doerries Aktiengesellschaft (formerly: Maschinenfabrik Aktiengesellschaft vorm. Wagner & Co. ),USO,GmbH,"Vol 1, p. 244",ownership,GmbH,100%
Ethyl Gesellschaft m.b.H.,The Forak Company,"The Associated Ethyl Company Limited (London, England)",USO,GmbH,"Vol 1, p. 246",ownership,GmbH,50%
Europäische Tanklager und Transport AG,"Davis & Company, Incorporated","Crusader Petroleum Industries, Ltd. (London, England)",USO,AG,"Vol 1, p. 248",ownership,Corporation (Aktiengesellschaft),NA
The Fairbanks G.m.b.H. Company,The Fairbanks Company,"The Fairbanks Company of Europe, Ltd. (London, England)",USO,GmbH,"Vol 1, p. 250",ownership,GmbH,100%
Farsals-Gesellschaft m.b.H.,American Cyanamid Company,NA,USO,GmbH,"Vol 1, p. 252",ownership,GmbH,40%
Ferdinand Schuchhardt Berliner Fernsprech-und Telegraphenwerk AG,International Telephone and Telegraph Corp.,Standard Elektizitats Gesellschaft A.G.,USO,AG,"Vol 1, p. 254",ownership,Corporation (Aktiengesellschaft),98%
Finkenheerder Obstwerke Richard Sonnenberg AG,Corn Products Refining company,NA,USO,AG,"Vol 1, p. 258",ownership,Corporation (Aktiengesellschaft),33%
Finkenheerder Obstwerke Richard Sonnenberg AG,Corn Products Refining company,Deutsche Maizena Werke A.G.,USO,AG,"Vol 1, p. 260",ownership,Corporation (Aktiengesellschaft),67%
Ford-Werke AG,Ford Motor Company,"Ford Investment Co., Ltd. (London, England)",USO,AG,"Vol 1, p. 262",ownership,Corporation (Aktiengesellschaft),6%
Ford-Werke AG,Ford Motor Company,NA,USO,AG,"Vol 1, p. 264",ownership,Corporation (Aktiengesellschaft),52%
Fox Tönende Wochenschau Aktiengesellschaft,Twentieth Century-Fox Film Corp.,NA,USO,AG,"Vol 1, p. 266",ownership,Corporation (Aktiengesellschaft),100%
Fraenkischer Metallhandel G.m.b.H.,"Hugo Stinnes Industries, Inc.","Hugo Stinnes G.m.b.H. (Muelheim-Ruhr, Germany)",USO,GmbH,"Vol 1, p. 268",ownership,GmbH,100%
Fr. Wwe. Wesseling G.m.b.H.,"Hugo Stinnes Industries, Inc.","Hugo Stinnes G.m.b.H. (Muelheim-Ruhr, Germany)",USO,GmbH,"Vol 1, p. 270",ownership,GmbH,100%
"Freidreichstrasse, 12, G.m.b.H.","Hugo Stinnes Industries, Inc.",NA,USO,GmbH,"Vol 1, p. 272",ownership,GmbH,75%
"Freidreichstrasse, 12, G.m.b.H.",Hugo Stinnes Corporation,"Hugo Stinnes G.m.b.H. (Muelheim-Ruhr, Germany)",USO,GmbH,"Vol 1, p. 274",ownership,GmbH,15%
Frigidaire G.m.b.H.,General Motors Corporation (Overseas Operations),Adam Opel Aktiengesellschaft,USO,GmbH,"Vol 1, p. 276",ownership,GmbH,100%
"Fuerstenhof Carlton Hotel, A.G.",Hugo Stinnes Corporation,NA,USO,AG,"Vol 1, p. 278",ownership,Corporation (Aktiengesellschaft),80%
Fuhr-Betrieb G.m.b.H.,"Hugo Stinnes Industries, Inc.","Hugo Stinnes G.m.b.H. (Muelheim-Ruhr, Germany)",USO,GmbH,"Vol 1, p. 280",ownership,GmbH,100%
Fullnerwerk G.m.b.H.,"New England Industries, Inc.",Maschinenfabriken Wagner-Doerries Aktiengesellschaft (formerly: Maschinenfabrik Aktiengesellschaft vorm. Wagner & Co. ),USO,GmbH,"Vol 1, p. 282",ownership,GmbH,100%
Gebrueder Boewen G.m.b.H.,"Hugo Stinnes Industries, Inc.","Hugo Stinnes G.m.b.H. (Muelheim-Ruhr, Germany)",USO,GmbH,"Vol 1, p. 284",ownership,GmbH,100%
Gebrueder Born G.m.b.H.,"Hugo Stinnes Industries, Inc.","Hugo Stinnes G.m.b.H. (Muelheim-Ruhr, Germany)",USO,GmbH,"Vol 1, p. 286",ownership,GmbH,100%
Gebrueder Hein G.m.b.H.,"Hugo Stinnes Industries, Inc.","Hugo Stinnes G.m.b.H. (Muelheim-Ruhr, Germany)",USO,GmbH,"Vol 1, p. 288",ownership,GmbH,NA
Gemeinnutsige Opel - Wohnban - G.m.b.H.,General Motors Corporation (Overseas Operations),Adam Opel Aktiengesellschaft,USO,GmbH,"Vol 1, p. 290",ownership,GmbH,90%
General Motors G.m.b.H.,General Motors Corporation (Overseas Operations),NA,USO,GmbH,"Vol 1, p. 292",ownership,GmbH,100%
Gewerkschaft Alfred,"Socony-Vacuum Oil Company, Inc.","Deutsche Vacuum Oel, A.G.",USO,Others,"Vol 1, p. 294",ownership,Gewerkschaft,100%
Gewerkschaft Ave 5,"Socony-Vacuum Oil Company, Inc.","Deutsche Vacuum Oel, A.G.",USO,Others,"Vol 1, p. 296",ownership,Gewerkschaft,60%
Gewerkschaft Brigitta,Jadev Corporation,NA,USC,Others,"Vol 1, p. 298",Partnership,Gewerkschaft,NA
Gewerkschaft Carolus Magnus,"Hugo Stinnes Industries, Inc.","Hugo Stinnes G.m.b.H. (Muelheim-Ruhr, Germany)",USO,Others,"Vol 1, p. 300",ownership,Gewerkschaft,25%
Gewerkschaft Carlsburg III,"Socony-Vacuum Oil Company, Inc.","Deutsche Vacuum Oel, A.G.",USO,Others,"Vol 1, p. 302",ownership,Gewerkschaft,50%
Gewerkschaft Diergardt-Mevissen,"Hugo Stinnes Industries, Inc.","Hugo Stinnes G.m.b.H. (Muelheim-Ruhr, Germany)",USO,Others,"Vol 1, p. 304",ownership,Gewerkschaft,NA
Gewerkschaft Konberg II,"Socony-Vacuum Oil Company, Inc.","Deutsche Vacuum Oel, A.G.",USO,Others,"Vol 1, p. 306",ownership,Gewerkschaft,60%
Gew. Lintorfer Erzbergwerke,Hugo Stinnes Corporation,NA,USO,Others,"Vol 1, p. 308",ownership,Gewerkschaft,90%
Gew. Lintorfer Erzbergwerke,Hugo Stinnes Corporation,Hamburger Hof A.G.,USO,Others,"Vol 1, p. 310",ownership,Gewerkschaft,10%
Gewerkschaft Mathias Stinnes,"Hugo Stinnes Industries, Inc.","Hugo Stinnes G.m.b.H. (Muelheim-Ruhr, Germany)",USO,Others,"Vol 1, p. 312",ownership,Gewerkschaft,55%
Gewerkschaft Ostfeld 1,"Socony-Vacuum Oil Company, Inc.","Deutsche Vacuum Oel, A.G.",USO,Others,"Vol 1, p. 314",ownership,Gewerkschaft,60%
Gew. Selbecker Bergwerks Verein,"Hugo Stinnes Industries, Inc.",NA,USO,Others,"Vol 1, p. 316",ownership,Gewerkschaft,20%
Gew. Selbecker Bergwerks Verein,"Hugo Stinnes Industries, Inc.","Hugo Stinnes G.m.b.H. (Muelheim-Ruhr, Germany)",USO,Others,"Vol 1, p. 318",ownership,Gewerkschaft,80%
Gesellschaft fur Industriebeteiligungen m.b.H.,Corn Products Refining company,NA,USO,GmbH,"Vol 1, p. 320",ownership,GmbH,100%
Gesellschaft fur markt und schgerechte Werberatung,"Mccann-Erickson, Inc.","H. K. Mccann Company, m.b.H.",USO,GmbH,"Vol 1, p. 323",ownership,GmbH,100%
Gesellschaft Fur Telephon-und Telegraphenbeteilungen m.b.H.,International Telephone and Telegraph Corp.,NA,USO,GmbH,"Vol 1, p. 325",ownership,GmbH,100%
"Gillette Safety Razor Company, G.m.b.H.",Gillette Safety Razor Company,NA,USO,GmbH,"Vol 1, p. 327",ownership,GmbH,100%
Glaswerke Ruhr A.G.,"Hugo Stinnes Industries, Inc.","Hugo Stinnes G.m.b.H. (Muelheim-Ruhr, Germany)",USO,AG,"Vol 1, p. 329",ownership,Corporation (Aktiengesellschaft),NA
"""Gluckauf"" Deutsche Oel Gesellschaft Hersfeld & Co., G.m.b.H.",Standard Oil Company (New Jersey),Deutsch-Amerikanische Petroleum-Gesellschaft,USO,GmbH,"Vol 1, p. 331",ownership,GmbH,100%
Gluckskles Import and Export Gesellschaft m.b.H.,International Finance Company,NA,USO,GmbH,"Vol 1, p. 333",ownership,GmbH,55%
Gluckskles Michgesellschaft m.b.H.,International Finance Company,NA,USO,GmbH,"Vol 1, p. 335",ownership,GmbH,100%
Godecke & Co. Chemische Fabrik A.G.,"William R. Warner & Co., Inc.",NA,USO,AG,"Vol 1, p. 337",ownership,Corporation (Aktiengesellschaft),NA
Godecke & Co. Chemische Fabrik A.G.,International Affiliated Corporation,NA,USO,AG,"Vol 1, p. 339",ownership,Corporation (Aktiengesellschaft),50%
Godecke & Co. Chemische Fabrik und Export A.G.,"William R. Warner & Co., Inc.",NA,USO,AG,"Vol 1, p. 341",ownership,Corporation (Aktiengesellschaft),NA
Godecke & Co. Chemische Fabrik und Export A.G.,International Affiliated Corporation,NA,USO,AG,"Vol 1, p. 343",ownership,Corporation (Aktiengesellschaft),50%
Great American Insurance Co. - Home Insurance Co. - Hartford Fire Insurance Co.,American Foreign Insurance Association,NA,USO,Others,"Vol 1, p. 345",branch,Branch,NA
"The Guardian Life Insurance Company of America, European Branch, German Business",The Guardian Life Insurance Company of America,NA,USO,Others,"Vol 1, p. 347",branch,Branch,NA
E. Gundlach A.G.,Corn Products Refining company,"Gesellschaft für Industriebeteiligungen m.b.H. formerly Deutsche Maizena Gesellschaft (216/218 Spaldingstrasse, Hamburg, Germany)",USO,AG,"Vol 1, p. 350",ownership,Corporation (Aktiengesellschaft),29%
Hamburg-Amerikanische Mineralol-G.m.b.H.,Tide Water Associated Oil Co.,NA,USO,GmbH,"Vol 1, p. 352",ownership,GmbH,100%
Hamburger Hof A.G.,Hugo Stinnes Corporation,NA,USO,AG,"Vol 1, p. 354",ownership,Corporation (Aktiengesellschaft),100%
B.K.S. Handelsgesellschaft m.b.H.,The Yale & Towne Manufacturing Company,NA,USO,GmbH,"Vol 1, p. 356",ownership,GmbH,100%
Hanseatische Grundbitz Gesellschaft m.b.H.,Swift and Company (Illinois),NA,USO,GmbH,"Vol 1, p. 358",ownership,GmbH,100%
Haskins & Sells Revision-Gesellschaft m.b.H.,Haskins & Sells,NA,USO,GmbH,"Vol 1, p. 360",ownership,GmbH,100%
H. W. Heidman,"Hugo Stinnes Industries, Inc.","Hugo Stinnes G.m.b.H. (Muelheim-Ruhr, Germany)",USO,Others,"Vol 1, p. 362",branch,Branch,NA
A. S. Hinds AG,Lehn & Pink Products Corporation,NA,USO,AG,"Vol 1, p. 364",ownership,Corporation (Aktiengesellschaft),100%
"G. Hirsch & Sohn, G.m.b.H. Nuremberg, Germany","G. Hirsch Sons, Inc.",NA,USO,GmbH,"Vol 1, p. 366",ownership,GmbH,NA
"Hobart Maschinen Gesellschaft, m.b.H.",The Hobart Manufacturing Company,NA,USO,GmbH,"Vol 1, p. 368",ownership,GmbH,100%
Hoffman Bugelmaschinen Gesellschaft m.b.H.,United States Hoffman Machinery Corporation,NA,USO,GmbH,"Vol 1, p. 370",ownership,GmbH,100%
Holm & Molzen G.m.b.H.,"Hugo Stinnes Industries, Inc.","Hugo Stinnes G.m.b.H. (Muelheim-Ruhr, Germany)",USO,GmbH,"Vol 1, p. 372",ownership,GmbH,50%
Holzwarth Gasturbinen,Schilling Estate Company,NA,USO,GmbH,"Vol 1, p. 374",ownership,GmbH,85%
Hoover G.m.b.H.,The Hoover Co.,NA,USO,GmbH,"Vol 1, p. 376",ownership,GmbH,100%
Hotel Atlantic A.G.,Hugo Stinnes Corporation,NA,USO,AG,"Vol 1, p. 378",ownership,Corporation (Aktiengesellschaft),82%
Hotel Atlantic A.G.,Hugo Stinnes Corporation,"Hugo Stinnes G.m.b.H. (Muelheim-Ruhr, Germany)",USO,AG,"Vol 1, p. 380",ownership,Corporation (Aktiengesellschaft),19%
Houghton Deutsche Fabrik K.G.,E. F. Houghton & Company,NA,USC,Others,"Vol 1, p. 382",Partnership,Kommanditgesellschaft,NA
Richard Hudnut G.m.b.H.,International Affiliated Corporation,NA,USO,GmbH,"Vol 1, p. 384",ownership,GmbH,100%
Hudson Esser Motors Company M.H.,Hudson Motor Car Company,NA,USO,GmbH,"Vol 1, p. 386",ownership,GmbH,100%
Hugo Stinnes G.m.b.H.,"Hugo Stinnes Industries, Inc.",NA,USO,GmbH,"Vol 1, p. 388",ownership,GmbH,46%
Hugo Stinnes G.m.b.H.,"Hugo Stinnes Industries, Inc.",Hugo Stinnes Reederei A.G.,USO,GmbH,"Vol 1, p. 390",ownership,GmbH,28%
Hugo Stinnes Reederei A.G.,"Hugo Stinnes Industries, Inc.",NA,USO,AG,"Vol 1, p. 392",ownership,Corporation (Aktiengesellschaft),40%
Hugo Stinnes Reederei A.G.,"Hugo Stinnes Industries, Inc.",N. V. Hugo Stinnes Handel en Transport Mij.,USO,AG,"Vol 1, p. 394",ownership,Corporation (Aktiengesellschaft),35%
Robert W. Hunt Company,Robert W. Hunt Company,"Robert W. Hunt Company (London, England)",USO,Others,"Vol 1, p. 396",branch,Branch,NA
Dr. Erich F. Huth G.m.b.H.,International Telephone and Telegraph Corp.,"C. Lorenz, A.G.",USO,GmbH,"Vol 1, p. 398",ownership,GmbH,51%
Industrie-Export Aktiengesellschaft,"New Jersey Industries, Inc.","Emil Koster Aktiengesellschaft (Rosenthalerstrasse 40/41, Berlin C.2",USO,AG,"Vol 1, p. 400",ownership,Corporation (Aktiengesellschaft),100%
Industrie lackwerke A.G.,Hugo Stinnes Corporation,"Hugo Stinnes G.m.b.H. (Muelheim-Ruhr, Germany)",USO,AG,"Vol 1, p. 402",ownership,Corporation (Aktiengesellschaft),18%
Injecta Aktiengesellschaft zur Fabrikation Chiurgischer Instruments,"New Jersey Industries, Inc.","Bella Finanzierungs A.G. (Glarus, Switzerland) and Aktiengesellschaft Fuer Anlagewerte (Berlin, Germany)",USO,AG,"Vol 1, p. 404",ownership,Corporation (Aktiengesellschaft),100%
Injecta Aktiengesellschaft zur Fabrikation Chiurgischer Instruments,"New Jersey Industries, Inc.","Emil Koster Aktiengesellschaft (Rosenthalerstrasse 40/41, Berlin C.2",USO,AG,"Vol 1, p. 406",ownership,Corporation (Aktiengesellschaft),100%
Intava Arbeitsgemeinschaft Der Deutsche-Amerikanischen Petroleum-Gesellschaft Und Der Deutschen Vacuum Oil - Aktiengesellschaft Fur Entwicklung Und Vertrieb Von Luftfahrt-Kraft- Und Schmierstoffen,"Socony-Vacuum Oil Company, Inc.","Deutsche Vacuum Oel, A.G.",USO,Others,"Vol 1, p. 408",ownership,Arbeitsgemeinschaft,NA
Intava Arbeitsgemeinschaft Der Deutsche-Amerikanischen Petroleum-Gesellschaft Und Der Deutschen Vacuum Oil - Aktiengesellschaft Fur Entwicklung Und Vertrieb Von Luftfahrt-Kraft- Und Schmierstoffen,Standard Oil Company (New Jersey),Deutsch-Amerikanische Petroleum-Gesellschaft,USO,Others,"Vol 1, p. 410",ownership,Arbeitsgemeinschaft,50%
"International Harvester Company, m.b.H.",International Harvester Company,NA,USO,GmbH,"Vol 1, p. 412",ownership,GmbH,100%
"International Harvester Company, m.b.H.",International Harvester Export Co.,NA,USO,GmbH,"Vol 1, p. 414",ownership,GmbH,NA
Internationale Pressluft und Elektricitats Gesellschaft m.b.H. (Ipeg),Chicago Pneumatic Tool Co.,NA,USO,GmbH,"Vol 1, p. 416",ownership,GmbH,100%
Intertype Fabrik G.m.b.H.,Intertype Corporation,Intertype Setzmaschinen G.m.b.H.,USO,GmbH,"Vol 1, p. 418",ownership,GmbH,100%
Intertype Setzmaschinen G.m.b.H.,Intertype Corporation,NA,USO,GmbH,"Vol 1, p. 420",ownership,GmbH,100%
Iris Type G.m.b.H.,Underwood Elliott Fisher Company,"Mercedes Buromaschinen Werke A. G. (Zella-Mahlis, Germany)",USO,GmbH,"Vol 1, p. 422",ownership,GmbH,100%
Ivers & Company,"Hugo Stinnes Industries, Inc.",Kohlen Import & Poseidon A.G. (Koenigsberg (East Prussia) Germany),USO,Others,"Vol 1, p. 424",branch,Branch,100%
Jacob Trefz & Soehne,"Hugo Stinnes Industries, Inc.","Hugo Stinnes G.m.b.H. (Muelheim-Ruhr, Germany)",USO,GmbH,"Vol 1, p. 426",ownership,GmbH,NA
Jahresuhren Fabrik G.m.b.H.,Remington Rand Inc.,Kardex A. G.,USO,GmbH,"Vol 1, p. 428",ownership,GmbH,NA
Jocca Werke G.m.b.H.,Kraft Cheese Company,Kraft Kaese Werke G.m.b.H.,USO,GmbH,"Vol 1, p. 430",ownership,GmbH,100%
Kaehler,"Hugo Stinnes Industries, Inc.","Hugo Stinnes G.m.b.H. (Muelheim-Ruhr, Germany)",USO,Others,"Vol 1, p. 432",branch,Branch,NA
Kardex Akt.-Ges. fir Büroartikel,Remington Rand Inc.,NA,USO,AG,"Vol 1, p. 434",ownership,Corporation (Aktiengesellschaft),64%
Kardex Akt.-Ges. fir Büroartikel,Remington Rand Inc.,Kardex System G.m.b.H.,USO,AG,"Vol 1, p. 436",ownership,Corporation (Aktiengesellschaft),30%
Kardex System G.m.b.H.,Remington Rand Inc.,NA,USO,GmbH,"Vol 1, p. 438",ownership,GmbH,100%
Karl Fr. Tollner Nachrmittelfabrik G.m.b.H.,Corn Products Refining company,Mondamin Gesellschaft m.b.H.,USO,GmbH,"Vol 1, p. 440",ownership,GmbH,50%
Walter Kidde G.m.b.H.,Walter Kidde & Company,NA,USO,GmbH,"Vol 1, p. 442",ownership,GmbH,100%
"Kleinerts Hanseatische, Gummiwerke Gesellschaft mit beschankter Haftung",I. B. Kleinert Rubbert Company,NA,USO,GmbH,"Vol 1, p. 444",ownership,GmbH,100%
C. H. Knorr A.G.,Corn Products Refining company,NA,USO,AG,"Vol 1, p. 446",ownership,Corporation (Aktiengesellschaft),11%
C. H. Knorr A.G.,Corn Products Refining company,"Gesellschaft für Industriebeteiligungen m.b.H. formerly Deutsche Maizena Gesellschaft (216/218 Spaldingstrasse, Hamburg, Germany)",USO,AG,"Vol 1, p. 448",ownership,Corporation (Aktiengesellschaft),5%
Kodak Aktiengesellschaft,Pown Corporation,NA,USO,AG,"Vol 1, p. 450",ownership,Corporation (Aktiengesellschaft),5%
Kodak Aktiengesellschaft,Eastman Kodak Company,NA,USO,AG,"Vol 1, p. 452",ownership,Corporation (Aktiengesellschaft),95%
Kohlen Import & Poseidon A.G.,"Hugo Stinnes Industries, Inc.",NA,USO,AG,"Vol 1, p. 454",ownership,Corporation (Aktiengesellschaft),40%
Kohlen Import & Poseidon A.G.,"Hugo Stinnes Industries, Inc.","Hugo Stinnes G.m.b.H. (Muelheim-Ruhr, Germany)",USO,AG,"Vol 1, p. 456",ownership,Corporation (Aktiengesellschaft),60%
"Kohlenscheidungs-Gesellschaft, m.b.H.",Combustion Engineering Co. Inc.,"N. V. Carbo-Union Industrie Mastschappij (Rotterdam, Holland)",USO,GmbH,"Vol 1, p. 458",ownership,GmbH,51%
Kohleverkauf Ludwig Jung G.m.b.H.,"Hugo Stinnes Industries, Inc.","Hugo Stinnes G.m.b.H. (Muelheim-Ruhr, Germany)",USO,GmbH,"Vol 1, p. 460",ownership,GmbH,50%
Kohler-Werke G.m.b.H.,Kraft Cheese Company,Kraft Kaese Werke G.m.b.H.,USO,GmbH,"Vol 1, p. 462",ownership,GmbH,100%
Koehlmann Werke A.G.,Corn Products Refining company,"Gesellschaft für Industriebeteiligungen m.b.H. formerly Deutsche Maizena Gesellschaft (216/218 Spaldingstrasse, Hamburg, Germany)",USO,AG,"Vol 1, p. 464",ownership,Corporation (Aktiengesellschaft),48%
Koenig Medicine Company,Koenig Medicine Co.,NA,USOP,Others,"Vol 1, p. 466",unknown,unknown,NA
Koenigsberger Kohlen & Koks G.m.b.H.,"Hugo Stinnes Industries, Inc.",Kohlen Import & Poseidon A.G. (Koenigsberg (East Prussia) Germany),USO,GmbH,"Vol 1, p. 468",ownership,GmbH,100%
Emil Koster Aktiengesellschaft,"New Jersey Industries, Inc.",NA,USO,AG,"Vol 1, p. 470",ownership,Corporation (Aktiengesellschaft),100%
Kraft Kaese Werke G.m.b.H.,Kraft Cheese Company,NA,USO,GmbH,"Vol 1, p. 473",ownership,GmbH,100%
Kraft Kaese Werke G.m.b.H.,Kraft Cheese Company,"Kraft Cheese Company Ltd. (Middlesex, England)",USO,GmbH,"Vol 1, p. 475",ownership,GmbH,NA
Kristall Glaswerk A.G.,"Hugo Stinnes Industries, Inc.","Hugo Stinnes G.m.b.H. (Muelheim-Ruhr, Germany)",USO,AG,"Vol 1, p. 477",ownership,Corporation (Aktiengesellschaft),NA
Lindor Werke G.m.b.H.,Kraft Cheese Company,Kraft Kaese Werke G.m.b.H.,USO,GmbH,"Vol 1, p. 479",ownership,GmbH,100%
"Linotype, G.m.b.H.",Mergenthaler Linotype Company,"Mergenthaler Setzmaschinen-Fabrik (Berlin, Germany)",USO,GmbH,"Vol 1, p. 481",ownership,GmbH,100%
"Lohse, Gustave A.G.",Richard Hudnut,NA,USO,AG,"Vol 1, p. 483",ownership,Corporation (Aktiengesellschaft),NA
"Lohse, Gustave A.G.",International Affiliated Corporation,NA,USO,AG,"Vol 1, p. 485",ownership,Corporation (Aktiengesellschaft),50%
"Lorenz, C. A.G.",International Standard Electric Corp.,NA,USO,AG,"Vol 1, p. 487",ownership,Corporation (Aktiengesellschaft),NA
"Lorenz, C. A.G.",International Telephone and Telegraph Corp.,NA,USO,AG,"Vol 1, p. 489",ownership,Corporation (Aktiengesellschaft),98.74%
Lorenz Radio Vertriebe G.m.b.H.,International Telephone and Telegraph Corp.,"C. Lorenz, A.G.",USO,GmbH,"Vol 1, p. 493",ownership,GmbH,100%
Ludwig Sudicates G.m.b.H.,International Telephone and Telegraph Corp.,Baruta Import & Export GmbH,USO,GmbH,"Vol 1, p. 495",ownership,GmbH,2%
Ludwig Sudicates G.m.b.H.,International Telephone and Telegraph Corp.,Telephone Fabrik Berliner A.G.,USO,GmbH,"Vol 1, p. 497",ownership,GmbH,98%
"H. K. Mccann Company, m.b.H.","Mccann-Erickson, Inc.",NA,USO,GmbH,"Vol 1, p. 499",ownership,GmbH,100%
Maizenhaus Gesellschaft m.b.H.,Corn Products Refining company,"Gesellschaft für Industriebeteiligungen m.b.H. formerly Deutsche Maizena Gesellschaft (216/218 Spaldingstrasse, Hamburg, Germany)",USO,GmbH,"Vol 1, p. 501",ownership,GmbH,100%
Maizenhaus Gesellschaft m.b.H.,Corn Products Refining company,NA,USO,GmbH,"Vol 1, p. 503",ownership,GmbH,100%
Markt & Co.,Markt & Hammacher Co.,NA,USOP,Others,"Vol 1, p. 505",unknown,unknown,NA
Markt & Co.,Markt & Co. Inc.,NA,USO,Others,"Vol 1, p. 507",branch,Branch,NA
Maschinen-Export G.m.b.H.,"New England Industries, Inc.",Maschinenfabriken Wagner-Doerries Aktiengesellschaft (formerly: Maschinenfabrik Aktiengesellschaft vorm. Wagner & Co. ),USO,GmbH,"Vol 1, p. 509",ownership,GmbH,100%
Maschinenfabrik Banning & Seybold A.G.,"New England Industries, Inc.",Maschinenfabriken Wagner-Doerries Aktiengesellschaft (formerly: Maschinenfabrik Aktiengesellschaft vorm. Wagner & Co. ),USO,AG,"Vol 1, p. 511",ownership,Corporation (Aktiengesellschaft),100%
Maschinenfabril EINSIEDEL G.m.b.H.,"Robert Reiner, Incorporated",NA,USO,GmbH,"Vol 1, p. 513",ownership,GmbH,75%
Maschinenfabrik Turner AG,United Shoe Machinery Corporation,NA,USO,AG,"Vol 1, p. 515",ownership,Corporation (Aktiengesellschaft),79%
Maschinenfabriken Wagner-Doerries Aktiengesellschaft (formerly: Maschinenfabrik Aktiengesellschaft vorm. Wagner & Co. ),"New England Industries, Inc.",NA,USO,AG,"Vol 1, p. 517",ownership,Corporation (Aktiengesellschaft),50.2% (preferred stock 100%)
Maschinenoel Import Gesellschaft m.b.H.,Gulf Oil Corporation,"N. V. Credietvereeniging voor den handel in Petroleumproducten (Rotterdam, Netherlands)",USO,GmbH,"Vol 1, p. 519",ownership,GmbH,100%
Mathias Stinnes G.m.b.H.,"Hugo Stinnes Industries, Inc.","Hugo Stinnes G.m.b.H. (Muelheim-Ruhr, Germany)",USO,GmbH,"Vol 1, p. 521",ownership,GmbH,NA
Mecklenburgische Erdol G.m.b.H.,Jadev Corporation,"Gewerkschaft Brigitta (Ferdinandstrasse 27 Hanover, Germany",USO,GmbH,"Vol 1, p. 523",ownership,GmbH,100%
Mercedes Buromaschinen Werke AG,Underwood Elliott Fisher Company,NA,USO,AG,"Vol 1, p. 525",ownership,Corporation (Aktiengesellschaft),100%
"Mergenthaler Setzmaschinen-Fabrik, G.m.b.H.",Mergenthaler Linotype Company,NA,USO,GmbH,"Vol 1, p. 527",ownership,GmbH,65%
"Metallkentor, G.m.b.H.",Central European Holding Corporation c/o Cotton Brenner & Wrigley,NA,USO,GmbH,"Vol 1, p. 530",ownership,GmbH,80%
"Metallkentor, G.m.b.H.",The Torrington Company,NA,USO,GmbH,"Vol 1, p. 532",ownership,GmbH,100%
Metallwarenvertrieb G.m.b.H.,Gillette Safety Rasor Company,Roth Buchner - G.m.b.H.,USO,GmbH,"Vol 1, p. 534",ownership,GmbH,100%
Metro-Goldwyn-Mayer Film AG,Loew's Incorporated,NA,USO,AG,"Vol 1, p. 536",ownership,Corporation (Aktiengesellschaft),100%
Johann Lorenz Michel G.m.b.H.,"Hugo Stinnes Industries, Inc.","Hugo Stinnes G.m.b.H. (Muelheim-Ruhr, Germany)",USO,GmbH,"Vol 1, p. 538",ownership,GmbH,25%
Midgard Deutsche Seeverkehrs A.G.,"Hugo Stinnes Industries, Inc.",NA,USO,AG,"Vol 1, p. 540",ownership,Corporation (Aktiengesellschaft),49%
Midgard Deutsche Seeverkehrs A.G.,"Hugo Stinnes Industries, Inc.","Hugo Stinnes G.m.b.H. (Muelheim-Ruhr, Germany)",USO,AG,"Vol 1, p. 542",ownership,Corporation (Aktiengesellschaft),51%
Mineraloel-Raffinerie vorm. August Korff,Standard Oil Company (New Jersey),NA,USO,AG,"Vol 1, p. 544",ownership,Corporation (Aktiengesellschaft),93%
Mix & Genest AG,International Telephone and Telegraph Corp.,Standard Elektizitats Gesellschaft A.G.,USO,AG,"Vol 1, p. 546",ownership,Corporation (Aktiengesellschaft),94%
"Mix & Genest Hansawerke , G.m.b.H.",International Telephone and Telegraph Corp.,Mix & Genest Aktiengesellschaft,USO,GmbH,"Vol 1, p. 550",ownership,GmbH,100%
Mondamin Gesellschaft,Corn Products Refining company,NA,USO,GmbH,"Vol 1, p. 552",ownership,GmbH,75%
Morris & Co. G.m.b.H.,Armour & Company,"Tietgens & Robertson, G.m.b.H.",USO,GmbH,"Vol 1, p. 554",ownership,GmbH,100%
Muelberger & Co. G.m.b.H.,"Hugo Stinnes Industries, Inc.","Hugo Stinnes G.m.b.H. (Muelheim-Ruhr, Germany)",USO,GmbH,"Vol 1, p. 556",ownership,GmbH,NA
Muelheimer Bergwerks Verein A.G.,"Hugo Stinnes Industries, Inc.","Hugo Stinnes G.m.b.H. (Muelheim-Ruhr, Germany)",USO,AG,"Vol 1, p. 558",ownership,Corporation (Aktiengesellschaft),NA
Rudolf Mueller & Soehne G.m.b.H.,Hugo Stinnes Corporation,NA,USO,GmbH,"Vol 1, p. 560",ownership,GmbH,71%
"Mundlos Akteingesellschaft, Magdeburg","New Jersey Industries, Inc.","Emil Koster Aktiengesellschaft (Rosenthalerstrasse 40/41, Berlin C.2",USO,AG,"Vol 1, p. 562",ownership,Corporation (Aktiengesellschaft),NA
Nassauer Hof A.G. (Hotel Nassau),Hugo Stinnes Corporation,NA,USO,AG,"Vol 1, p. 564",ownership,Corporation (Aktiengesellschaft),31.15%
Nassauer Hof A.G. (Hotel Nassau),Hugo Stinnes Corporation,"Hugo Stinnes G.m.b.H. (Muelheim-Ruhr, Germany)",USO,AG,"Vol 1, p. 566",ownership,Corporation (Aktiengesellschaft),39%
Nationale Radiator Gesellschaft m.b.H.,American Radiator & Standard Sanitary Corporation,NA,USO,GmbH,"Vol 1, p. 568",ownership,GmbH,100%
National-Krupp Registrier-Kassen G.m.b.H.,The National Cash Register Company,NA,USO,GmbH,"Vol 1, p. 570",ownership,GmbH,80%
Nica Nickelindustrie A.G.,American Nickel Alloy Mfg. Corp.,N. V. Chemo Metallurgische Industrie,USO,AG,"Vol 1, p. 572",ownership,Corporation (Aktiengesellschaft),99%
"Nickel Informationburo, G.m.b.H.","The International Nickel Company, Inc.",NA,USO,GmbH,"Vol 1, p. 574",ownership,GmbH,100%
Norddeustche Eiswerke A.G.,Corn Products Refining company,"Gesellschaft für Industriebeteiligungen m.b.H. formerly Deutsche Maizena Gesellschaft (216/218 Spaldingstrasse, Hamburg, Germany)",USO,AG,"Vol 1, p. 577",ownership,Corporation (Aktiengesellschaft),54%
Norddeustche Mineraloelwerke Stettin G.m.b.H.,Standard Oil Company (New Jersey),Deustche-Amerikanische Petroleum-Gesellschaft,USO,GmbH,"Vol 1, p. 579",ownership,GmbH,50%
Norddeutsche Oelmuehlenwerke A.G.,Hugo Stinnes Corporation,"Hugo Stinnes G.m.b.H. (Muelheim-Ruhr, Germany)",USO,AG,"Vol 1, p. 581",ownership,Corporation (Aktiengesellschaft),30%
Norddeutsche Portland Cementfabrik Misburg,Corn Products Refining company,"Gesellschaft für Industriebeteiligungen m.b.H. formerly Deutsche Maizena Gesellschaft (216/218 Spaldingstrasse, Hamburg, Germany)",USOP,Others,"Vol 1, p. 583",unknown,unknown,30%
Nord-Europaeische Oel,North European Oil Corp.,NA,USOP,GmbH,"Vol 1, p. 585",unknown,GmbH,100%
Northeastern Insurance Co. of Hartford,Northeastern Insurance Company of Hartford,NA,USO,Others,"Vol 1, p. 587",branch,Branch,NA
Nuernberger Kohlenhandles G.m.b.H.,"Hugo Stinnes Industries, Inc.","Hugo Stinnes G.m.b.H. (Muelheim-Ruhr, Germany)",USO,GmbH,"Vol 1, p. 589",ownership,GmbH,25%
Oberrheinische Kohlenvertretung,"Hugo Stinnes Industries, Inc.","Hugo Stinnes G.m.b.H. (Muelheim-Ruhr, Germany)",USO,Others,"Vol 1, p. 591",branch,Branch,100%
Oelwerke Julius Schindler G.m.b.H.,Pure Oil Co.,NA,USO,GmbH,"Vol 1, p. 593",ownership,GmbH,40%
Oelwerke Julius Schindler G.m.b.H.,The Pure Oil Company,NA,USO,GmbH,"Vol 1, p. 595",ownership,GmbH,NA
Oldenburgische Erdol Gesellschaft m.b.H.,Jadev Corporation,"Gewerkschaft Brigitta (Ferdinandstrasse 27 Hanover, Germany",USO,GmbH,"Vol 1, p. 597",ownership,GmbH,33%
Oldenburgische Erdol Gesellschaft m.b.H.,Jadev Corporation,Allgemeine Erdol Gesellschaft m.b.H.,USO,GmbH,"Vol 1, p. 599",ownership,GmbH,33%
Opel Automobil Versicherungs AG,General Motors Corporation (Overseas Operations),Adam Opel Aktiengesellschaft,USO,AG,"Vol 1, p. 601",ownership,Corporation (Aktiengesellschaft),100%
Oppelener Lagerhaus Gesellschaft,Witroth Corporation,"Witkowitz Mines, Steel & Iron Works Corp. (Ostrava, Czechoslovakia)",USO,GmbH,"Vol 1, p. 603",ownership,GmbH,NA
Oppenheimer Casing Co. m.b.H. Hamburg,Oppenheimer Casing Co. Del.,NA,USO,GmbH,"Vol 1, p. 605",ownership,GmbH,100%
Orga Akt. Ges.,"Royal Typewriter Company, Inc.",Royal Schriebmaschinen G.m.b.H.,USO,AG,"Vol 1, p. 607",ownership,Corporation (Aktiengesellschaft),80%
Osram G.m.b.H. Kommanditgesellschaft,International General Electric Company Inc.,NA,USC,Others,"Vol 1, p. 609",Partnership,Kommanditgesellschaft,"Partnership, Net proprietorship interest 21.45%"
Ostrhederei,Witroth Corporation,"Witkowitz Mines, Steel & Iron Works Corp. (Ostrava, Czechoslovakia)",USO,GmbH,"Vol 1, p. 611",ownership,GmbH,NA
Ota Schlesische Schurwerke Ottmuth A.G.,Westhold Corporation,NA,USO,AG,"Vol 1, p. 613",ownership,Corporation (Aktiengesellschaft),55%
Otis Aufzugswerke G.m.b.H.,Otis Elevator Company,NA,USO,GmbH,"Vol 1, p. 616",ownership,GmbH,100%
Ottensenser Eisenwerke AG,Corn Products Refining company,"Gesellschaft für Industriebeteiligungen m.b.H. formerly Deutsche Maizena Gesellschaft (216/218 Spaldingstrasse, Hamburg, Germany)",USO,AG,"Vol 1, p. 619",ownership,Corporation (Aktiengesellschaft),34%
The Overseas Casing Co. m.b.H.,"Berth, Levi & Co. Inc.",NA,USO,GmbH,"Vol 1, p. 621",ownership,GmbH,100%
Palmolive-Binder & Ketals G.m.b.H.,Colgate-Palmolive-Peet Co.,NA,USO,GmbH,"Vol 1, p. 623",ownership,GmbH,89%
Paramount Film AG,"Paramount Pictures, Inc.",NA,USO,AG,"Vol 1, p. 625",ownership,Corporation (Aktiengesellschaft),100%
"Parfume Lentheric, G.m.b.H.","Lentheric, Incorporated",NA,USO,GmbH,"Vol 1, p. 627",ownership,GmbH,100%
"Peat, Marwick, Mitchell & Co. (Berlin Partnership)","Peat, Marwick, Mitchell & Co. (General Partnership)",NA,USC,Others,"Vol 1, p. 629",Partnership,unknown,NA
Permutit Filter Co. G.m.b.H.,The Permutit Company,NA,USO,GmbH,"Vol 1, p. 631",ownership,GmbH,100%
Petrolifer Rohoelcompagnie A.G.,"Socony-Vacuum Oil Company, Inc.","Deutsche Vacuum Oel, A.G.",USO,AG,"Vol 1, p. 633",ownership,Corporation (Aktiengesellschaft),51%
Pfaudler-Werke AG,The Pfaudler Co.,NA,USO,AG,"Vol 1, p. 635",ownership,Corporation (Aktiengesellschaft),100%
Philip Morris & Co. Limited G.m.b.H.,"Philip Morris & Co. Ltd., Inc.",Philip Morris & Co. Limited (London),USO,GmbH,"Vol 1, p. 638",ownership,GmbH,NA
Photochemie Kommandit Gesellschaft,"Swiss ""Borvisk"" Company",NA,USO,Others,"Vol 1, p. 640",ownership,Kommanditgesellschaft,50%
Piehl & Pehling,"Hugo Stinnes Industries, Inc.","Hugo Stinnes G.m.b.H. (Muelheim-Ruhr, Germany)",USO,Others,"Vol 1, p. 642",ownership,Branch,NA
Powers G.m.b.H.,Remington Rand Inc.,NA,USO,GmbH,"Vol 1, p. 644",ownership,GmbH,100%
Pressluftwerkzeug und Maschinenbau AG (Premag),Chicago Pneumatic Tool Co.,NA,USO,AG,"Vol 1, p. 646",ownership,Corporation (Aktiengesellschaft),70%
Pressluftwerkzeug und Maschinenbau AG (Premag),Chicago Pneumatic Tool Co.,International Pressluft und Elektrizitate G.m.b.H.,USO,AG,"Vol 1, p. 648",ownership,Corporation (Aktiengesellschaft),25%
International Mortgage & Investment Corporation,International Mortgage & Investment Corporation c/o Alien Property Custodian,NA,USO,Others,"Vol 1, p. 650",branch,Branch,NA
"Price, Waterhouse & Co.","Price, Waterhouse & Co.",NA,USC,Others,"Vol 1, p. 652",Partnership,unknown,"Partnership, Net proprietorship interest 9%"
Privatanschlussbahn Borgsdorf-Birkenwerder G.m.b.H.,Standard Oil Company (New Jersey),Deutsche Gasolin Aktiengesellschaft,USO,GmbH,"Vol 1, p. 654",ownership,GmbH,86%
"Quaker Nahrmittel, G.m.b.H.",Quaker Oats Co.,NA,USO,GmbH,"Vol 1, p. 656",ownership,GmbH,100%
Quaker Oats Co. G.m.b.H.,Quaker Oats Co.,NA,USO,GmbH,"Vol 1, p. 658",ownership,GmbH,100%
M. Rast & Sohn G.m.b.H.,"Hugo Stinnes Industries, Inc.","Hugo Stinnes G.m.b.H. (Muelheim-Ruhr, Germany)",USO,GmbH,"Vol 1, p. 660",ownership,GmbH,41%
Rastatter Eisenhandel G.m.b.H.,Hugo Stinnes Corporation,"Eisenhof, G.m.b.H.",USO,GmbH,"Vol 1, p. 662",ownership,GmbH,100%
Reece Machinery Company,The International Button Hole Sewing Machine Company,NA,USO,GmbH,"Vol 1, p. 664",ownership,GmbH,100%
Remington Buromaschinen G.m.b.H.,Remington Rand Inc.,NA,USO,GmbH,"Vol 1, p. 666",ownership,GmbH,100%
Richard Hudnut G.m.b.H.,Richard Hudnut,NA,USO,GmbH,"Vol 1, p. 668",ownership,GmbH,NA
Ritter AG,"Ritter Company, Inc. (Formerly Ritter Dental Mfg. Co., Inc)",NA,USO,AG,"Vol 1, p. 670",ownership,Corporation (Aktiengesellschaft),96%
"Rohr & Seilpost Anlagen, G.m.b.H.",International Telephone and Telegraph Corp.,Mix & Genest Aktiengesellschaft,USO,GmbH,"Vol 1, p. 672",ownership,GmbH,100%
"Rosskai, G.m.b.H.","United Statess Lines, Co.",NA,USO,GmbH,"Vol 1, p. 674",ownership,GmbH,100%
"Roth-Buchner, G.m.b.H.",Gillette Safety Rasor Company,NA,USO,GmbH,"Vol 1, p. 676",ownership,GmbH,100%
"Royal Schreihmaschinen, G.m.b.H.","Royal Typewriter Company, Inc.",NA,USO,GmbH,"Vol 1, p. 678",ownership,GmbH,NA
Rudolf Arndt Dextrinfabrik G.m.b.H.,Corn Products Refining company,Deutsche Maizena Werke A.G.,USO,GmbH,"Vol 1, p. 680",ownership,GmbH,100%
"""Rustica"" A.G. fuer Grunderwerb",United Continental Corporation,Industrial Mining Development Co. Ltd. (London),USO,AG,"Vol 1, p. 682",ownership,Corporation (Aktiengesellschaft),NA
Saatsuchwirtschaft C. Braune G.m.b.H.,Corn Products Refining company,"Gesellschaft für Industriebeteiligungen m.b.H. formerly Deutsche Maizena Gesellschaft (216/218 Spaldingstrasse, Hamburg, Germany)",USO,GmbH,"Vol 1, p. 684",ownership,GmbH,67%
"H. & P. Sauermann, A.G.",Corn Products Refining company,"Gesellschaft für Industriebeteiligungen m.b.H. formerly Deutsche Maizena Gesellschaft (216/218 Spaldingstrasse, Hamburg, Germany)",USO,AG,"Vol 1, p. 686",ownership,Corporation (Aktiengesellschaft),44%
R. Schiffman & Co. G.m.b.H.,R. Schiffmann Co.,NA,USO,GmbH,"Vol 1, p. 688",ownership,GmbH,100%
"Schlafhorst Chemische Werke, G.m.b.H.",The Atlantic Refining Company,The Atlantic Refining Company Germany GmbH,USO,GmbH,"Vol 1, p. 690",ownership,GmbH,87%
W. A. Schölten Stärke- und Syrup-Fabriken Aktiengesellschaft.,Corn Products Refining company,Deutsche Maizena Werke A.G.,USO,AG,"Vol 1, p. 692",ownership,Corporation (Aktiengesellschaft),25%
W. A. Schölten Stärke- und Syrup-Fabriken Aktiengesellschaft.,Corn Products Refining company,"Gesellschaft für Industriebeteiligungen m.b.H. formerly Deutsche Maizena Gesellschaft (216/218 Spaldingstrasse, Hamburg, Germany)",USO,AG,"Vol 1, p. 694",ownership,Corporation (Aktiengesellschaft),69%
Schriftgiesserei und Messinglinienfabrik D. Stempel Akt.,Mergenthaler Linotype Company,"Mergenthaler Setzmaschinen-Fabrik (Berlin, Germany)",USO,AG,"Vol 1, p. 696",ownership,Corporation (Aktiengesellschaft),45%
Schulke & Mayr A.G.,Lohn & Fink Products Corporation,NA,USO,AG,"Vol 1, p. 698",ownership,Corporation (Aktiengesellschaft),100%
A.G. vormals Seidel and Neumann,Corn Products Refining company,"Gesellschaft für Industriebeteiligungen m.b.H. formerly Deutsche Maizena Gesellschaft (216/218 Spaldingstrasse, Hamburg, Germany)",USO,AG,"Vol 1, p. 701",ownership,Corporation (Aktiengesellschaft),26%
"Siegfried-Caragen Gesellschaft fuer Kraftfahrzeuge, m.b.H.",Eugene Dietzgen Co.,"Bayerische Reisszeugfabrik, A.G.",USO,GmbH,"Vol 1, p. 703",ownership,GmbH,100%
Signal Gesellschaft m.b.H.,Submarine Signal Co.,NA,USO,GmbH,"Vol 1, p. 705",ownership,GmbH,100%
Signode System G.m.b.H.,Signode International Limited,NA,USO,GmbH,"Vol 1, p. 707",ownership,GmbH,98%
Signode System G.m.b.H.,Signode Steel Strapping Co.,NA,USO,GmbH,"Vol 1, p. 709",ownership,GmbH,NA
Singer Nahmaschinen AG,International Securities Company,NA,USO,AG,"Vol 1, p. 711",ownership,Corporation (Aktiengesellschaft),100%
L. C. Smith & Corona Schreihmaschinen G.m.b.H.,L. C. Smith & Corona Typewriters Inc.,NA,USO,GmbH,"Vol 1, p. 713",ownership,GmbH,100%
Sela Automatic Camera,Remington Rand Inc.,"Remington Buromaschinen, G.m.b.H.",USOP,Others,"Vol 1, p. 715",unknown,unknown,NA
Spirella Gesellschaft m.b.H.,Spirella International Incorporated,NA,USO,GmbH,"Vol 1, p. 717",ownership,GmbH,60%
Spirella Gesellschaft m.b.H.,Spirella International Incorporated,Korsettfabriken Spirella Aktiebolag (Sweden),USO,GmbH,"Vol 1, p. 719",ownership,GmbH,33%
Standard Elektrizitats Ges. AG,International Standard Electric Corp.,NA,USO,AG,"Vol 1, p. 721",ownership,Corporation (Aktiengesellschaft),NA
Standard Elektrizitats Ges. AG,International Telephone and Telegraph Corp.,NA,USO,AG,"Vol 1, p. 723",ownership,Corporation (Aktiengesellschaft),100%
Standard Zahnfabrik A.G.,The Dentists' Supply Co. of New York,NA,USO,AG,"Vol 1, p. 726",ownership,Corporation (Aktiengesellschaft),95%
Stanley Works,"Foreign Investments, Incorporated",NA,USO,GmbH,"Vol 1, p. 728",ownership,GmbH,100%
The Stanley Works G.m.b.H.,The Stanley Works,NA,USO,GmbH,"Vol 1, p. 730",ownership,GmbH,100%
Steinberger Bros.,"Aris Cloves Co., Inc.",NA,USOP,GmbH,"Vol 1, p. 732",unknown,GmbH,"Partnership, Net proprietorship interest 100%"
Steinberger Bros. Clove Corp. G.m.b.H.,"Aris Cloves Co., Inc.",NA,USO,GmbH,"Vol 1, p. 735",ownership,GmbH,100%
Steinway & Sons,Steinway & Sons,NA,USO,Others,"Vol 1, p. 737",branch,Branch,NA
Suddeutsche Apparatefabrik Gesellschaft m.b.H.,International Telephone and Telegraph Corp.,Standard Elektizitats Gesellschaft A.G.,USO,GmbH,"Vol 1, p. 739",ownership,GmbH,100%
Suddeutsche Chemische Werke,Stauffer Chemical Co.,NA,USO,GmbH,"Vol 1, p. 742",ownership,GmbH,100%
Suedwest A.G.,"Hugo Stinnes Industries, Inc.","Hugo Stinnes G.m.b.H. (Muelheim-Ruhr, Germany)",USO,AG,"Vol 1, p. 744",ownership,Corporation (Aktiengesellschaft),45%
"Swift & Company, G.m.b.H.",Swift & Company,"Swift & Co. Ltd. (Vienna, Austria)",USO,GmbH,"Vol 1, p. 746",ownership,GmbH,9%
"Swift & Company, G.m.b.H.",Swift & Company,NA,USO,GmbH,"Vol 1, p. 748",ownership,GmbH,100%
Tefag Radio Vertriebs G.m.b.H.,International Telephone and Telegraph Corp.,"C. Lorenz, A.G.",USO,GmbH,"Vol 1, p. 750",ownership,GmbH,100%
Telephonfabrik Berliner AG,International Telephone and Telegraph Corp.,Standard Elektizitats Gesellschaft A.G.,USO,AG,"Vol 1, p. 752",ownership,Corporation (Aktiengesellschaft),99%
Telmo Telephon und Telegraphen Gesellschaft m.b.H.,International Telephone and Telegraph Corp.,Mix & Genest Aktiengesellschaft,USO,GmbH,"Vol 1, p. 754",ownership,GmbH,100%
Tietgens & Robertson (G.m.b.H.),Armour & Company,NA,USO,GmbH,"Vol 1, p. 756",ownership,GmbH,52%
Titangesellschaft m.b.H.,"Titan Company, Inc.",NA,USO,GmbH,"Vol 1, p. 758",ownership,GmbH,50%
Torpedo-Werke A.G.,Remington Rand Inc.,NA,USO,AG,"Vol 1, p. 760",ownership,Corporation (Aktiengesellschaft),19%
Torpedo-Werke A.G.,Remington Rand Inc.,"Remington Buromaschinen, G.m.b.H.",USO,AG,"Vol 1, p. 762",ownership,Corporation (Aktiengesellschaft),10%
"Transport und Lagerhaus Gesellschaft, m.b.H.",Corn Products Refining company,NA,USO,GmbH,"Vol 1, p. 764",ownership,GmbH,100%
"Trubenis Lisensverwertungs, G.m.b.H.",Trubenizing Process Corporation,NA,USO,GmbH,"Vol 1, p. 766",ownership,GmbH,100%
"Unida Schiffstreuhand, G.m.b.H.",United Fruit Company,NA,USO,GmbH,"Vol 1, p. 768",ownership,GmbH,100%
Union Special Maschinenfabrik G.m.b.H.,Union Special Machine Co.,NA,USO,GmbH,"Vol 1, p. 770",ownership,GmbH,25%
Union Special Maschinenfabrik G.m.b.H.,Union Special Machine Co.,NA,USO,GmbH,"Vol 1, p. 772",ownership,GmbH,75%
United Press Associations,United Press Associations,NA,USO,Others,"Vol 1, p. 774",branch,Branch,NA
United Press (Deutschland) G.m.b.H.,United Press Associations,NA,USO,GmbH,"Vol 1, p. 776",ownership,GmbH,100%
"United States Lines Operations, Inc.","United States Lines Operations, Inc.",NA,USO,Others,"Vol 1, p. 778",branch,Branch,NA
Vereinigte Asphalt und Teerproducktenfabriken Gesellschaft mit Beschrankter Haftung,Pan Foreign Corporation,Ebano Asphalt Werke Aktiengesellschaft,USO,GmbH,"Vol 1, p. 780",ownership,GmbH,100%
Vereinigte Bayerische Telephonwerke AG,International Telephone and Telegraph Corp.,C. Lorenz A.G.,USO,AG,"Vol 1, p. 782",ownership,Corporation (Aktiengesellschaft),26%
Vereinigte Berliner Kohlenhandel A.G.,"Hugo Stinnes Industries, Inc.","Hugo Stinnes G.m.b.H. (Muelheim-Ruhr, Germany)",USO,AG,"Vol 1, p. 784",ownership,Corporation (Aktiengesellschaft),75%
Verkehrs & Handels Aktiengesellschaft,United Continental Corporation,NA,USO,AG,"Vol 1, p. 786",ownership,Corporation (Aktiengesellschaft),30%
Verkehrs & Handels Aktiengesellschaft,United Continental Corporation,Industrial Mining Development Co. Ltd. (London),USO,AG,"Vol 1, p. 788",ownership,Corporation (Aktiengesellschaft),70%
"""Volta"" Telephon & Signalbau G.m.b.H.",International Telephone and Telegraph Corp.,Mix & Genest Aktiengesellschaft,USO,GmbH,"Vol 1, p. 790",ownership,GmbH,100%
Kurt Wachtel AG,"Eitingon Schild Co., Inc.","Ch. Eitingon, A.A. (Leipzig, Germany)",USO,AG,"Vol 1, p. 792",ownership,Corporation (Aktiengesellschaft),100%
Waried Tankschiff Rhederei G.m.b.H.,Standard Oil Company (New Jersey),NA,USO,GmbH,"Vol 1, p. 794",ownership,GmbH,NA
Waried Tankschiff Rhederei G.m.b.H.,Standard Oil Company (New Jersey),NA,USO,GmbH,"Vol 1, p. 796",ownership,GmbH,NA
"Warner, W.R. and Co. G.m.b.H.","William R. Warner & Co., Inc.",NA,USO,GmbH,"Vol 1, p. 798",ownership,GmbH,NA
W. R. Warner & Co. G.m.b.H.,International Affiliated Corporation,NA,USO,GmbH,"Vol 1, p. 800",ownership,GmbH,100%
Watch Tower Bible & Tract Society (Wachtturn Bibel- und Traktat-Gesellschaft),Watch Tower Bible & Tract Society,NA,USO,Others,"Vol 1, p. 802",branch,Branch,NA
Waterman Linien (Vertretung Bremen) G.m.b.H.,Waterman Steamship,NA,USO,GmbH,"Vol 1, p. 804",ownership,GmbH,100%
Welheim Kohlenhandel G.m.b.H.,"Hugo Stinnes Industries, Inc.","Hugo Stinnes G.m.b.H. (Muelheim-Ruhr, Germany)",USO,GmbH,"Vol 1, p. 806",ownership,GmbH,NA
Werola Krepp & Buntpapierfabrik G.m.b.H.,Kupfer Bros. Co. Inc.,NA,USO,GmbH,"Vol 1, p. 808",ownership,GmbH,100%
Titan-Oel-Gesellschaft m.b.H.,Standard Oil Company (New Jersey),Deutsche-Amerikanische Petroleum-Gesellschaft,USO,GmbH,"Vol 1, p. 811",ownership,GmbH,100%
Western Electric G.m.b.H.,Western Electric Export Corporation,NA,USO,GmbH,"Vol 1, p. 813",ownership,GmbH,100%
Westinghouse Bremsen Gesellschaft m.b.H.,The Westinghouse Air Brake Company,NA,USO,GmbH,"Vol 1, p. 815",ownership,GmbH,77%
West-Oel Gesellschaft m.b.H.,"Socony-Vacuum Oil Company, Inc.","Deutsche Vacuum Oel, A.G.",USO,GmbH,"Vol 1, p. 818",ownership,GmbH,100%
H. Westphal & Co.,"Hugo Stinnes Industries, Inc.","Hugo Stinnes G.m.b.H. (Muelheim-Ruhr, Germany)",USO,GmbH,"Vol 1, p. 820",ownership,GmbH,NA
Wilheim Stern & Co. G.m.b.H.,Kupfer Bros. Co. Inc.,NA,USO,GmbH,"Vol 1, p. 822",ownership,GmbH,95%
Frederick Wirth & Company G.m.b.H.,Hudson Motor Car Company,NA,USO,GmbH,"Vol 1, p. 824",ownership,GmbH,100%
F. W. Woolworth Co.,F. W. Woolworth Co.,NA,USO,Others,"Vol 1, p. 826",branch,Branch,NA
F. W. Woolworth Co.,F. W. Woolworth Co.,NA,USO,GmbH,"Vol 1, p. 828",ownership,GmbH,99%
"The Yale & Towne Manufacturing Company, Velbert Division",The Yale & Towne Manufacturing Company,NA,USO,Others,"Vol 1, p. 830",ownership,Branch,NA
Zahnfabrik Wienand Soehne & Co.,The Dentists' Supply Co. of New York,NA,USO,GmbH,"Vol 1, p. 832",ownership,GmbH,47%
Zinnwerke Wilheimsburg G.m.b.H.,National Lead Company,NA,USO,GmbH,"Vol 1, p. 834",ownership,GmbH,25%
Zoellner Werke G.m.b.H.,Gillette Safety Rasor Company,Roth Buchner - G.m.b.H.,USO,GmbH,"Vol 1, p. 836",ownership,GmbH,100%
Zuckerrubensaftfabrik,Corn Products Refining company,"Gesellschaft für Industriebeteiligungen m.b.H. formerly Deutsche Maizena Gesellschaft (216/218 Spaldingstrasse, Hamburg, Germany)",USO,GmbH,"Vol 1, p. 838",ownership,GmbH,34%
Metallpulver G.m.b.H.,Metallic Products Corp. c/o US Corp. Co.,NA,USO,GmbH,"Vol 1, p. 840",ownership,GmbH,100%
Singer Nahmaschinen Aktiengesellschaft,Singer Mfg. Co.,NA,USO,AG,"Vol 1, p. 842",ownership,Corporation (Aktiengesellschaft),NA
Werkhof G.m.b.H.,"Standard Commercial Tobacco Co., Inc.",NA,USO,GmbH,"Vol 1, p. 844",ownership,GmbH,100%
Europäische Titeflex Metallschlauch-Aktiengesellschaft,Titeflex Metal Hose Co.,NA,USO,AG,"Vol 1, p. 846",ownership,Corporation (Aktiengesellschaft),49%
,,,Others,Others,"Vol 1, p. ",,,
,,,Others,Others,"Vol 1, p. ",,,
,,,Others,Others,"Vol 1, p. ",,,
,,,Others,Others,"Vol 1, p. ",,,
,,,Others,Others,"Vol 1, p. ",,,
,,,Others,Others,"Vol 1, p. ",,,
,,,Others,Others,"Vol 1, p. ",,,
,,,Others,Others,"Vol 1, p. ",,,
,,,Others,Others,"Vol 1, p. ",,,
,,,Others,Others,"Vol 1, p. ",,,
,,,Others,Others,"Vol 1, p. ",,,
,,,Others,Others,"Vol 1, p. ",,,
,,,Others,Others,"Vol 1, p. ",,,
,,,Others,Others,"Vol 1, p. ",,,
,,,Others,Others,"Vol 1, p. ",,,
,,,Others,Others,"Vol 1, p. ",,,
,,,Others,Others,"Vol 1, p. ",,,
,,,Others,Others,"Vol 1, p. ",,,
,,,Others,Others,"Vol 1, p. ",,,
,,,Others,Others,"Vol 1, p. ",,,
,,,Others,Others,"Vol 1, p. ",,,
,,,Others,Others,"Vol 1, p. ",,,
,,,Others,Others,"Vol 1, p. ",,,
,,,Others,Others,"Vol 1, p. ",,,
,,,Others,Others,"Vol 1, p. ",,,
,,,Others,Others,"Vol 1, p. ",,,
,,,Others,Others,"Vol 1, p. ",,,
,,,Others,Others,"Vol 1, p. ",,,
,,,Others,Others,"Vol 1, p. ",,,
,,,Others,Others,"Vol 1, p. ",,,
,,,Others,Others,"Vol 1, p. ",,,
,,,Others,Others,"Vol 1, p. ",,,
,,,Others,Others,"Vol 1, p. ",,,
,,,Others,Others,"Vol 1, p. ",,,
,,,Others,Others,"Vol 1, p. ",,,
,,,Others,Others,"Vol 1, p. ",,,
,,,Others,Others,"Vol 1, p. ",,,
,,,Others,Others,"Vol 1, p. ",,,
,,,Others,Others,"Vol 1, p. ",,,
,,,Others,Others,"Vol 1, p. ",,,
,,,Others,Others,"Vol 1, p. ",,,
,,,Others,Others,"Vol 1, p. ",,,
,,,Others,Others,"Vol 1, p. ",,,
,,,Others,Others,"Vol 1, p. ",,,
,,,Others,Others,"Vol 1, p. ",,,
,,,Others,Others,"Vol 1, p. ",,,
,,,Others,Others,"Vol 1, p. ",,,
,,,Others,Others,"Vol 1, p. ",,,
,,,Others,Others,"Vol 1, p. ",,,
,,,Others,Others,"Vol 1, p. ",,,
,,,Others,Others,"Vol 1, p. ",,,
,,,Others,Others,"Vol 1, p. ",,,
,,,Others,Others,"Vol 1, p. ",,,
,,,Others,Others,"Vol 1, p. ",,,
,,,Others,Others,"Vol 1, p. ",,,
,,,Others,Others,"Vol 1, p. ",,,
,,,Others,Others,"Vol 1, p. ",,,
,,,Others,Others,"Vol 1, p. ",,,
,,,Others,Others,"Vol 1, p. ",,,
,,,Others,Others,"Vol 1, p. ",,,
,,,Others,Others,"Vol 1, p. ",,,
,,,Others,Others,"Vol 1, p. ",,,
,,,Others,Others,"Vol 1, p. ",,,
,,,Others,Others,"Vol 1, p. ",,,
,,,Others,Others,"Vol 1, p. ",,,
,,,Others,Others,"Vol 1, p. ",,,
,,,Others,Others,"Vol 1, p. ",,,
,,,Others,Others,"Vol 1, p. ",,,
,,,Others,Others,"Vol 1, p. ",,,
,,,Others,Others,"Vol 1, p. ",,,
,,,Others,Others,"Vol 1, p. ",,,
,,,Others,Others,"Vol 1, p. ",,,
,,,Others,Others,"Vol 1, p. ",,,
,,,Others,Others,"Vol 1, p. ",,,
,,,Others,Others,"Vol 1, p. ",,,
,,,Others,Others,"Vol 1, p. ",,,
,,,Others,Others,"Vol 1, p. ",,,
,,,Others,Others,"Vol 1, p. ",,,
,,,Others,Others,"Vol 1, p. ",,,
,,,Others,Others,"Vol 1, p. ",,,
,,,Others,Others,"Vol 1, p. ",,,
,,,Others,Others,"Vol 1, p. ",,,
,,,Others,Others,"Vol 1, p. ",,,
,,,Others,Others,"Vol 1, p. ",,,
,,,Others,Others,"Vol 1, p. ",,,
,,,Others,Others,"Vol 1, p. ",,,
,,,Others,Others,"Vol 1, p. ",,,
,,,Others,Others,"Vol 1, p. ",,,
,,,Others,Others,"Vol 1, p. ",,,
,,,Others,Others,"Vol 1, p. ",,,
,,,Others,Others,"Vol 1, p. ",,,
,,,Others,Others,"Vol 1, p. ",,,
,,,Others,Others,"Vol 1, p. ",,,
,,,Others,Others,"Vol 1, p. ",,,
,,,Others,Others,"Vol 1, p. ",,,
,,,Others,Others,"Vol 1, p. ",,,
,,,Others,Others,"Vol 1, p. ",,,
,,,Others,Others,"Vol 1, p. ",,,
,,,Others,Others,"Vol 1, p. ",,,
,,,Others,Others,"Vol 1, p. ",,,
,,,Others,Others,"Vol 1, p. ",,,
,,,Others,Others,"Vol 1, p. ",,,
,,,Others,Others,"Vol 1, p. ",,,
,,,Others,Others,"Vol 1, p. ",,,
,,,Others,Others,"Vol 1, p. ",,,
,,,Others,Others,"Vol 1, p. ",,,
,,,Others,Others,"Vol 1, p. ",,,
,,,Others,Others,"Vol 1, p. ",,,
,,,Others,Others,"Vol 1, p. ",,,
,,,Others,Others,"Vol 1, p. ",,,
,,,Others,Others,"Vol 1, p. ",,,
,,,Others,Others,"Vol 1, p. ",,,
,,,Others,Others,"Vol 1, p. ",,,
,,,Others,Others,"Vol 1, p. ",,,
,,,Others,Others,"Vol 1, p. ",,,
,,,Others,Others,"Vol 1, p. ",,,
,,,Others,Others,"Vol 1, p. ",,,
,,,Others,Others,"Vol 1, p. ",,,
,,,Others,Others,"Vol 1, p. ",,,
,,,Others,Others,"Vol 1, p. ",,,
,,,Others,Others,"Vol 1, p. ",,,
,,,Others,Others,"Vol 1, p. ",,,
,,,Others,Others,"Vol 1, p. ",,,
,,,Others,Others,"Vol 1, p. ",,,
,,,Others,Others,"Vol 1, p. ",,,
,,,Others,Others,"Vol 1, p. ",,,
,,,Others,Others,"Vol 1, p. ",,,
,,,Others,Others,"Vol 1, p. ",,,
,,,Others,Others,"Vol 1, p. ",,,
,,,Others,Others,"Vol 1, p. ",,,
,,,Others,Others,"Vol 1, p. ",,,
,,,Others,Others,"Vol 1, p. ",,,
,,,Others,Others,"Vol 1, p. ",,,
,,,Others,Others,"Vol 1, p. ",,,
,,,Others,Others,"Vol 1, p. ",,,
,,,Others,Others,"Vol 1, p. ",,,
,,,Others,Others,"Vol 1, p. ",,,
,,,Others,Others,"Vol 1, p. ",,,
,,,Others,Others,"Vol 1, p. ",,,
,,,Others,Others,"Vol 1, p. ",,,
,,,Others,Others,"Vol 1, p. ",,,
,,,Others,Others,"Vol 1, p. ",,,
,,,Others,Others,"Vol 1, p. ",,,
,,,Others,Others,"Vol 1, p. ",,,
,,,Others,Others,"Vol 1, p. ",,,
,,,Others,Others,"Vol 1, p. ",,,
,,,Others,Others,"Vol 1, p. ",,,
,,,Others,Others,"Vol 1, p. ",,,
,,,Others,Others,"Vol 1, p. ",,,
,,,Others,Others,"Vol 1, p. ",,,
,,,Others,Others,"Vol 1, p. ",,,
,,,Others,Others,"Vol 1, p. ",,,
,,,Others,Others,"Vol 1, p. ",,,
,,,Others,Others,"Vol 1, p. ",,,
,,,Others,Others,"Vol 1, p. ",,,
,,,Others,Others,"Vol 1, p. ",,,
,,,Others,Others,"Vol 1, p. ",,,
,,,Others,Others,"Vol 1, p. ",,,
,,,Others,Others,"Vol 1, p. ",,,
,,,Others,Others,"Vol 1, p. ",,,
,,,Others,Others,"Vol 1, p. ",,,
,,,Others,Others,"Vol 1, p. ",,,
,,,Others,Others,"Vol 1, p. ",,,
,,,Others,Others,"Vol 1, p. ",,,
,,,Others,Others,"Vol 1, p. ",,,
,,,Others,Others,"Vol 1, p. ",,,
,,,Others,Others,"Vol 1, p. ",,,
,,,Others,Others,"Vol 1, p. ",,,
,,,Others,Others,"Vol 1, p. ",,,
,,,Others,Others,"Vol 1, p. ",,,
,,,Others,Others,"Vol 1, p. ",,,
,,,Others,Others,"Vol 1, p. ",,,
,,,Others,Others,"Vol 1, p. ",,,
,,,Others,Others,"Vol 1, p. ",,,
,,,Others,Others,"Vol 1, p. ",,,
,,,Others,Others,"Vol 1, p. ",,,
,,,Others,Others,"Vol 1, p. ",,,
,,,Others,Others,"Vol 1, p. ",,,
,,,Others,Others,"Vol 1, p. ",,,
,,,Others,Others,"Vol 1, p. ",,,
,,,Others,Others,"Vol 1, p. ",,,
,,,Others,Others,"Vol 1, p. ",,,
,,,Others,Others,"Vol 1, p. ",,,
,,,Others,Others,"Vol 1, p. ",,,
,,,Others,Others,"Vol 1, p. ",,,
,,,Others,Others,"Vol 1, p. ",,,
,,,Others,Others,"Vol 1, p. ",,,
,,,Others,Others,"Vol 1, p. ",,,
,,,Others,Others,"Vol 1, p. ",,,
,,,Others,Others,"Vol 1, p. ",,,
,,,Others,Others,"Vol 1, p. ",,,
,,,Others,Others,"Vol 1, p. ",,,
,,,Others,Others,"Vol 1, p. ",,,
,,,Others,Others,"Vol 1, p. ",,,
,,,Others,Others,"Vol 1, p. ",,,
,,,Others,Others,"Vol 1, p. ",,,
,,,Others,Others,"Vol 1, p. ",,,
,,,Others,Others,"Vol 1, p. ",,,
,,,Others,Others,"Vol 1, p. ",,,
,,,Others,Others,"Vol 1, p. ",,,
,,,Others,Others,"Vol 1, p. ",,,
,,,Others,Others,"Vol 1, p. ",,,
,,,Others,Others,"Vol 1, p. ",,,
,,,Others,Others,"Vol 1, p. ",,,
,,,Others,Others,"Vol 1, p. ",,,
,,,Others,Others,"Vol 1, p. ",,,
,,,Others,Others,"Vol 1, p. ",,,
,,,Others,Others,"Vol 1, p. ",,,
,,,Others,Others,"Vol 1, p. ",,,
,,,Others,Others,"Vol 1, p. ",,,
,,,Others,Others,"Vol 1, p. ",,,
,,,Others,Others,"Vol 1, p. ",,,
,,,Others,Others,"Vol 1, p. ",,,
,,,Others,Others,"Vol 1, p. ",,,
,,,Others,Others,"Vol 1, p. ",,,
,,,Others,Others,"Vol 1, p. ",,,
,,,Others,Others,"Vol 1, p. ",,,
,,,Others,Others,"Vol 1, p. ",,,
,,,Others,Others,"Vol 1, p. ",,,
,,,Others,Others,"Vol 1, p. ",,,
,,,Others,Others,"Vol 1, p. ",,,
,,,Others,Others,"Vol 1, p. ",,,
,,,Others,Others,"Vol 1, p. ",,,
,,,Others,Others,"Vol 1, p. ",,,
,,,Others,Others,"Vol 1, p. ",,,
,,,Others,Others,"Vol 1, p. ",,,
,,,Others,Others,"Vol 1, p. ",,,
,,,Others,Others,"Vol 1, p. ",,,
,,,Others,Others,"Vol 1, p. ",,,
,,,Others,Others,"Vol 1, p. ",,,
,,,Others,Others,"Vol 1, p. ",,,
,,,Others,Others,"Vol 1, p. ",,,
,,,Others,Others,"Vol 1, p. ",,,
,,,Others,Others,"Vol 1, p. ",,,
,,,Others,Others,"Vol 1, p. ",,,
,,,Others,Others,"Vol 1, p. ",,,
,,,Others,Others,"Vol 1, p. ",,,
,,,Others,Others,"Vol 1, p. ",,,
,,,Others,Others,"Vol 1, p. ",,,
,,,Others,Others,"Vol 1, p. ",,,
,,,Others,Others,"Vol 1, p. ",,,
,,,Others,Others,"Vol 1, p. ",,,
,,,Others,Others,"Vol 1, p. ",,,
,,,Others,Others,"Vol 1, p. ",,,
,,,Others,Others,"Vol 1, p. ",,,
,,,Others,Others,"Vol 1, p. ",,,
,,,Others,Others,"Vol 1, p. ",,,
,,,Others,Others,"Vol 1, p. ",,,
,,,Others,Others,"Vol 1, p. ",,,
,,,Others,Others,"Vol 1, p. ",,,
,,,Others,Others,"Vol 1, p. ",,,
,,,Others,Others,"Vol 1, p. ",,,
,,,Others,Others,"Vol 1, p. ",,,
,,,Others,Others,"Vol 1, p. ",,,
,,,Others,Others,"Vol 1, p. ",,,
,,,Others,Others,"Vol 1, p. ",,,
,,,Others,Others,"Vol 1, p. ",,,
,,,Others,Others,"Vol 1, p. ",,,
,,,Others,Others,"Vol 1, p. ",,,
,,,Others,Others,"Vol 1, p. ",,,
,,,Others,Others,"Vol 1, p. ",,,
,,,Others,Others,"Vol 1, p. ",,,
,,,Others,Others,"Vol 1, p. ",,,
,,,Others,Others,"Vol 1, p. ",,,
,,,Others,Others,"Vol 1, p. ",,,
,,,Others,Others,"Vol 1, p. ",,,
,,,Others,Others,"Vol 1, p. ",,,
,,,Others,Others,"Vol 1, p. ",,,
,,,Others,Others,"Vol 1, p. ",,,
,,,Others,Others,"Vol 1, p. ",,,
,,,Others,Others,"Vol 1, p. ",,,
,,,Others,Others,"Vol 1, p. ",,,
,,,Others,Others,"Vol 1, p. ",,,
,,,Others,Others,"Vol 1, p. ",,,
,,,Others,Others,"Vol 1, p. ",,,
,,,Others,Others,"Vol 1, p. ",,,
,,,Others,Others,"Vol 1, p. ",,,
,,,Others,Others,"Vol 1, p. ",,,
,,,Others,Others,"Vol 1, p. ",,,
,,,Others,Others,"Vol 1, p. ",,,
,,,Others,Others,"Vol 1, p. ",,,
,,,Others,Others,"Vol 1, p. ",,,
,,,Others,Others,"Vol 1, p. ",,,
,,,Others,Others,"Vol 1, p. ",,,
,,,Others,Others,"Vol 1, p. ",,,
,,,Others,Others,"Vol 1, p. ",,,
,,,Others,Others,"Vol 1, p. ",,,
,,,Others,Others,"Vol 1, p. ",,,
,,,Others,Others,"Vol 1, p. ",,,
,,,Others,Others,"Vol 1, p. ",,,
,,,Others,Others,"Vol 1, p. ",,,
,,,Others,Others,"Vol 1, p. ",,,
,,,Others,Others,"Vol 1, p. ",,,
,,,Others,Others,"Vol 1, p. ",,,
,,,Others,Others,"Vol 1, p. ",,,
,,,Others,Others,"Vol 1, p. ",,,
,,,Others,Others,"Vol 1, p. ",,,
,,,Others,Others,"Vol 1, p. ",,,
,,,Others,Others,"Vol 1, p. ",,,
,,,Others,Others,"Vol 1, p. ",,,
,,,Others,Others,"Vol 1, p. ",,,
,,,Others,Others,"Vol 1, p. ",,,
,,,Others,Others,"Vol 1, p. ",,,
,,,Others,Others,"Vol 1, p. ",,,
,,,Others,Others,"Vol 1, p. ",,,
,,,Others,Others,"Vol 1, p. ",,,
,,,Others,Others,"Vol 1, p. ",,,
,,,Others,Others,"Vol 1, p. ",,,
,,,Others,Others,"Vol 1, p. ",,,
,,,Others,Others,"Vol 1, p. ",,,
,,,Others,Others,"Vol 1, p. ",,,
,,,Others,Others,"Vol 1, p. ",,,
,,,Others,Others,"Vol 1, p. ",,,
,,,Others,Others,"Vol 1, p. ",,,
,,,Others,Others,"Vol 1, p. ",,,
,,,Others,Others,"Vol 1, p. ",,,
,,,Others,Others,"Vol 1, p. ",,,
,,,Others,Others,"Vol 1, p. ",,,
,,,Others,Others,"Vol 1, p. ",,,
,,,Others,Others,"Vol 1, p. ",,,
,,,Others,Others,"Vol 1, p. ",,,
,,,Others,Others,"Vol 1, p. ",,,
,,,Others,Others,"Vol 1, p. ",,,
,,,Others,Others,"Vol 1, p. ",,,
,,,Others,Others,"Vol 1, p. ",,,
,,,Others,Others,"Vol 1, p. ",,,
,,,Others,Others,"Vol 1, p. ",,,
,,,Others,Others,"Vol 1, p. ",,,
,,,Others,Others,"Vol 1, p. ",,,
,,,Others,Others,"Vol 1, p. ",,,
,,,Others,Others,"Vol 1, p. ",,,
,,,Others,Others,"Vol 1, p. ",,,
,,,Others,Others,"Vol 1, p. ",,,
,,,Others,Others,"Vol 1, p. ",,,
,,,Others,Others,"Vol 1, p. ",,,
,,,Others,Others,"Vol 1, p. ",,,
,,,Others,Others,"Vol 1, p. ",,,
,,,Others,Others,"Vol 1, p. ",,,
,,,Others,Others,"Vol 1, p. ",,,
,,,Others,Others,"Vol 1, p. ",,,
,,,Others,Others,"Vol 1, p. ",,,
,,,Others,Others,"Vol 1, p. ",,,
,,,Others,Others,"Vol 1, p. ",,,
,,,Others,Others,"Vol 1, p. ",,,
,,,Others,Others,"Vol 1, p. ",,,
,,,Others,Others,"Vol 1, p. ",,,
,,,Others,Others,"Vol 1, p. ",,,
,,,Others,Others,"Vol 1, p. ",,,
,,,Others,Others,"Vol 1, p. ",,,
,,,Others,Others,"Vol 1, p. ",,,
,,,Others,Others,"Vol 1, p. ",,,
,,,Others,Others,"Vol 1, p. ",,,
,,,Others,Others,"Vol 1, p. ",,,
,,,Others,Others,"Vol 1, p. ",,,
,,,Others,Others,"Vol 1, p. ",,,
,,,Others,Others,"Vol 1, p. ",,,
,,,Others,Others,"Vol 1, p. ",,,
,,,Others,Others,"Vol 1, p. ",,,
,,,Others,Others,"Vol 1, p. ",,,
,,,Others,Others,"Vol 1, p. ",,,
,,,Others,Others,"Vol 1, p. ",,,
,,,Others,Others,"Vol 1, p. ",,,
,,,Others,Others,"Vol 1, p. ",,,
,,,Others,Others,"Vol 1, p. ",,,
,,,Others,Others,"Vol 1, p. ",,,
,,,Others,Others,"Vol 1, p. ",,,
,,,Others,Others,"Vol 1, p. ",,,
,,,Others,Others,"Vol 1, p. ",,,
,,,Others,Others,"Vol 1, p. ",,,
,,,Others,Others,"Vol 1, p. ",,,
,,,Others,Others,"Vol 1, p. ",,,
,,,Others,Others,"Vol 1, p. ",,,
,,,Others,Others,"Vol 1, p. ",,,
,,,Others,Others,"Vol 1, p. ",,,
,,,Others,Others,"Vol 1, p. ",,,
,,,Others,Others,"Vol 1, p. ",,,
,,,Others,Others,"Vol 1, p. ",,,
,,,Others,Others,"Vol 1, p. ",,,
,,,Others,Others,"Vol 1, p. ",,,
,,,Others,Others,"Vol 1, p. ",,,
,,,Others,Others,"Vol 1, p. ",,,
,,,Others,Others,"Vol 1, p. ",,,
,,,Others,Others,"Vol 1, p. ",,,
,,,Others,Others,"Vol 1, p. ",,,
,,,Others,Others,"Vol 1, p. ",,,
,,,Others,Others,"Vol 1, p. ",,,
,,,Others,Others,"Vol 1, p. ",,,
,,,Others,Others,"Vol 1, p. ",,,
,,,Others,Others,"Vol 1, p. ",,,
,,,Others,Others,"Vol 1, p. ",,,
,,,Others,Others,"Vol 1, p. ",,,
,,,Others,Others,"Vol 1, p. ",,,
,,,Others,Others,"Vol 1, p. ",,,
,,,Others,Others,"Vol 1, p. ",,,
,,,Others,Others,"Vol 1, p. ",,,
,,,Others,Others,"Vol 1, p. ",,,
,,,Others,Others,"Vol 1, p. ",,,
,,,Others,Others,"Vol 1, p. ",,,
,,,Others,Others,"Vol 1, p. ",,,
,,,Others,Others,"Vol 1, p. ",,,
,,,Others,Others,"Vol 1, p. ",,,
,,,Others,Others,"Vol 1, p. ",,,
,,,Others,Others,"Vol 1, p. ",,,
,,,Others,Others,"Vol 1, p. ",,,
,,,Others,Others,"Vol 1, p. ",,,
,,,Others,Others,"Vol 1, p. ",,,
,,,Others,Others,"Vol 1, p. ",,,
,,,Others,Others,"Vol 1, p. ",,,
,,,Others,Others,"Vol 1, p. ",,,
,,,Others,Others,"Vol 1, p. ",,,
,,,Others,Others,"Vol 1, p. ",,,
,,,Others,Others,"Vol 1, p. ",,,
,,,Others,Others,"Vol 1, p. ",,,
,,,Others,Others,"Vol 1, p. ",,,
,,,Others,Others,"Vol 1, p. ",,,
,,,Others,Others,"Vol 1, p. ",,,
,,,Others,Others,"Vol 1, p. ",,,
,,,Others,Others,"Vol 1, p. ",,,
,,,Others,Others,"Vol 1, p. ",,,
,,,Others,Others,"Vol 1, p. ",,,
,,,Others,Others,"Vol 1, p. ",,,
,,,Others,Others,"Vol 1, p. ",,,
,,,Others,Others,"Vol 1, p. ",,,
,,,Others,Others,"Vol 1, p. ",,,
,,,Others,Others,"Vol 1, p. ",,,
,,,Others,Others,"Vol 1, p. ",,,
,,,Others,Others,"Vol 1, p. ",,,
,,,Others,Others,"Vol 1, p. ",,,
,,,Others,Others,"Vol 1, p. ",,,
,,,Others,Others,"Vol 1, p. ",,,
,,,Others,Others,"Vol 1, p. ",,,
,,,Others,Others,"Vol 1, p. ",,,
,,,Others,Others,"Vol 1, p. ",,,
,,,Others,Others,"Vol 1, p. ",,,
,,,Others,Others,"Vol 1, p. ",,,
,,,Others,Others,"Vol 1, p. ",,,
,,,Others,Others,"Vol 1, p. ",,,
,,,Others,Others,"Vol 1, p. ",,,
,,,Others,Others,"Vol 1, p. ",,,
,,,Others,Others,"Vol 1, p. ",,,
,,,Others,Others,"Vol 1, p. ",,,
,,,Others,Others,"Vol 1, p. ",,,
,,,Others,Others,"Vol 1, p. ",,,
,,,Others,Others,"Vol 1, p. ",,,
,,,Others,Others,"Vol 1, p. ",,,
,,,Others,Others,"Vol 1, p. ",,,
,,,Others,Others,"Vol 1, p. ",,,
,,,Others,Others,"Vol 1, p. ",,,
,,,Others,Others,"Vol 1, p. ",,,
,,,Others,Others,"Vol 1, p. ",,,
,,,Others,Others,"Vol 1, p. ",,,
,,,Others,Others,"Vol 1, p. ",,,
,,,Others,Others,"Vol 1, p. ",,,
,,,Others,Others,"Vol 1, p. ",,,
,,,Others,Others,"Vol 1, p. ",,,
,,,Others,Others,"Vol 1, p. ",,,
,,,Others,Others,"Vol 1, p. ",,,
,,,Others,Others,"Vol 1, p. ",,,
,,,Others,Others,"Vol 1, p. ",,,
,,,Others,Others,"Vol 1, p. ",,,
,,,Others,Others,"Vol 1, p. ",,,
,,,Others,Others,"Vol 1, p. ",,,
,,,Others,Others,"Vol 1, p. ",,,
,,,Others,Others,"Vol 1, p. ",,,
,,,Others,Others,"Vol 1, p. ",,,
,,,Others,Others,"Vol 1, p. ",,,
,,,Others,Others,"Vol 1, p. ",,,
,,,Others,Others,"Vol 1, p. ",,,
,,,Others,Others,"Vol 1, p. ",,,
,,,Others,Others,"Vol 1, p. ",,,
,,,Others,Others,"Vol 1, p. ",,,
,,,Others,Others,"Vol 1, p. ",,,
,,,Others,Others,"Vol 1, p. ",,,
,,,Others,Others,"Vol 1, p. ",,,
,,,Others,Others,"Vol 1, p. ",,,
,,,Others,Others,"Vol 1, p. ",,,
,,,Others,Others,"Vol 1, p. ",,,
,,,Others,Others,"Vol 1, p. ",,,
,,,Others,Others,"Vol 1, p. ",,,
,,,Others,Others,"Vol 1, p. ",,,
,,,Others,Others,"Vol 1, p. ",,,
,,,Others,Others,"Vol 1, p. ",,,
,,,Others,Others,"Vol 1, p. ",,,
,,,Others,Others,"Vol 1, p. ",,,
,,,Others,Others,"Vol 1, p. ",,,
,,,Others,Others,"Vol 1, p. ",,,
,,,Others,Others,"Vol 1, p. ",,,
,,,Others,Others,"Vol 1, p. ",,,
,,,Others,Others,"Vol 1, p. ",,,
,,,Others,Others,"Vol 1, p. ",,,
,,,Others,Others,"Vol 1, p. ",,,
,,,Others,Others,"Vol 1, p. ",,,
,,,Others,Others,"Vol 1, p. ",,,
,,,Others,Others,"Vol 1, p. ",,,
,,,Others,Others,"Vol 1, p. ",,,
,,,Others,Others,"Vol 1, p. ",,,
,,,Others,Others,"Vol 1, p. ",,,
,,,Others,Others,"Vol 1, p. ",,,
,,,Others,Others,"Vol 1, p. ",,,
,,,Others,Others,"Vol 1, p. ",,,
,,,Others,Others,"Vol 1, p. ",,,
,,,Others,Others,"Vol 1, p. ",,,
,,,Others,Others,"Vol 1, p. ",,,
,,,Others,Others,"Vol 1, p. ",,,
,,,Others,Others,"Vol 1, p. ",,,
,,,Others,Others,"Vol 1, p. ",,,
,,,Others,Others,"Vol 1, p. ",,,
,,,Others,Others,"Vol 1, p. ",,,
,,,Others,Others,"Vol 1, p. ",,,
,,,Others,Others,"Vol 1, p. ",,,
,,,Others,Others,"Vol 1, p. ",,,
,,,Others,Others,"Vol 1, p. ",,,
,,,Others,Others,"Vol 1, p. ",,,
,,,Others,Others,"Vol 1, p. ",,,
,,,Others,Others,"Vol 1, p. ",,,
,,,Others,Others,"Vol 1, p. ",,,
,,,Others,Others,"Vol 1, p. ",,,
,,,Others,Others,"Vol 1, p. ",,,
,,,Others,Others,"Vol 1, p. ",,,
,,,Others,Others,"Vol 1, p. ",,,
,,,Others,Others,"Vol 1, p. ",,,
,,,Others,Others,"Vol 1, p. ",,,
,,,Others,Others,"Vol 1, p. ",,,
,,,Others,Others,"Vol 1, p. ",,,
,,,Others,Others,"Vol 1, p. ",,,
,,,Others,Others,"Vol 1, p. ",,,
,,,Others,Others,"Vol 1, p. ",,,
,,,Others,Others,"Vol 1, p. ",,,
,,,Others,Others,"Vol 1, p. ",,,
,,,Others,Others,"Vol 1, p. ",,,
,,,Others,Others,"Vol 1, p. ",,,
,,,Others,Others,"Vol 1, p. ",,,
,,,Others,Others,"Vol 1, p. ",,,
,,,Others,Others,"Vol 1, p. ",,,
,,,Others,Others,"Vol 1, p. ",,,
,,,Others,Others,"Vol 1, p. ",,,
,,,Others,Others,"Vol 1, p. ",,,
,,,Others,Others,"Vol 1, p. ",,,
,,,Others,Others,"Vol 1, p. ",,,
,,,Others,Others,"Vol 1, p. ",,,
,,,Others,Others,"Vol 1, p. ",,,
,,,Others,Others,"Vol 1, p. ",,,
,,,Others,Others,"Vol 1, p. ",,,
,,,Others,Others,"Vol 1, p. ",,,
,,,Others,Others,"Vol 1, p. ",,,
,,,Others,Others,"Vol 1, p. ",,,
,,,Others,Others,"Vol 1, p. ",,,
,,,Others,Others,"Vol 1, p. ",,,
,,,Others,Others,"Vol 1, p. ",,,
,,,Others,Others,"Vol 1, p. ",,,
,,,Others,Others,"Vol 1, p. ",,,
,,,Others,Others,"Vol 1, p. ",,,
,,,Others,Others,"Vol 1, p. ",,,
,,,Others,Others,"Vol 1, p. ",,,
,,,Others,Others,"Vol 1, p. ",,,
,,,Others,Others,"Vol 1, p. ",,,
,,,Others,Others,"Vol 1, p. ",,,
,,,Others,Others,"Vol 1, p. ",,,
,,,Others,Others,"Vol 1, p. ",,,
,,,Others,Others,"Vol 1, p. ",,,
,,,Others,Others,"Vol 1, p. ",,,
,,,Others,Others,"Vol 1, p. ",,,
,,,Others,Others,"Vol 1, p. ",,,
,,,Others,Others,"Vol 1, p. ",,,
,,,Others,Others,"Vol 1, p. ",,,
,,,Others,Others,"Vol 1, p. ",,,
,,,Others,Others,"Vol 1, p. ",,,
,,,Others,Others,"Vol 1, p. ",,,
,,,Others,Others,"Vol 1, p. ",,,
,,,Others,Others,"Vol 1, p. ",,,
,,,Others,Others,"Vol 1, p. ",,,
,,,Others,Others,"Vol 1, p. ",,,
,,,Others,Others,"Vol 1, p. ",,,
,,,Others,Others,"Vol 1, p. ",,,
,,,Others,Others,"Vol 1, p. ",,,
,,,Others,Others,"Vol 1, p. ",,,
,,,Others,Others,"Vol 1, p. ",,,
,,,Others,Others,"Vol 1, p. ",,,
,,,Others,Others,"Vol 1, p. ",,,
,,,Others,Others,"Vol 1, p. ",,,
,,,Others,Others,"Vol 1, p. ",,,
,,,Others,Others,"Vol 1, p. ",,,
,,,Others,Others,"Vol 1, p. ",,,
,,,Others,Others,"Vol 1, p. ",,,
,,,Others,Others,"Vol 1, p. ",,,
,,,Others,Others,"Vol 1, p. ",,,
,,,Others,Others,"Vol 1, p. ",,,
,,,Others,Others,"Vol 1, p. ",,,
,,,Others,Others,"Vol 1, p. ",,,
,,,Others,Others,"Vol 1, p. ",,,
,,,Others,Others,"Vol 1, p. ",,,
,,,Others,Others,"Vol 1, p. ",,,
,,,Others,Others,"Vol 1, p. ",,,
,,,Others,Others,"Vol 1, p. ",,,
,,,Others,Others,"Vol 1, p. ",,,
,,,Others,Others,"Vol 1, p. ",,,
,,,Others,Others,"Vol 1, p. ",,,
,,,Others,Others,"Vol 1, p. ",,,
,,,Others,Others,"Vol 1, p. ",,,
,,,Others,Others,"Vol 1, p. ",,,
,,,Others,Others,"Vol 1, p. ",,,
,,,Others,Others,"Vol 1, p. ",,,
,,,Others,Others,"Vol 1, p. ",,,
,,,Others,Others,"Vol 1, p. ",,,
,,,Others,Others,"Vol 1, p. ",,,
,,,Others,Others,"Vol 1, p. ",,,
,,,Others,Others,"Vol 1, p. ",,,
