,Master US firm name,in TFR-500,in Moodys 32,in Moodys 34,in Tenenbaum,in HB 32,in HB 34,affiliated German firms,type_Partnership,type_branch,type_ownership,type_unknown,affiliated German firm name_moodys32,Master German firm name_moodys32,mentions a subsidiary_moodys32,mentions stock ownership_moodys32,subsidiary is AG_moodys32,subsidiary is GmbH_moodys32,mentions an affilated company_moodys32,mentions a plant/office/branch_moodys32,is a subsidiary of a German firm_moodys32,other types of agreement_moodys32,affiliated German firm name_moodys34,Master German firm name_moodys34,mentions a subsidiary_moodys34,mentions stock ownership_moodys34,subsidiary is AG_moodys34,subsidiary is GmbH_moodys34,mentions an affilated company_moodys34,mentions a plant/office/branch_moodys34,is a subsidiary of a German firm_moodys34,other types of agreement_moodys34,affiliated German firm name,Master German firm name,mentions a subsidiary,mentions stock ownership,subsidiary is AG,subsidiary is GmbH,mentions an affilated company,mentions a plant/office/branch,is a subsidiary of a German firm,other types of agreement,HB 1932 affiliated German firm name,HB 1934 affiliated German firm name
0,Addressograph-Multigraph Corporation,True,True,True,True,False,False,['Addressograph-Multigraph G.m.b.H.'],False,False,True,False,[''],[''],True,False,False,False,False,True,False,False,"['Addressograph-Multigraph G.m.b.H., Berlin, Germany']",[''],False,False,False,False,False,False,False,False,['Addressograph Multigraph G.m.b.H.'],['Addressograph-Multigraph G.m.b.H.'],True,False,False,True,False,False,False,False,,
1,Alta United Mines Co.,False,False,True,False,False,False,,,,,,,,,,,,,,,,['None'],[''],False,False,False,False,False,False,False,False,,,,,,,,,,,,
2,Aluminum Company of America,False,False,True,False,False,False,,,,,,,,,,,,,,,,['Magnesium Development Co.; I. G. Farbenindustrie A. G. of Germany'],[''],False,False,False,False,False,False,False,True,,,,,,,,,,,,
3,Amber Mines Inc.,False,False,False,True,False,False,,,,,,,,,,,,,,,,,,,,,,,,,,['Preussische Bergwerks- und Hutten Gesellschaft'],[''],False,False,False,False,False,False,True,False,,
4,American -Austrian Magnesite Corporation,True,False,False,False,False,False,"['Deutsche Heraklith A.G.', 'Deutsche Heraklith A.G.']",False,False,True,False,,,,,,,,,,,,,,,,,,,,,,,,,,,,,,,,
5,American Askania Corp.,False,False,False,True,False,False,,,,,,,,,,,,,,,,,,,,,,,,,,['Askania Werke A. G.'],[''],False,False,False,False,False,False,True,False,,
6,American Bemberg Corp.,False,True,True,False,False,False,,,,,,"['Vereinigte Glansstoff-Fabriken AG , Elberfeld, Germany; J. P. Bemberg A.G.']",[''],False,False,False,False,False,False,True,False,['J. P. Bemberg A. G. in Germany'],[''],False,False,False,False,False,False,True,False,,,,,,,,,,,,
7,American Can Company,False,True,True,False,False,False,,,,,,"['Th. Goldschmidt of Essen, Germany']",[''],False,False,False,False,False,False,False,True,"['Th. Goldschmidt of Essen, Germany; Metal & Thermit Corporation', 'Th. Goldschmidt of Essen, Germany; Metal & Thermit Corporation']","['', '']",False,False,False,False,False,False,False,False,,,,,,,,,,,,
8,American Cyanamid Company,True,False,False,False,False,False,['Farsals-Gesellschaft m.b.H.'],False,False,True,False,,,,,,,,,,,,,,,,,,,,,,,,,,,,,,,,
9,American Foreign Insurance Association,True,False,False,False,False,False,['Great American Insurance Co. - Home Insurance Co. - Hartford Fire Insurance Co.'],False,True,False,False,,,,,,,,,,,,,,,,,,,,,,,,,,,,,,,,
10,American I. G. Chemical Corp.,False,False,True,True,False,False,,,,,,,,,,,,,,,,['I. G. Farbenindustrie A. G.'],[''],False,False,False,False,False,False,True,False,['I .G. Farbenindustrie'],[''],False,False,False,False,False,False,True,False,,
11,"American Lurgu Company, New York",False,False,False,True,False,False,,,,,,,,,,,,,,,,,,,,,,,,,,['Metallgesellschaft A.G.'],['Metallgesellschaft A.G.'],False,False,False,False,False,False,True,False,,
12,American Miag Corporation,False,False,False,True,False,False,,,,,,,,,,,,,,,,,,,,,,,,,,"['The ""Miag"" Muhlenbau und Industrie A.G. ']",[''],False,False,False,False,False,False,True,False,,
13,American Nickel Alloy Mfg. Corp.,True,False,False,False,False,False,"['Cosmo Montangesellschaft fuer metallurgische Interessen m.b.H.', 'Nica Nickelindustrie A.G.']",False,False,True,False,,,,,,,,,,,,,,,,,,,,,,,,,,,,,,,,
14,American Radiator & Standard Sanitary Corporation,True,True,True,True,False,False,['Nationale Radiator Gesellschaft m.b.H.'],False,False,True,False,"['Nationale Radiator Gesellschaft, m.b.H. (Germany), Berlin']",['Nationale Radiator Gesellschaft m.b.H.'],True,False,False,True,False,False,False,False,"['Nationale Radiator Gesellschaft, m. b. H. (Germany), Berlin', 'Deutsche Standard Werke G. m. b. H.']","['Nationale Radiator Gesellschaft m.b.H.', 'Deutsche Standard Werke G. m. b. H.']",True,False,False,True,False,False,False,False,['Nationale Radiator G.m.b.H.'],['Nationale Radiator Gesellschaft m.b.H.'],True,False,False,True,False,False,False,False,,
15,American Ship & Commerce Corp.,False,False,True,True,False,False,,,,,,,,,,,,,,,,[''],[''],False,False,False,False,False,False,False,False,['Hamburg- Amerika Linie'],['Hamburg-Amerika Linie'],False,True,False,False,False,False,False,False,,
16,American-Austrian Magnesite Corporation,True,False,False,False,False,False,['Alpenminen A. G.'],False,False,True,False,,,,,,,,,,,,,,,,,,,,,,,,,,,,,,,,
17,Arden Investing Co.,True,False,False,False,False,False,['Elisabeth Arden G.m.b.H.'],False,False,True,False,,,,,,,,,,,,,,,,,,,,,,,,,,,,,,,,
18,"Aris Cloves Co., Inc.",True,False,False,False,False,False,"['Steinberger Bros.', 'Steinberger Bros. Clove Corp. G.m.b.H.']",False,False,True,True,,,,,,,,,,,,,,,,,,,,,,,,,,,,,,,,
19,Armour & Company,True,False,False,False,False,False,"['Morris & Co. G.m.b.H.', 'Tietgens & Robertson (G.m.b.H.)']",False,False,True,False,,,,,,,,,,,,,,,,,,,,,,,,,,,,,,,,
20,Associated Merchandising Corporation,True,False,False,False,False,False,['Associated Merchandising Corp. GmbH'],False,False,True,False,,,,,,,,,,,,,,,,,,,,,,,,,,,,,,,,
21,Associated Press,True,False,False,False,False,False,['Associated Press'],False,True,False,False,,,,,,,,,,,,,,,,,,,,,,,,,,,,,,,,
22,"B. F. Goodrich Rubber Co., Akron, Ohio",False,False,False,True,False,False,,,,,,,,,,,,,,,,,,,,,,,,,,"['Deutsche Goodrich Compagnie G.m.b.H.', 'Continale Cautchoucgesellschaft']","['Deutsche Goodrich Compagnie G.m.b.H.', 'Continale Cautchoucgesellschaft']",True,False,False,True,False,False,False,False,,
23,Bakelite Corp.,False,False,True,False,False,False,,,,,,,,,,,,,,,,['Gorman Bakelite Corp. (Bakelite Gesellschaft)'],['Bakelite Gesellschaft'],True,True,False,True,False,False,False,False,,,,,,,,,,,,
24,Bausch & Lomb Optical Co.,False,False,True,False,False,False,,,,,,,,,,,,,,,,"['Bausch & Lomb Optical Co., G.m.b.H., Frankfort a. M., Germany']",[''],False,False,False,False,True,True,False,False,,,,,,,,,,,,
25,Bavarian oil and Gas Corporation,True,False,False,False,True,True,['Bayerische Mineral-Industrie A.G.'],False,False,True,False,,,,,,,,,,,,,,,,,,,,,,,,,,,,,,,['Bayerische Mineral-Industrie Aktiengesellschaft'],['Bayerische Mineral-Industrie Aktiengesellschaft.']
26,Bedford Construction Co.,True,False,False,False,False,False,['Deutsche Maizena Werke A. G.'],False,False,True,False,,,,,,,,,,,,,,,,,,,,,,,,,,,,,,,,
27,"Berth, Levi & Co. Inc.",True,False,False,False,False,False,['The Overseas Casing Co. m.b.H.'],False,False,True,False,,,,,,,,,,,,,,,,,,,,,,,,,,,,,,,,
28,Blaw-Knox Co.,False,True,True,False,False,False,,,,,,"['Blaw-Knox G.m.b.H., Dusseldorf, Germany']",[''],False,False,False,False,True,True,False,False,"['Blaw-Knox G.m.b.H., Dusseldorf, Germany']",[''],False,False,False,False,True,True,False,False,,,,,,,,,,,,
29,Brown Harrimann & Company Incorporated,False,False,False,False,False,True,,,,,,,,,,,,,,,,,,,,,,,,,,,,,,,,,,,,,['Ilseder Hütte. ']
30,Buffalo Electro-Chemical Co.,False,True,True,False,False,False,,,,,,"['M. Merck of Munich, Germany; Electrochemical Works of Munich, Germany']",[''],False,False,False,False,False,False,False,True,"['E. Merck of Munich, Germany; Electrochemical Works of Munich, Germany']",[''],False,False,False,False,False,False,False,True,,,,,,,,,,,,
31,Burroughs Adding Machine Company,True,True,True,True,False,False,['Deutsche Burroughs Rechenmaschinen A.G.'],False,False,True,False,[''],[''],True,False,False,False,False,False,False,False,[''],[''],True,False,False,False,False,False,False,False,['Deutsche Burroughs Rechenmaschinen A. G.'],['Deutsche Burroughs Rechenmaschinen AG'],True,False,True,False,False,False,False,False,,
32,Butler Brothers,True,False,False,False,False,False,"['Butler Brothers, G.m.b.H.']",True,False,False,False,,,,,,,,,,,,,,,,,,,,,,,,,,,,,,,,
33,Carnation Co.,False,True,False,False,False,False,,,,,,[''],[''],False,False,False,False,False,True,False,False,,,,,,,,,,,,,,,,,,,,,,
34,Carrier Corporation,False,True,False,False,False,False,,,,,,['Carrier Lufttechnische Gesellschaft'],['Carrier Lufttechnische Gesellschaft'],False,False,False,False,True,True,False,False,,,,,,,,,,,,,,,,,,,,,,
35,Celotex Co.,False,True,True,False,False,False,,,,,,[''],[''],False,False,False,False,False,True,False,False,"['', 'W. H. Nilsson']","['', 'Deutsche Celotex Vertrieb']",True,True,False,False,False,True,False,False,,,,,,,,,,,,
36,Central American Plantations Corp.,False,True,False,False,False,False,,,,,,[''],[''],False,False,False,False,False,False,False,False,,,,,,,,,,,,,,,,,,,,,,
37,Central Cuba Sugar Co.,False,True,True,False,False,False,,,,,,[''],[''],False,False,False,False,False,False,False,False,[''],[''],False,False,False,False,False,False,False,True,,,,,,,,,,,,
38,Central European Holding Corporation c/o Cotton Brenner & Wrigley,True,False,False,False,False,False,"['Metallkentor, G.m.b.H.']",False,False,True,False,,,,,,,,,,,,,,,,,,,,,,,,,,,,,,,,
39,Chemical Research Corp.,False,False,True,False,False,False,,,,,,,,,,,,,,,,[''],[''],False,False,False,False,False,False,False,False,,,,,,,,,,,,
40,Chesebrough Manufacturing Co. Consolidated,True,False,False,False,False,False,['Chesebrough Manufacturing Co. G.m.b.H.'],False,False,True,False,,,,,,,,,,,,,,,,,,,,,,,,,,,,,,,,
41,Chicago Pneumatic Tool Co.,True,True,True,True,False,False,"['Internationale Pressluft und Elektricitats Gesellschaft m.b.H. (Ipeg)', 'Pressluftwerkung und Maschinenbau Aktiengesellschaft (Premag)', 'Pressluftwerkung und Maschinenbau Aktiengesellschaft (Premag)']",False,False,True,False,"['Internationale Pressluft & Electricitäts Gesellschaft m. b. H. (International Compressed Air and Electric Co.) Berlin - Britz, Germany', 'Presaluft-Werkzeug und Maschinenbau A.G. “Premag"", Berlin, Oberechoeneweide, Germany.']","['Internationale Pressluft und Elektricitats Gesellschaft m.b.H. (Ipeg)', '']",True,False,True,True,False,False,False,False,"['Internationale Pressluft & Elektricitäts Gesellschaft m.b.H. (International Compressed Air and Electric Co.)', 'Berlin-Oberschoeneweide, Germany', 'Pressluft-Werkzeug und Maschinenbau A.G. ""Premag"" (Berlin-Oberschoeneweide, Germany)']","['Internationale Pressluft und Elektricitats Gesellschaft m.b.H. (Ipeg)', 'Berlin-Oberschoeneweide, Germany', '']",True,False,True,True,False,False,False,False,"['Internationale Pressluft -und Elektrizitäts G.m.b.H.', 'Pressluft-Werkzeug und Maschinenbau A. G. ""Premag""']","['Internationale Pressluft und Elektricitats Gesellschaft m.b.H. (Ipeg)', 'Pressluftwerkzeug und Maschinenbau AG (Premag)']",True,False,True,True,False,False,False,True,,
42,Colgate-Palmolive-Peet Co.,True,True,True,True,False,False,['Palmolive-Binder & Ketals G.m.b.H.'],False,False,True,False,[''],[''],True,False,False,False,False,False,False,False,"['Palmolive, Binder & Ketels']",['Palmolive-Binder & Ketals G.m.b.H.'],True,True,False,True,False,True,False,True,['Palmolive-Binder & Ketels G.m.b.H.'],['Palmolive-Binder & Ketals G.m.b.H.'],True,False,False,True,False,False,False,False,,
43,Columbia Pictures Corp.,False,False,True,False,False,False,,,,,,,,,,,,,,,,[''],[''],False,False,False,False,False,True,False,False,,,,,,,,,,,,
44,Combustion Engineering Co. Inc.,True,True,False,False,False,False,"['Kohlenscheidungs-Gesellschaft, m.b.H.']",False,False,True,False,['Kohlenscheidungs-Gesellchaft (Germany)'],"['Kohlenscheidungs-Gesellschaft, m.b.H.']",True,False,False,True,True,True,False,False,,,,,,,,,,,,,,,,,,,,,,
45,Commercial Investment Trust Corp.,False,False,False,False,True,True,,,,,,,,,,,,,,,,,,,,,,,,,,,,,,,,,,,,['Commercial Investment Trust Akt.-Ges. (Citag)'],['Commercial Investment Trust Aktien-Gesellschaft (Gitag).']
46,Consolidated Oil Corporation,False,True,True,False,False,False,,,,,,[''],[''],False,False,False,False,False,True,False,False,[''],[''],False,False,False,False,False,True,False,False,,,,,,,,,,,,
47,Consolidated Silesian Steel Corporation,False,False,False,False,True,False,,,,,,,,,,,,,,,,,,,,,,,,,,,,,,,,,,,,['Vereinigte Königs- und Laurahütte Aktien-Gesellschaft für Bergbau- und Hüttenbetrieb'],
48,"Continental ""Borvisk"" Co.",True,False,False,False,False,False,"['""Borvisk"" Kunstseiden A. G.']",False,False,True,False,,,,,,,,,,,,,,,,,,,,,,,,,,,,,,,,
49,Continental-Diamond Fibre Co.,False,False,True,False,False,False,,,,,,,,,,,,,,,,[''],[''],False,False,False,False,False,False,False,True,,,,,,,,,,,,
50,Corn Products Refining company,True,False,False,True,False,True,"['Aktien-Malsfabrik Landsburg, A. G.', 'Convertgarten A.G.', 'Deutsche Maizena Werke A. G.', 'Finkenheerder Obstwerke Richard Sonnenberg, A.G.', 'Finkenheerder Obstwerke Richard Sonnenberg, A.G.', 'Gesellschaft fur Industriebeteiligungen m.b.H.', 'E. Gundlach A.G.', 'Karl Fr. Tollner Nachrmittelfabrik G.m.b.H.', 'C. H. Knorr A.G.', 'C. H. Knorr A.G.', 'Koehlmann Werke A.G.', 'Maizenhaus Gesellschaft m.b.H.', 'Maizenhaus Gesellschaft m.b.H.', 'Mondamin Gesellschaft', 'Norddeustche Eiswerke A.G.', 'Norddeutsche Portland Cementfabrik Misburg', 'Ottensenser Eisenwerke A.G.', 'Rudolf Arndt Dextrinfabrik G.m.b.H.', 'Saatsuchwirtschaft C. Braune G.m.b.H.', 'H. & P. Sauermann, A.G.', 'W. A. Scholten Starke und Syrupfabriken A.G.', 'W. A. Scholten Starke und Syrupfabriken A.G.', 'A.G. vormals Seidel and Neumann', 'Transport und Lagerhaus Gesellschaft, m.b.H.', 'Zuckerrubensaftfabrik']",False,False,True,True,,,,,,,,,,,,,,,,,,,,,"['Deutsche Maizena G.m.b.H.', 'Deutsche Maizena-Werke A. G.']","['Deutsche Maizena G.m.b.H.', 'Deutsche Maizena Werke AG']",True,False,True,True,False,False,False,False,,['W. A. Schölten Stärke- und Syrup-Fabriken Aktiengesellschaft.']
51,"Coty, Inc., New York",False,False,False,True,False,False,,,,,,,,,,,,,,,,,,,,,,,,,,['NA'],[''],True,False,False,False,False,True,False,False,,
52,Crown Cork International Corporation,False,True,True,False,False,False,,,,,,"['H. A. Bender Bohne, of Mannheim, Germany', 'Korkfabrik, Frankenthal Bender & Co., of Frankenthal, Germany']","['H. A. Bender Bohne, of Mannheim, Germany', 'Korkfabrik, Frankenthal Bender & Co., of Frankenthal, Germany']",True,False,False,True,False,False,False,False,"['Continentale Crown Cork & Seal Co., G.m.b.H., Frankenthal Germany']","['Continentale Crown Cork & Seal Co., G.m.b.H., Frankenthal Germany']",True,False,False,True,False,False,False,False,,,,,,,,,,,,
53,Davega Stores Corp.,False,False,True,False,False,False,,,,,,,,,,,,,,,,['None'],[''],False,False,False,False,False,False,False,False,,,,,,,,,,,,
54,"Davis & Company, Incorporated",True,False,False,False,False,False,"['Europacscje Tanklager und Transport, A.G.']",False,False,True,False,,,,,,,,,,,,,,,,,,,,,,,,,,,,,,,,
55,Delta Finance,True,False,False,False,False,False,"['Ahr, Krath and Co.']",True,False,False,False,,,,,,,,,,,,,,,,,,,,,,,,,,,,,,,,
56,Denver Chemical Mfg. Co.,True,False,False,False,False,False,['Denver Chemical Mfg. Co. G.m.b.H.'],False,False,True,False,,,,,,,,,,,,,,,,,,,,,,,,,,,,,,,,
57,Dewey & Almy Chemical Co.,False,True,False,False,True,False,,,,,,"['Dartex, A.G.']",[''],True,False,True,False,False,False,False,False,,,,,,,,,,,,,,,,,,,,,['Dartex Aktiengesellschaft für Kautschuk-Verarbeitung'],
58,Dietaphone Corporation,True,False,False,False,False,False,['Dietaphone Co. m.b.H.'],False,False,True,False,,,,,,,,,,,,,,,,,,,,,,,,,,,,,,,,
59,E. F. Houghton & Company,True,False,False,False,False,False,"['Deutsche Houghton Fabrik, K. G.', 'Houghton Deutsche Fabrik K.G.']",True,False,False,False,,,,,,,,,,,,,,,,,,,,,,,,,,,,,,,,
60,E.I. du Pont de Nemours and Company,True,True,True,True,True,True,['Duco Aktiengesellschaft'],False,False,True,False,[''],[''],False,False,False,False,False,False,False,True,[''],[''],True,False,False,False,False,False,False,False,"['Duco A. G.', 'Dynamit A. G.', 'Deutsche Gold und Silber Scheideanstalt', 'I. G. Farbenindutrie']","['Duco AG', 'Dynamit-Act.-Ges. vormals Alfred Nobel & Co.', '', '']",True,True,True,False,False,False,False,True,['Dynamit-Act.-Ges. vormals Alfred Nobel & Co.'],['Dynamit-Actien-Gesellschaft vormals Alfred Nobel & Co.']
61,Eastman Kodak Company,True,True,True,True,True,False,['Kodak Aktiengesellschaft'],False,False,True,False,"['Chemische Werke Odin (Germany)', 'Kodak Aktiengesellschaft (Germany) ']","['Chemische Werke Odin (Germany)', '']",True,False,True,True,False,False,False,False,"['Kodak Gesellschaft m. b. H.', 'Kodak Aktiengesellschaft', 'Chemische Werke Odin (Germany)']","['Kodak Gesellschaft m. b. H.', '', 'Chemische Werke Odin (Germany)']",True,False,True,True,False,True,False,False,['Kodak A. G.'],['Kodak Aktiengesellschaft'],True,False,True,False,False,False,False,False,['Kodak Aktiengesellschaft'],
62,Eberhard Faber Pencil Company,True,False,False,False,False,False,['Eberhard Faber Kommanditgesellschaft'],False,False,True,False,,,,,,,,,,,,,,,,,,,,,,,,,,,,,,,,
63,Edward G. Budd Manufacturing Company,True,False,False,True,False,False,"['A. B. P. Gefolgschoftsheime, G.m.b.H.', 'Ambi-Budd Presswerk, G.m.b.H.']",False,False,True,False,,,,,,,,,,,,,,,,,,,,,['Ambi -Budd Presswerk G.m.b.H. '],"['Ambi-Budd Presswerk, G.m.b.H.']",True,False,False,True,False,False,False,False,,
64,"Eitingon Schild Co., Inc.",True,True,True,False,True,True,"['Ch. Eitingon, A.G.', 'Kurt Wachtel, A.G.']",False,False,True,False,"['Ch. Eitingon, AG. (Leipzig,Germany)', 'Aktiengesellschaft fuer Geschaeftshausbau (Leipzig, Germany)']","['', '']",True,False,True,False,False,False,False,False,"['Ch. Eitingon & Co., Leipzig', 'Kurt Wachtel A. G., Taucha, Leipzig']","['', '']",True,False,True,False,False,False,False,False,,,,,,,,,,,['Ch. Eitingon Aktiengesellschaft'],['Ch. Eitingon Aktiengesellschaft.']
65,Electric Boat Company,False,True,False,False,False,False,,,,,,[''],[''],False,False,False,False,False,False,False,False,,,,,,,,,,,,,,,,,,,,,,
66,Emil Frei Inc.,True,False,False,False,False,False,['Emil Frei Art Glass Co.'],False,True,False,False,,,,,,,,,,,,,,,,,,,,,,,,,,,,,,,,
67,Emil Winter interests of Pittsburgh,False,False,False,True,False,False,,,,,,,,,,,,,,,,,,,,,,,,,,['Oesterreische Magnesit A. G.'],['Oesterreische Magnesit A. G.'],True,False,True,False,False,False,False,False,,
68,Enziger Union Corp.,False,False,False,True,False,False,,,,,,,,,,,,,,,,,,,,,,,,,,['The ENZIGER UNION WERKE A. G.'],[''],False,False,False,False,False,False,True,False,,
69,Equitable Life Assurance Society of the United States,True,False,False,False,False,False,['Equitable Life Assurance Society of the United States'],False,True,False,False,,,,,,,,,,,,,,,,,,,,,,,,,,,,,,,,
70,Eugene Dietzgen Co.,True,False,False,False,False,False,"['Bayerische Reisseugfabrik A.G.', 'Siegfried-Caragen Gesellschaft fuer Kraftfahrzeuge, m.b.H.']",False,False,True,False,,,,,,,,,,,,,,,,,,,,,,,,,,,,,,,,
71,F. W. Woolworth Co.,True,True,True,True,False,False,"['F. W. Woolworth Co.', 'F. W. Woolworth Co.']",False,True,True,False,"['F. W. Woolworth Co., G.m.b.H., Berlin, Germany']",['F. W. Woolworth Co.'],True,False,False,True,False,False,False,False,"['F. W. Woolworth Co. G. m. b. H., Berlin, Germany']",['F. W. Woolworth Co.'],True,False,False,True,False,False,False,False,['F. W. Woolworth Co. G.m.b.H.'],['F. W. Woolworth Co.'],True,False,False,True,False,False,False,False,,
72,Felt & Tarrant Mfg. Co.,True,False,False,False,False,False,['Comptometer G.m.b.H.'],False,False,True,False,,,,,,,,,,,,,,,,,,,,,,,,,,,,,,,,
73,Fisk Rubber Co.,False,False,False,True,False,False,,,,,,,,,,,,,,,,,,,,,,,,,,['Fisk Tyre Co. m.b.H.'],['Fisk Tyre Co. m.b.H.'],True,False,False,True,False,False,False,False,,
74,Ford Motor Company,True,True,True,True,True,True,"['Ford Werke A.G.', 'Ford Werke A.G.']",False,False,True,False,[''],[''],True,False,False,False,False,False,False,False,[''],[''],True,False,False,False,True,True,False,False,"['Ford Motor Co. A. G.', 'Credit A. G. für Fordfahrzeuge']","['Ford-Werke AG', 'Credit Aktiengesellschaft für Ford-Fahrzeuge.']",True,False,True,False,False,True,False,False,['Ford Motor Company Aktiengesellschaft'],['Ford Motor Company Aktiengesellschaft. ']
75,"Foreign Investments, Incorporated",True,False,False,False,False,False,['Stanley Works'],False,False,True,False,,,,,,,,,,,,,,,,,,,,,,,,,,,,,,,,
76,"Fownes Brothers & Co., Inc.",False,False,True,False,False,False,,,,,,,,,,,,,,,,[''],[''],False,False,False,False,False,True,False,False,,,,,,,,,,,,
77,"G. Hirsch Sons, Inc.",True,False,False,False,False,False,"['G. Hirsch & Sohn, G.m.b.H. Nuremberg, Germany']",False,False,True,False,,,,,,,,,,,,,,,,,,,,,,,,,,,,,,,,
78,General American Tank Car Corp ,False,False,False,False,True,True,,,,,,,,,,,,,,,,,,,,,,,,,,,,,,,,,,,,['Allgemeine Transportmittel Finanzierungs AG'],['Allgemeine Transportmittel Aktiengesellschaft.']
79,General American Transportation Corporation,False,False,True,True,False,False,,,,,,,,,,,,,,,,['Allgemeine Transportmittel Aktiengesellschaft'],[''],True,False,True,False,False,False,False,False,['Allgemeine Transportmittel Finanzierungs A.G.'],['Allgemeine Transportmittel Aktiengesellschaft'],True,False,True,False,False,False,False,False,,
80,General Motors Acceptance Corporation,True,True,True,False,False,False,['Allgemeine Finanzierungs Gesellschaft m.b.H.'],False,False,True,False,['Continental and Allgemeine Finanzierungs-G. m. b. H.'],['Allgemeine Finanzierungs Gesellschaft m.b.H.'],True,False,False,True,False,False,False,False,['Continental Allgemeine Finanzierungs-Gesellschaft m. b. H.'],['Allgemeine Finanzierungs Gesellschaft m.b.H.'],True,False,False,True,False,False,False,False,,,,,,,,,,,,
81,General Motors Corporation (Overseas Operations),True,True,True,True,True,True,"['Adam Opel Aktiengsellschaft', 'Frigidaire G.m.b.H.', 'Gemeinnutsige Opel - Wohnban - G.m.b.H.', 'General Motors G.m.b.H.', 'Opel Automobil Versicherungs A.G.']",False,False,True,False,['Adam Opel A.G.'],[''],True,False,True,False,False,False,False,False,['Adam Opel A.G.'],[''],True,False,True,False,False,False,False,False,"['Adam Opel A.G.', 'Opel Automobilversicherungs A.G.', 'Continentale Gummiwerke A.G.', 'Frigidaire G.m.b.H.']","['Adam Opel Aktiengesellschaft', 'Opel Automobil Versicherungs AG', 'Continentale Gummiwerke A.G. ', 'Frigidaire G.m.b.H.']",True,True,True,True,False,False,False,False,"['Adam Opel Aktiengesellschaft', 'Eduard Winter Akt.-Ges. für Kraftfahrzeuge']",['Adam Opel Aktiengesellschaft.']
82,German-American Tobacco Co.,False,False,True,False,False,False,,,,,,,,,,,,,,,,[''],[''],False,False,False,False,False,False,False,False,,,,,,,,,,,,
83,Gillette Safety Rasor Company,True,False,False,True,False,False,"['Gillette Safety Rasor Company, G.m.b.H.', 'Metallwarenvertrieb G.m.b.H.', 'Roth-Buchner, G.m.b.H.', 'Zoellner Werke G.m.b.H.']",False,False,True,False,,,,,,,,,,,,,,,,,,,,,"['Roth Buchner G.m.b.H.', 'Gillette Safety Razor Co. G.m.b.H.']","['Roth-Buchner, G.m.b.H.', 'Gillette Safety Rasor Company, G.m.b.H.']",True,False,False,True,False,False,False,False,,
84,Globe Steel Tubes Company,False,False,True,False,False,False,,,,,,,,,,,,,,,,['None'],[''],False,False,False,False,False,False,False,False,,,,,,,,,,,,
85,Guardian Life Insurance Co. of America,False,False,False,False,False,True,,,,,,,,,,,,,,,,,,,,,,,,,,,,,,,,,,,,,['Zukunft Lebensversicherungsbank Aktiengesellschaft.']
86,Gulf Oil Corporation,True,True,True,False,False,False,['Maschinenoel Import Gesellschaft m.b.H.'],False,False,True,False,['Nobel-Good-Group'],['Nobel-Good-Group'],True,False,False,True,False,False,False,False,[''],[''],False,False,False,False,False,False,False,False,,,,,,,,,,,,
87,"Harris, Forbes & Co.",False,False,False,False,True,True,,,,,,,,,,,,,,,,,,,,,,,,,,,,,,,,,,,,['Berliner Kraft- und Licht-Aktiengesellschaft'],"['Berliner Kraft- und Licht-Aktiengesellschaft.', 'Vereinigte Elektrizitätswerke Westfalen Aktiengesellschaft.', 'Berliner Städtische Elektrizitätswerke Akt.-Ges. (BEWAG).']"
88,Haskins & Sells,True,False,False,False,False,False,['Haskins & Sells Revision-Gesellschaft m.b.H.'],False,False,True,False,,,,,,,,,,,,,,,,,,,,,,,,,,,,,,,,
89,Hazeltine Corp.,False,False,True,False,False,False,,,,,,,,,,,,,,,,['D. S. Loewe Radio A.G. of Berlin (Germany) '],[''],False,False,False,False,False,False,False,True,,,,,,,,,,,,
90,Heyden Chemical Corp.,False,True,True,False,False,False,,,,,,[''],[''],False,False,False,False,False,False,False,True,['Chemische Fabrik Von Heyden of Germany'],[''],False,False,False,False,False,False,False,True,,,,,,,,,,,,
91,"Heyden Chemical Corporation, New York",False,False,False,True,False,False,,,,,,,,,,,,,,,,,,,,,,,,,,"['The Chemische Fabrik von Heyden, A. G., Radebeul bei Dresden']",[''],False,False,False,False,False,False,True,False,,
92,Hudson Motor Car Company,True,False,False,False,False,False,"['Hudson Esser Motors Company M.H.', 'Frederick Wirth & Company G.m.b.H.']",False,False,True,False,,,,,,,,,,,,,,,,,,,,,,,,,,,,,,,,
93,Hugo Stinnes Corporation,True,True,True,True,False,False,"['Eisenlager G.m.b.H.', 'Freidreichstrasse, 12, G.m.b.H.', 'Fuerstenhof Carlton Hotel, A.G.', 'Gew. Lintorfer Erzbergwerke', 'Gew. Lintorfer Erzbergwerke', 'Hamburger Hof A.G.', 'Hotel Atlantic A.G.', 'Hotel Atlantic A.G.', 'Industrie lackwerke A.G.', 'Rudolf Mueller & Soehne G.m.b.H.', 'Nassauer Hof A.G. (Hotel Nassau)', '(Hotel Nassau) Nassauer Hof A.G.', 'Norddeutsche Oelmuehlenwerke A.G.', 'Rastatter Eisenhandel G.m.b.H.']",False,False,True,False,[''],[''],True,False,False,False,False,True,False,False,[''],[''],True,False,False,False,False,True,False,False,[''],[''],False,False,False,False,False,False,False,False,,
94,"Hugo Stinnes Industries, Inc.",True,True,True,True,False,False,"['Anker Kohlen & Brikettwerke G.m.b.H.', 'Artus Hanse Transport G.m.b.H.', 'Bernauer & Co.', 'Bernhoeft & Wilde', 'H. B. Blumenthal', 'Born, Mehring & Co, G.m.b.H.', 'Cehapon Werk G.m.b.H.', 'Paul Dorff A.G.', 'Dumont', 'Eisenhof G.m.b.H.', 'Fraenkischer Metallhandel G.m.b.H.', 'Fr. Wwe. Wesseling G.m.b.H.', 'Freidreichstrasse, 12, G.m.b.H.', 'Fuhr-Betrieb G.m.b.H.', 'Gebrueder Boewen G.m.b.H.', 'Gebrueder Born G.m.b.H.', 'Gebrueder Hein G.m.b.H.', 'Gewerkschaft Carolus Magnus', 'Gewerkschaft Diergardt-Mevissen', 'Gewerkschaft Mathias Stinnes', 'Gew. Selbecker Bergwerks Verein', 'Gew. Selbecker Bergwerks Verein', 'Glaswerke Ruhr A.G.', 'H. W. Heidman', 'Holm & Molzen G.m.b.H.', 'Hugo Stinnes G.m.b.H.', 'Hugo Stinnes G.m.b.H.', 'Hugo Stinnes Reederei A.G.', 'Hugo Stinnes Reederei A.G.', 'Ivers & Company', 'Jacob Trefz & Soehne', 'Kaehler', 'Kohlen Import & Poseidon A.G.', 'Kohlen Import & Poseidon A.G.', 'Kohleverkauf Ludwig Jung G.m.b.H.', 'Koenigsberger Kohlen & Koks G.m.b.H.', 'Kristall Glaswerk A.G.', 'Mathias Stinnes G.m.b.H.', 'Johann Lorenz Michel G.m.b.H.', 'Midgard Deutsche See Verkehrs A.G.', 'Midgard Deutsche Seeverkehrs A.G.', 'Muelberger & Co. G.m.b.H.', 'Muelheimer Bergwerks Verein A.G.', 'Nuernberger Kohlenhandles G.m.b.H.', 'Oberrheinische Kohlenvertretung', 'Piehl & Pehling', 'M. Rast & Sohn G.m.b.H.', 'Suedwest A.G.', 'Vereinigte Berliner Kohlenhandel A.G.', 'Welheim Kohlenhandel G.m.b.H.', 'H. Westphal & Co.']",False,True,True,False,"['Hugo Stinnes G. m. b. H.', 'Rheinische-Westfaelische Bergwerks Gesellschaft']","['Hugo Stinnes G.m.b.H.', 'Rheinische-Westfaelische Bergwerks Gesellschaft']",True,False,False,True,False,True,False,False,"['Hugo Stinnes G. m. b. H.', 'Gewerkschaft Mathias Stinnes']","['Hugo Stinnes G.m.b.H.', 'Mathias Stinnes G.m.b.H.']",True,False,False,True,False,False,False,False,"['Hugo Stinnes G.m.b.H.', 'Gewerkschaft Mathias Stinnes', 'Mühlheimer Bergwerksverein', 'Rheinisch -Westfälische Bergwerksgesellschaft m.b.H. ']","['Hugo Stinnes G.m.b.H.', 'Mathias Stinnes G.m.b.H.', 'Mühlheimer Bergwerksverein', 'Rheinische-Westfaelische Bergwerks Gesellschaft']",True,True,True,True,False,False,False,False,,
95,I. B. Kleinert Rubbert Company,True,True,True,False,False,False,"['Kleinerts Hanseatische, Gummiwerke Gesellschaft mit beschankter Haftung']",False,False,True,False,['I. B. Kleinert Rubber Co. G.m.b.H.'],"['Kleinerts Hanseatische, Gummiwerke Gesellschaft mit beschankter Haftung']",True,False,False,True,False,False,False,False,['I. B. Kleinert Rubber Co. G. m. b. H. (formerly Hanseatische Rubber Co. of Hambaurg)'],"['Kleinerts Hanseatische, Gummiwerke Gesellschaft mit beschankter Haftung']",True,False,False,True,False,False,False,False,,,,,,,,,,,,
96,International Affiliated Corporation,True,False,False,False,False,False,"['Godecke & Co. Chemische Fabrik A.G.', 'Godecke & Co. Chemische Fabrik und Export A.G.', 'Richard Hudnut G.m.b.H.', 'Lohse, Gustave A.G.', 'W. R. Warner & Co. G.m.b.H.']",False,False,True,False,,,,,,,,,,,,,,,,,,,,,,,,,,,,,,,,
97,International Agricultural Corporation,False,False,False,True,False,False,,,,,,,,,,,,,,,,,,,,,,,,,,['Kaliwerke Sollstedt Gewerkschaft'],['Kaliwerke Sollstedt Gewerkschaft'],True,False,False,True,False,False,False,False,,
98,International Business Machine Corp.,True,True,False,True,False,False,"['Deutsche Hollerith Maschinen Gesellschaft, m.b.H.']",False,False,True,False,"['Optima-Maschinenfabrik, A.-G.', 'Deutsche Hollerith Maschinen Gesellschaft, m.b.H.', 'Deutsche Geschaftmaschinen Gesellschaft, m.b.H.']","['', 'Deutsche Hollerith Maschinen Gesellschaft, m.b.H.', 'Deutsche Geschaftmaschinen Gesellschaft, m.b.H.']",True,False,True,True,False,False,False,False,,,,,,,,,,,['NA'],[''],False,False,False,False,False,True,False,False,,
99,International Finance Company,True,False,False,False,False,False,"['Gluckskles Import and Export Gesellschaft m.b.H.', 'Gluckskles Michgesellschaft m.b.H.']",False,False,True,False,,,,,,,,,,,,,,,,,,,,,,,,,,,,,,,,
100,International General Electric Company Inc.,True,True,True,True,True,True,['Osram G.m.b.H. Kommanditgesellschaft'],True,False,False,False,"['Allgemeine Elektricitäts Gesellschaft, Berlin, Germany (35%); Osram G.m.b.H. Kommanditgesellschaft', 'Siemens & Halske Aktiengesellschaft']","['', '']",False,True,False,False,False,False,False,False,"['Allgemeine Elektricitaets-Gesellschaft (German General Electric Co.)', 'Siemens & Halske, A.G.', 'Allgemeine Elektricitäts Gesellschaft, Berlin, Germany; Osram G.m.b.H. Kommanditgesellschaft, Berlin, Germany', 'Osram G.m.b.H. Kommanditgesellschaft, Berlin, Germany']","['', '', '', '']",True,True,True,False,True,True,False,False,"['Allgemeine Elektrizitäts Gesellschaft', 'Osram', 'Siemens & Halske', 'Julius Pintsch A. G.']","['Allgemeine Elektricitäts-Gesellschaft', '', '', 'Julius Pintsch, Aktiengesellschaft']",True,True,True,False,False,False,False,True,"['Allgemeine Elektricitäts-Gesellschaft', 'Kohlenveredlung und Schwelwerke Aktiengesellschaft']",['Allgemeine Elektricitäts-Gesellschaft.']
101,International Harvester Company,True,True,True,True,False,False,"['International Harvester Company, m.b.H.']",False,False,True,False,['International Harvester Co. m. b. H. '],"['International Harvester Company, m.b.H.']",True,False,False,True,False,False,False,False,['International Harvester G. m. b. H. (Germany)'],"['International Harvester Company, m.b.H.']",True,False,False,True,False,False,False,False,['International Harvester Co. GmbH'],"['International Harvester Company, m.b.H.']",True,False,False,True,False,True,False,False,,
102,International Harvester Export Co.,True,False,False,False,False,False,"['International Harvester Company, m.b.H.']",False,False,True,False,,,,,,,,,,,,,,,,,,,,,,,,,,,,,,,,
103,International Mercantile Marine Co.,False,False,True,False,False,False,,,,,,,,,,,,,,,,[''],[''],False,False,False,False,False,True,False,False,,,,,,,,,,,,
104,International Mortgage & Investment Corporation c/o Alien Property Custodian,True,False,False,False,False,False,['International Mortgage & Investment Corporation'],False,True,False,False,,,,,,,,,,,,,,,,,,,,,,,,,,,,,,,,
105,"International Patent Corporation, Maryland",False,False,False,True,False,False,,,,,,,,,,,,,,,,,,,,,,,,,,['Vereinigte Aluminiumwerke A. G.'],[''],False,False,False,False,False,False,True,False,,
106,International Securities Company,True,False,False,False,False,False,['Singer Nahmaschinen Aktiengesellschaft'],False,False,True,False,,,,,,,,,,,,,,,,,,,,,,,,,,,,,,,,
107,International Standard Electric Corp.,True,False,False,True,False,False,"['Lorenz, C. A.G.', 'Standard Elektrizitats Ges., A.G.']",False,False,True,False,,,,,,,,,,,,,,,,,,,,,"['Dr. Erich Huth G.m.b.H.', 'Vereinigte Bayerische Telephonwerke A.G.', 'Standard Telephon & Radio A.G.', 'Belton AG.']","['Dr. Erich F. Huth G.m.b.H.', 'Vereinigte Bayerische Telephonwerke AG', 'Standard Telephon & Radio A.G.', 'Belton A.G.']",True,True,True,True,False,False,False,False,,
108,International Telephone and Telegraph Corp.,True,False,False,True,True,True,"['Baruta Import and Export, GmbH', 'Baruta Import and Export, GmbH', 'Berliner Telephonie Aktiengesellschaft', 'Ferdinand Schuchhardt Berliner Fernsprech- und Telegraphenwerk Aktiengesellschaft', 'Gesellschaft Fur Telephon-und Telegraphenbeteilungen m.b.H.', 'Dr. Erich F. Huth G.m.b.H.', 'Lorenz, C. A.G.', 'Lorenz Radio Vertriebe G.m.b.H.', 'Ludwig Sudicates G.m.b.H.', 'Ludwig Sudicatis G.m.b.H.', 'Mix & Genest Aktiengesellschaft', 'Mix & Genest Hansawerke , G.m.b.H.', 'Rohr & Seilpost Anlagen, G.m.b.H.', 'Standard Elektrizitats Ges., A.G.', 'Suddeutsche Apparatefabrik Gesellschaft m.b.H.', 'Tefag Radio Vertriebs G.m.b.H.', 'Telephonfabrik Berliner A.G.', 'Telmo Telephon und Telegraphen Gesellschaft m.b.H.', 'Vereinigte Bayerische Telephonwerke Aktiengesellschaft', '""Volta"" Telephon & Signalbau G.m.b.H.']",False,False,True,False,,,,,,,,,,,,,,,,,,,,,"['Standard Elektrizitäts Gesellschaft', 'Mix & Genest', 'Berliner Telephonie', 'Mix & Genest Hansawerke G.m.b.H.', 'Rohr & Seilpostanlagen G.m.b.H.', 'Telmo Telephon & Telegraph G.m.b.H.', 'Volta Telephon & Signalbau G.m.b.H.', 'Emge-Union Oesterreichische Telephonwerke A.G.', 'Ferd. Schuchardt A.G.', 'Süddeutsche Apparate Fabrik G.m.b.H.', 'Telephonfabrik Berliner A.G. ', 'NV Nederlandse Telephonfabrik Berliner', 'Ludwig Sudicatis G.m.b.H. ', 'Vereinigte Telephon & Telegraph A.G. Czeija Nissl', 'C. Lorenz A.G.', 'Lorenz Radio Vertriebs G.m.b.H.', 'Tefag Radio Vertriebs G.m.b.H.', 'Gesellschaft für Telephon und Telegraphenbeteiligungen G.m.b.H.', 'Creed Telegraph Apparate G.m.b.H.']","['', 'Mix & Genest AG', 'Berliner Telephonie AG', 'Mix & Genest Hansawerke , G.m.b.H.', 'Rohr & Seilpost Anlagen, G.m.b.H.', 'Telmo Telephon und Telegraphen Gesellschaft m.b.H.', '""Volta"" Telephon & Signalbau G.m.b.H.', 'Emge-Union Oesterreichische Telephonwerke A.G.', 'Ferd. Schuchardt A.G.', 'Suddeutsche Apparatefabrik Gesellschaft m.b.H.', 'Telephonfabrik Berliner AG', '', 'Ludwig Sudicates G.m.b.H.', '', 'C. Lorenz AG', 'Lorenz Radio Vertriebe G.m.b.H.', 'Tefag Radio Vertriebs G.m.b.H.', 'Gesellschaft für Telephon und Telegraphenbeteiligungen G.m.b.H.', 'Creed Telegraph Apparate G.m.b.H.']",True,True,True,True,False,False,False,False,"['C. Lorenz Aktiengesellschaft', 'Mix & Genest Aktiengesellschaft', 'Standard Elektrizitäts-Gesellschaft Aktiengesellschaft (S.E.G.)']","['Mix & Genest Aktiengesellschaft. ', 'C. Lorenz Aktiengesellschaft, Telephon- und Telegraphen-Werke, Eisenbahnsignal-Bauanstalt.']"
109,Intertype Corporation,True,True,True,False,False,False,"['Intertype Fabrik G.m.b.H.', 'Intertype Setzmaschinen G.m.b.H.']",False,False,True,False,"['Intertype Setzmaschinen G. m. b. H.', 'Intertype Fabric G. m. b. H.']","['Intertype Setzmaschinen G.m.b.H.', 'Intertype Fabrik G.m.b.H.']",True,False,False,True,False,False,False,False,"['Intertype Setzmachinen G.m.b.H.', 'Intertype Fabric G. m. b. H. (Germany)']","['Intertype Setzmaschinen G.m.b.H.', 'Intertype Fabrik G.m.b.H.']",True,False,False,True,False,False,False,False,,,,,,,,,,,,
110,J. E. Bernard & Co. Inc.,True,False,False,False,False,False,['J. E. Bernard & Co. G.m.b.H.'],False,False,True,False,,,,,,,,,,,,,,,,,,,,,,,,,,,,,,,,
111,Jadev Corporation,True,False,False,False,False,False,"['Allgemeine Erdol Gesellschaft, m.b.H.', 'Gewerkschaft Brigitta', 'Mecklenburgische Erdol G.m.b.H.', 'Oldenburgische Erdol Gesellschaft m.b.H.', 'Oldenburgische Erdol Gesellschaft m.b.H.']",True,False,True,False,,,,,,,,,,,,,,,,,,,,,,,,,,,,,,,,
112,Johnson & Son. St. Louis,False,False,False,True,False,False,,,,,,,,,,,,,,,,,,,,,,,,,,['Deutsche Johnson A. G.'],['Deutsche Johnson A. G.'],True,False,True,False,False,False,False,False,,
113,Jones (J. Edward) Royalty Trust,False,False,True,False,False,False,,,,,,,,,,,,,,,,[''],[''],False,False,False,False,False,True,False,False,,,,,,,,,,,,
114,Julius Kayser & Company,False,True,True,True,False,False,,,,,,"['Kayser Textile-Gesellschaft, m. b. H. in Saxony']","['Kayser Textile-Gesellschaft, m. b. H. in Saxony']",True,False,False,True,False,False,False,False,"['Kayser Textil-Gesellschaft, m. b. H. in Saxony']","['Kayser Textile-Gesellschaft, m. b. H. in Saxony']",True,False,False,True,False,False,False,False,['Kayser Textile G.m.b.H.'],"['Kayser Textile-Gesellschaft, m. b. H. in Saxony']",False,False,False,False,False,False,False,False,,
115,Koenig Medicine Co.,True,False,False,False,False,False,['Koenig Medicine Company'],False,False,False,True,,,,,,,,,,,,,,,,,,,,,,,,,,,,,,,,
116,Kraft Cheese Company,True,False,False,True,False,False,"['Betz & Jay, GmbH', 'Jocca Werke G.m.b.H.', 'Kohler-Werke G.m.b.H.', 'Kraft Kaese Werke G.m.b.H.', 'Kraft Kaese Werke G.m.b.H.', 'Lindor Werke G.m.b.H.']",False,False,True,False,,,,,,,,,,,,,,,,,,,,,"['Betz & Jay G.m.b.H.', 'Kraft Käse Werke G.m.b.H.', 'Locca Käse Werke G.m.b.H.', 'Kohler-Werke G.m.b.H.', 'Lindor- Werke G.m.b.H.']","['Betz & Jay, GmbH', 'Kraft Kaese Werke G.m.b.H.', 'Jocca Werke G.m.b.H.', 'Kohler-Werke G.m.b.H.', 'Lindor Werke G.m.b.H.']",True,False,False,True,False,False,False,False,,
117,Kupfer Bros. Co. Inc.,True,False,False,False,False,False,"['Werola Krepp & Buntpapierfabrik G.m.b.H.', 'Wilheim Stern & Co. G.m.b.H.']",False,False,True,False,,,,,,,,,,,,,,,,,,,,,,,,,,,,,,,,
118,L. C. Smith & Corona Typewriters Inc.,True,True,True,False,False,False,['L. C. Smith & Corona Schreihmaschinen G.m.b.H.'],False,False,True,False,"['L. C. Smith & Corona Schreibmaschinen G m.b.H., Berlin, Germany']",['L. C. Smith & Corona Schreihmaschinen G.m.b.H.'],True,False,False,True,False,False,False,False,"['L. C. Smith & Corona Schreibmaschinen G.m.b.H., Berlin, Germany']",['L. C. Smith & Corona Schreihmaschinen G.m.b.H.'],True,False,False,True,False,False,False,False,,,,,,,,,,,,
119,Lehn & Pink Products Corporation,True,False,True,False,False,False,['A. S. Hinds A.G.'],False,False,True,False,,,,,,,,,,,"['Schuelke & Mayr, A. G.']",[''],True,False,True,False,False,False,False,False,,,,,,,,,,,,
120,"Lentheric, Incorporated",True,False,False,False,False,False,"['Parfume Lentheric, G.m.b.H.']",False,False,True,False,,,,,,,,,,,,,,,,,,,,,,,,,,,,,,,,
121,Libbey-Owens-Ford Glass Company,False,True,True,True,False,False,,,,,,"['Deutsche Libbey-Owens Gesellschaft fuer Maschinelle Glasherstellung, Aktiengesellschaft, Gelsenkirchen, Germany.']",[''],False,False,False,False,False,False,False,True,['Deutsche Libbey-Owens Gesellschaft fuer Maschinelle Glasherstellung (Aktiengesellschaft)'],[''],False,False,False,False,False,False,False,True,"['Deutsche Libbey -Owens Gesellschaft für machinelle Glasherstellung A. G.', 'Deutsche Tafelglas A. G.']","['Deutsche Libbey-Owens Gesellschaft für machinelle Glasherstellung A.G.', 'Deutsche Tafelglas Aktiengesellschaft (Detag). ']",True,True,True,False,False,False,False,False,,
122,"Libby, McNeill & Libby",True,False,False,False,False,False,"['Deutsche Libby Gesellschaft, m.b.H.']",False,False,True,False,,,,,,,,,,,,,,,,,,,,,,,,,,,,,,,,
123,Ligget & Myers Tobacco Co.,False,False,False,True,False,False,,,,,,,,,,,,,,,,,,,,,,,,,,['British-American Tobacco (Deutschland) G.m.b.H. '],[''],False,True,False,False,False,False,False,False,,
124,"Lingner Corporation, New York",False,False,False,True,False,False,,,,,,,,,,,,,,,,,,,,,,,,,,['Lingner Werke A.G.'],[''],False,False,False,False,False,False,True,False,,
125,Loew's Incorporated,True,False,False,False,True,False,['Metro-Goldwyn Mayer Film A.G.'],False,False,True,False,,,,,,,,,,,,,,,,,,,,,,,,,,,,,,,['Metro-Goldwyn-Mayer Film Aktiengesellschaft'],
126,Lohn & Fink Products Corporation,True,False,False,False,False,False,['Schulke & Mayr A.G.'],False,False,True,False,,,,,,,,,,,,,,,,,,,,,,,,,,,,,,,,
127,"Lykes Bros. Steamship Co., Inc.",True,False,False,False,False,False,"['Deutsche American Shipping Co. (Bremen) G.m.b.H.', 'Deutsche American Shipping Co. (Bremen) G.m.b.H.']",False,False,True,False,,,,,,,,,,,,,,,,,,,,,,,,,,,,,,,,
128,Magdalena Syndicate,True,True,False,False,True,False,['Edoel-Bergbau Aktiengesellschaft Celle Norddeutsche Mineraloel Aktiengesellschaft'],False,False,True,False,['Nord Deutsche Mineraloel A. G.'],[''],True,False,True,False,False,False,False,False,,,,,,,,,,,,,,,,,,,,,['Norddeutsche Mineralöl-Aktiengesellschaft'],
129,Markt & Co. Inc.,True,False,False,False,False,False,['Markt & Co.'],False,True,False,False,,,,,,,,,,,,,,,,,,,,,,,,,,,,,,,,
130,Markt & Hammacher Co.,True,False,True,False,False,False,['Markt & Co.'],False,False,False,True,,,,,,,,,,,[''],[''],False,False,False,False,False,True,False,False,,,,,,,,,,,,
131,"Mccann-Erickson, Inc.",True,False,False,False,False,False,"['Gesellschaft fur markt und schgerechte Werberatung', 'H. K. Mccann Company, m.b.H.']",False,False,True,False,,,,,,,,,,,,,,,,,,,,,,,,,,,,,,,,
132,Mergenthaler Linotype Company,True,True,True,True,False,False,"['Linotype, G.m.b.H.', 'Mergenthaler Setzmaschinen-Fabrik, G.m.b.H.', 'Schriftgiesserei und Messinglinienfabrik D. Stempel Akt.']",False,False,True,False,['Margenthaler Setzmaschinen Fabrik G.m.b.H. of Germany'],"['Mergenthaler Setzmaschinen-Fabrik, G.m.b.H.']",True,False,False,True,False,False,False,False,['Mergenthaler Setzmaschinen-Fabrik G.m.b.H.'],"['Mergenthaler Setzmaschinen-Fabrik, G.m.b.H.']",True,False,False,True,False,False,False,False,['Mergenthaler Setzmaschinenfabrik G.m.b.H.'],"['Mergenthaler Setzmaschinen-Fabrik, G.m.b.H.']",True,False,False,True,False,False,False,False,,
133,Metal and Thermit Corp.,False,False,False,True,False,False,,,,,,,,,,,,,,,,,,,,,,,,,,['Siemens & Halske'],[''],False,False,False,False,False,False,True,False,,
134,Metallic Products Corp. c/o US Corp. Co.,True,False,False,False,False,False,['Metallpulver G.m.b.H.'],False,False,True,False,,,,,,,,,,,,,,,,,,,,,,,,,,,,,,,,
135,Metals Coating Company of America,False,False,False,False,True,True,,,,,,,,,,,,,,,,,,,,,,,,,,,,,,,,,,,,"['Metallisator Akt.-Ges.', 'Metallisator Berlin Akt.-Ges.']",['Metallisator Berlin Aktiengesellschaft.']
136,Metro-Goldwyn-Mayer Pictures Corporation,False,False,False,True,False,False,,,,,,,,,,,,,,,,,,,,,,,,,,['Metro-Goldwyn-Mayer Film A.G.'],['Metro-Goldwyn-Mayer Film AG'],True,False,True,False,False,False,False,False,,
137,Moto Meter Gauge & Equipment Corp.,False,True,True,False,False,False,,,,,,"['Moto Meter Gesellschaft, m. b. H., Germany. ']","['Moto Meter Gesellschaft, m. b. H.']",True,False,False,True,False,False,False,False,['Moto Meter Gesellschaft m. b. H.'],"['Moto Meter Gesellschaft, m. b. H.']",True,False,False,True,False,False,False,False,,,,,,,,,,,,
138,National Lead Company,True,True,True,True,False,False,['Zinnwerke Wilheimsburg G.m.b.H.'],False,False,True,False,['Titangesellschaft M. B. H.'],['Titangesellschaft m.b.H.'],True,False,False,True,False,True,False,False,"['Titangesellschaft M. B. H.', ' I. G. Farbenindustrie']","['Titangesellschaft m.b.H.', '']",True,False,False,True,False,False,False,True,['Titan G.m.b.H.'],['Titangesellschaft m.b.H.'],True,False,False,True,False,False,False,False,,
139,"New England Industries, Inc.",True,False,False,False,False,False,"['Erkensator G.m.b.H.', 'Fullnerwerk G.m.b.H.', 'Maschinen-Export G.m.b.H.', 'Maschinenfabrik Banning & Seybold A.G.', 'Maschinenfabriken Wagner-Doerries Aktiengesellschaft (formerly: Maschinenfabrik Aktiengesellschaft vorm. Wagner & Co. )']",False,False,True,False,,,,,,,,,,,,,,,,,,,,,,,,,,,,,,,,
140,"New Jersey Industries, Inc.",True,False,False,False,False,False,"['Aktiengesellschaft fuer Anlagewerte', 'Aktiengesellschaft fuer Anlagewerte', 'Bekleidungs-Aktiengesellschaft', 'Defaka, Deustche Familienkaufhaus G.m.b.H.', 'Industrie-Export Aktiengesellschaft', 'Injecta Aktiengesellschaft zur Fabrikation Chiurgischer Instruments', 'Injecta Aktiengesellschaft zur Fabrikation Chiurgischer Instruments', 'Emil Koster Aktiengesellschaft', 'Mundlos Akteingesellschaft, Magdeburg']",False,False,True,False,,,,,,,,,,,,,,,,,,,,,,,,,,,,,,,,
141,New York Shipbuilding Corporation,False,True,True,False,False,False,,,,,,['Maschinenfabrik Augsburg Nurnberg A. G. of Germany'],[''],False,False,False,False,False,False,False,True,['Maschinenfabrik Augsburg Nurnberg A. C. of Germany'],[''],False,False,False,False,False,False,False,True,,,,,,,,,,,,
142,"North American Rayon Corporation, Tenessee",False,False,False,True,False,False,,,,,,,,,,,,,,,,,,,,,,,,,,['Vereinigte Glanzstoff A.G.'],[''],False,False,False,False,False,False,True,False,,
143,North European Oil Corp.,True,True,True,False,False,False,['Nord-Europaeische Oel'],False,False,False,True,"[' Oldenburgische Erdoel G.m.b.H.', 'Explora G.m. b. H.', 'Westoel G.m.b.H.', 'Ostoel G.m.b.H.']","['Oldenburgische Erdol Gesellschaft m.b.H.', 'Explora G.m.b.H.', 'West-Oel Gesellschaft m.b.H.', 'Ost-Oel G.m.b.H.']",True,False,False,True,False,False,False,False,"['West-Oel G.m.b.H.', 'Erdoelwerke Wathlingen, Wuerttembergische Mineralgesellschaft m.b.H.', 'Nordeuropaeische Oelgesellschaft m.b.H.', 'Gewerkschaft Regina zu Caan', 'Oldenburgische Oelausbeutungesellschaft m.b.H.', 'Harburger Bergbau G.m.b.H.']","['West-Oel Gesellschaft m.b.H.', 'Erdoelwerke Wathlingen, Wuerttembergische Mineralgesellschaft m.b.H.', 'Nordeuropaeische Oelgesellschaft m.b.H.', 'Gewerkschaft Regina zu Caan', 'Oldenburgische Oelausbeutungesellschaft m.b.H.', 'Harburger Bergbau G.m.b.H.']",True,False,False,True,False,False,False,False,,,,,,,,,,,,
144,Northeastern Insurance Company of Hartford,True,False,False,False,False,False,['Northeastern Insurance Co. of Hartford'],False,True,False,False,,,,,,,,,,,,,,,,,,,,,,,,,,,,,,,,
145,Norton Company,True,True,True,True,False,False,"['Deutsche Norton-Gesellschaft, m.b.H.']",False,False,True,False,"['Deutsche Norton Gesellschaft m.b.H., Wesseling, Germany']","['Deutsche Norton-Gesellschaft, m.b.H.']",True,False,False,True,False,False,False,False,"['Deutsche Norton Gesellschaft m.b.H., Wesseling, Germany']","['Deutsche Norton-Gesellschaft, m.b.H.']",True,False,False,True,False,False,False,False,['Deutsche Norton G.m.b.H.'],"['Deutsche Norton-Gesellschaft, m.b.H.']",True,False,False,True,False,False,False,False,,
146,Oliver United Filters Inc.,False,True,False,False,False,False,,,,,,"['Dorr-Oliver G.m.b.H., Berlin, Germany']","['Dorr-Oliver G.m.b.H., Berlin, Germany']",True,False,False,True,False,False,False,False,,,,,,,,,,,,,,,,,,,,,,
147,Oppenheimer Casing Co. Del.,True,False,False,False,False,False,['Oppenheimer Casing Co. m.b.H. Hamburg'],False,False,True,False,,,,,,,,,,,,,,,,,,,,,,,,,,,,,,,,
148,"Ore & Chemical Corporation, New York",False,False,False,True,False,False,,,,,,,,,,,,,,,,,,,,,,,,,,['Metallgesellschaft A.G.'],['Metallgesellschaft A.G.'],False,False,False,False,False,False,True,False,,
149,Otis Elevator Company,True,False,True,True,False,False,['Otis Aufzugswerke G.m.b.H.'],False,False,True,False,,,,,,,,,,,['Otis Aufzugswerke G.m.b.H.'],['Otis Aufzugswerke G.m.b.H.'],True,False,False,True,False,False,False,False,['Otis Aufzugswerke G.m.b.H.'],['Otis Aufzugswerke G.m.b.H.'],True,False,False,True,False,False,False,False,,
150,Pan American Foreign Corporation (Controlled by Standard Oil Co. [N. J.]),False,True,True,True,False,False,,,,,,['Ebano Asphalt Werke A. G.; Ebano Asphalt Gesellschaft m. b. H.; Emas A.G. fuer Strassenbaubedarf; Euphalt Gesellschaft m.b.H.; Taerbaustoff Gesellschaft m.b.H.'],[''],True,False,True,False,False,False,False,False,"['Ebano Asphalt Werke A. G.', 'Ebano Asphalt Gesellschaft m.b.H.', 'Emas A.G. fuer Strassenbaubedarf', 'Euphalt Gesellschaft m.b.H.', 'Teebaustoff Gesellschaft m.b.H.']","['', 'Ebano Asphalt Gesellschaft m.b.H.', '', 'Euphalt Gesellschaft m.b.H.', 'Teerbaustoff Gesellschaft m.b.H.']",True,False,True,True,False,False,False,False,[' Ebano Asphaltwerke A. G.'],['Ebano Asphalt-Werke Aktiengesellschaft'],True,False,True,False,False,False,False,False,,
151,Pan Foreign Corporation,True,False,False,False,False,False,"['Busscher & Hoffman Aktiengesellschaft', 'Ebano Asphalt-Werke Aktiengesellschaft', 'Emas Gesellschaft Fuer Strassenbaubedarf, m.b.H.', 'Vereinigte Asphalt und Teerproducktenfabriken Gesellschaft mit Beschrankter Haftung']",False,False,True,False,,,,,,,,,,,,,,,,,,,,,,,,,,,,,,,,
152,"Paramount Pictures, Inc.",True,True,True,False,True,True,['Paramount Film Aktiengesellschaft'],False,False,True,False,"['Paramount Film Vertreib G. m. b. H., Berlin, Germany']","['Paramount Film Vertreib G. m. b. H., Berlin, Germany']",True,False,False,True,False,False,False,False,"['Paramount Film Vertrieb G.m.b.H., Berlin, Germany']","['Paramount Film Vertreib G. m. b. H., Berlin, Germany']",True,False,False,True,False,False,False,False,,,,,,,,,,,['Paramount Film Aktiengesellsehaft'],['Paramount Film Aktiengesellschaft.']
153,Parker Pen Co.,False,True,True,False,False,False,,,,,,"['Parker Pen Co., G.m.b.H., Berlin, Germany']","['Parker Pen Co., G.m.b.H., Berlin, Germany']",True,False,False,True,False,False,False,False,['Parker A. G.'],[''],False,False,False,False,False,False,False,False,,,,,,,,,,,,
154,"Peat, Marwick, Mitchell & Co. (General Partnership)",True,False,False,False,False,False,"['Peat, Marwick, Mitchell & Co. (Berlin Partnership)']",True,False,False,False,,,,,,,,,,,,,,,,,,,,,,,,,,,,,,,,
155,"Pembroke Chemical Co., Florida",False,False,False,True,False,False,,,,,,,,,,,,,,,,,,,,,,,,,,['Metallgesellschaft A.G.'],['Metallgesellschaft A.G.'],False,False,False,False,False,False,True,False,,
156,Penton Publishing Co.,False,True,True,False,False,False,,,,,,[''],[''],False,False,False,False,False,True,False,False,[''],[''],False,False,False,False,False,True,False,False,,,,,,,,,,,,
157,"Philip Morris & Co. Ltd., Inc.",True,False,False,False,False,False,['Philip Morris & Co. Limited G.m.b.H.'],False,False,True,False,,,,,,,,,,,,,,,,,,,,,,,,,,,,,,,,
158,Pitney-Bowes Postage Meter Co.,False,False,True,False,False,False,,,,,,,,,,,,,,,,['Francotype-Gesellschaft of Berlin'],[''],False,False,False,False,False,False,False,True,,,,,,,,,,,,
159,Pown Corporation,True,False,False,False,False,False,['Kodak Aktiengesellschaft'],False,False,True,False,,,,,,,,,,,,,,,,,,,,,,,,,,,,,,,,
160,"Price, Waterhouse & Co.",True,False,False,False,False,False,"['Price, Waterhouse & Co.']",True,False,False,False,,,,,,,,,,,,,,,,,,,,,,,,,,,,,,,,
161,Pueping (Fred) Leather Co.,False,True,False,False,False,False,,,,,,[''],[''],False,False,False,False,False,True,False,False,,,,,,,,,,,,,,,,,,,,,,
162,Pure Oil Co.,True,False,False,True,False,False,['Oelwerke Julius Schindler G.m.b.H.'],False,False,True,False,,,,,,,,,,,,,,,,,,,,,['Oelwerke Julius Schindler G.m.b.H.'],['Oelwerke Julius Schindler G.m.b.H.'],True,False,False,True,False,False,False,False,,
163,Pyrene Minimax Corporation,False,False,False,True,False,False,,,,,,,,,,,,,,,,,,,,,,,,,,['Minimax A. G.'],[''],False,False,False,False,False,False,True,False,,
164,Quaker Oats Co.,True,True,True,False,False,False,"['Quaker Nahrmittel, G.m.b.H.', 'Quaker Oats Co. G.m.b.H.']",False,False,True,False,[''],[''],False,False,False,False,False,True,False,False,[''],[''],False,False,False,False,False,True,False,False,,,,,,,,,,,,
165,R. Schiffmann Co.,True,False,False,False,False,False,['R. Schiffman & Co. G.m.b.H.'],False,False,True,False,,,,,,,,,,,,,,,,,,,,,,,,,,,,,,,,
166,Radio Corporation of America,False,True,True,False,False,False,,,,,,[''],[''],False,False,False,False,False,True,False,True,"['', '']","['', '']",True,False,False,False,False,False,False,False,,,,,,,,,,,,
167,Radio-Keith-Orpheum Corporation (Controlled by Radio Corp. of America),False,True,True,False,False,False,,,,,,"['AEG, Siemens and Halske, and Tobis Klangfilm']",[''],False,False,False,False,False,False,False,False,"['A. E. G. group, Siemens & Halske A. G., and Tobis Klangfilm Co. R. C. A. Photophones']",[''],False,False,False,False,False,False,False,True,,,,,,,,,,,,
168,Remington Rand Inc.,True,True,True,True,True,False,"['Jahresuhren Fabrik G.m.b.H.', 'Kardex A.G.', 'Kardex A.G.', 'Kardex System G.m.b.H.', 'Powers G.m.b.H.', 'Remington Buromaschinen G.m.b.H.', 'Sela Automatic Camera', 'Torpedo-Werke A.G.', 'Torpedo-Werke A.G.']",False,False,True,True,['Torpedo'],[''],True,False,True,False,False,True,False,False,['Torpedo'],[''],False,False,False,False,False,False,False,True,['Remington Schreibmaschinen G.m.b.H.'],['Remington Buromaschinen G.m.b.H.'],True,False,False,True,False,False,False,False,"['Torpedo-Fahrräder u. Schreibmaschinen, Weilwerke A.-G.']",
169,"Revertex Corporation of America, New York",False,False,False,True,False,False,,,,,,,,,,,,,,,,,,,,,,,,,,['Metallgesellschaft A.G.'],['Metallgesellschaft A.G.'],False,False,False,False,False,False,True,False,,
170,Richard Hudnut,True,False,False,True,False,False,"['Lohse, Gustave A.G.', 'Richard Hudnut G.m.b.H.']",False,False,True,False,,,,,,,,,,,,,,,,,,,,,"['""Dom"" Finanz A. G. für chemische Unternehmenungen', 'Goedecke & Co.', 'Gustav Lohse A. G.', 'Richard Hudnut G.m.b.H.']","['""Dom"" Finanz A. G. für chemische Unternehmenungen', 'Gödecke & Co. Chemische Fabrik AG', 'Gustav Lohse AG', 'Richard Hudnut G.m.b.H.']",True,True,True,False,False,False,False,False,,
171,"Ridel-de Haën, Inc., New York",False,False,False,True,False,False,,,,,,,,,,,,,,,,,,,,,,,,,,['The J. D. Ridel-de Haen A.G.'],[''],False,False,False,False,False,False,True,False,,
172,"Ritter Company, Inc. (Formerly Ritter Dental Mfg. Co., Inc)",True,True,True,True,True,True,"['Ritter, A.G.']",False,False,True,False,"['Ritter, A.G.']",[''],True,False,True,False,False,True,False,False,"['Ritter, A. G.']",[''],True,False,True,False,False,True,False,False,['Ritter A.G.'],['Ritter AG'],True,False,True,False,False,False,False,False,['Ritter Aktiengesellschaft'],['Ritter Aktiengesellschaft.']
173,"Robert Reiner, Incorporated",True,False,False,False,False,False,['Maschinenfabril EINSIEDEL G.m.b.H.'],False,False,True,False,,,,,,,,,,,,,,,,,,,,,,,,,,,,,,,,
174,Robert W. Hunt Company,True,False,False,False,False,False,['Robert W. Hunt Company'],False,True,False,False,,,,,,,,,,,,,,,,,,,,,,,,,,,,,,,,
175,Rossia International Corporation,False,False,False,False,True,True,,,,,,,,,,,,,,,,,,,,,,,,,,,,,,,,,,,,['Iduna Holding Aktiengesellschatt'],['Iduna Holding Aktiengesellschaft.']
176,Royal Baking Powder Company,False,True,True,False,False,False,,,,,,"['Deutsche Royal Backpulver, Gesellschaft m.b.H, Berlin, Germany.']","['Deutsche Royal Backpulver, Gesellschaft m.b.H, Berlin, Germany.']",True,False,False,True,False,False,False,False,"['', 'Deutsche Royal Backpulver, Gesellschaft m.b.H., Berlin, Germany']","['', 'Deutsche Royal Backpulver, Gesellschaft m.b.H, Berlin, Germany.']",True,False,False,True,False,False,False,False,,,,,,,,,,,,
177,"Royal Typewriter Company, Inc.",True,True,True,True,False,False,"['Orga Akt. Ges.', 'Royal Schreihmaschinen, G.m.b.H.']",False,False,True,False,"['Royal Schreibmaschinen G. m. b. H., of Berlin']","['Royal Schreihmaschinen, G.m.b.H.']",False,False,False,True,True,True,False,False,"['Royal Schreibmaschinen G. m. b. H., of Berlin']",[''],False,False,False,False,True,True,False,False,['Royal Schreibmaschinen G.m.b.H.'],"['Royal Schreihmaschinen, G.m.b.H.']",True,False,False,True,False,False,False,False,,
178,S O. Realizatio Co. Inc.,False,False,True,False,False,False,,,,,,,,,,,,,,,,[''],[''],True,False,False,False,False,True,False,False,,,,,,,,,,,,
179,Schilling Estate Company,True,False,False,False,False,False,['Holzwarth Gasturbinen'],False,False,True,False,,,,,,,,,,,,,,,,,,,,,,,,,,,,,,,,
180,Schoonmaker-Scott Company,True,False,False,False,False,False,"['Butler Brothers, G.m.b.H.']",False,False,True,False,,,,,,,,,,,,,,,,,,,,,,,,,,,,,,,,
181,Seabrook International Engineering Corp.,False,False,True,False,False,False,,,,,,,,,,,,,,,,[''],[''],False,False,False,False,False,True,False,False,,,,,,,,,,,,
182,Seiberling Rubber Co.,False,True,False,False,False,False,,,,,,"['Fulda Rubber Co. of Fulda, Germany']","['Fulda Rubber Co. of Fulda, Germany']",False,False,False,True,False,False,False,True,,,,,,,,,,,,,,,,,,,,,,
183,"Servel, Inc.",False,False,False,True,False,False,,,,,,,,,,,,,,,,,,,,,,,,,,['Elektrolux A.G. '],['Elektrolux A.G.'],True,False,True,False,False,False,False,False,,
184,"Siemens Inc., New York",False,False,False,True,False,False,,,,,,,,,,,,,,,,,,,,,,,,,,['Siemens & Halske'],[''],False,False,False,False,False,False,True,False,,
185,Signode International Limited,True,False,False,False,False,False,['Signode System G.m.b.H.'],False,False,True,False,,,,,,,,,,,,,,,,,,,,,,,,,,,,,,,,
186,Signode Steel Strapping Co.,True,True,True,False,False,False,['Signode System G.m.b.H.'],False,False,True,False,[''],[''],True,False,False,False,False,False,False,False,[''],[''],True,False,False,False,False,False,False,False,,,,,,,,,,,,
187,Silesian-American Corporation,False,True,True,True,False,False,,,,,,"[""Bergwerkgesellschaft Georg von Giesche's Erben""]","[""Bergwerkgesellschaft Georg von Giesche's Erben""]",True,False,False,True,False,False,False,False,"[""Georg von Giesche's Heirs Mining Co. (Bergwerksgesellschaft Georg von Giesche's Erben)""]","[""Bergwerkgesellschaft Georg von Giesche's Erben""]",True,False,False,True,False,False,False,False,[''],[''],False,False,False,False,False,False,False,False,,
188,Singer Mfg. Co.,True,False,False,True,False,False,['Singer Nahmaschinen Aktiengesellschaft'],False,False,True,False,,,,,,,,,,,,,,,,,,,,,['Singer Nähmaschinen A.G.'],['Singer Nahmaschinen AG'],True,False,True,False,False,False,False,False,,
189,"Socony-Vacuum Oil Company, Inc.",True,False,False,True,True,False,"['Deutsche Vacuum Oel A.G.', 'Erdolbergbau A.G., Celle', 'Gewerkschaft Alfred', 'Gewerkschaft Ave 5', 'Gewerkschaft Carlsburg III', 'Gewerkschaft Konberg II', 'Gewerkschaft Ostfeld 1', 'Intava Arbeitsgemeinschaft Der Deutsche-Amerikanischen Petroleum-Gesellschaft Und Der Deutschen Vacuum Oil - Aktiengesellschaft Fur Entwicklung Und Vertrieb Von Luftfahrt-Kraft- Und Schmierstoffen', 'Petrolifer Rohoelcompagnie A.G.', 'West-Oel Gesellschaft m.b.H.']",False,False,True,False,,,,,,,,,,,,,,,,,,,,,"['Deutsche Vacuum Oel A. G.; The Vacuum Oil Co S. P., Prague; Naftaspol A. S., Czechoslovakia .']",['Deutsche Vacuum Oel AG'],True,False,True,False,False,False,False,False,['Deutsche Vacuum Oel Akt.-Ges.'],
190,Spirella International Incorporated,True,False,False,False,False,False,"['Spirella Gesellschaft m.b.H.', 'Spirella Gesellschaft m.b.H.']",False,False,True,False,,,,,,,,,,,,,,,,,,,,,,,,,,,,,,,,
191,St. Andrews Bay Lumber Co.,False,False,True,False,False,False,,,,,,,,,,,,,,,,[''],[''],False,False,False,False,False,False,False,False,,,,,,,,,,,,
192,St. Regis Paper Co.,True,False,False,False,False,False,['Bates Maschinen GmbH'],False,False,True,False,,,,,,,,,,,,,,,,,,,,,,,,,,,,,,,,
193,"Standard Brand, Inc.",False,False,False,True,False,False,,,,,,,,,,,,,,,,,,,,,,,,,,['Deutsche (Royal ) Backpulver G.m.b.H. '],[''],False,False,False,False,False,False,False,False,,
194,"Standard Commercial Tobacco Co., Inc.",True,True,False,False,False,False,['Werkhof G.m.b.H.'],False,False,True,False,['German-American Tobacco Co.'],['German-American Tobacco Co.'],False,False,False,True,True,True,False,True,,,,,,,,,,,,,,,,,,,,,,
195,Standard I.G.,False,False,False,True,False,False,,,,,,,,,,,,,,,,,,,,,,,,,,[''],[''],False,False,False,False,False,False,False,False,,
196,Standard Oil Company (Indiana),False,True,False,False,False,False,,,,,,[''],[''],False,False,False,False,False,True,False,False,,,,,,,,,,,,,,,,,,,,,,
197,Standard Oil Company (New Jersey),True,True,True,True,True,True,"['Allgemeine Oel-Handels-Gesellschaft mit beschrankter Haftung', 'Deutsch-Amerikanische Petroleum-Gesellschaft', 'Deutsch-Amerikanische Petroleum-Gesellschaft', 'Deutsche Gasolin Aktiengesellschaft', 'Deutsche Landerbank Aktiengesellschaft', '""Gluckauf"" Deutsche Oel Gesellschaft Hersfeld & Co., G.m.b.H.', 'Intava Arbeitsgemeinschaft Der Deutsche-Amerikanischen Petroleum-Gesellschaft Und Der Deutschen Vacuum Oil - Aktiengesellschaft Fur Entwicklung Und Vertrieb Von Luftfahrt-Kraft- Und Schmierstoffen', 'Mineraloel-Raffinerie vorm. August Korff', 'Norddeustche Mineraloelwerke Stettin G.m.b.H.', 'Privatanschlussbahn Borgsdorf-Birkenwerder G.m.b.H.', 'Waried Tankschiff Rhederei G.m.b.H.', 'Waried Tankschiff Rhederei G.m.b.H.', 'Titan-Oel-Gesellschaft m.b.H.']",False,False,True,False,"['Deutsch Amerikanische Petroleum Ges. (Germany)', 'I. G. Farbenindustrie A. G.']","['', '']",True,False,True,False,False,False,False,True,"['Deutsch Amerikanische Petroleum Ges. (Germany)', '-']","['', '']",True,False,True,False,False,False,False,True,"['Deutsch-Amerikanische Petroleum Gesellschaft', 'Mineralöl Raffinerie vorm . August Korf A.G.', 'Deutsche Gasolin A.G.']","['Deutsch-Amerikanische Petroleum-Gesellschaft', 'Mineraloel-Raffinerie vorm. August Korff', 'Deutsche Gasolin AG']",True,False,True,False,False,False,False,False,"['Deutsch-Amerikanische Petroleum-Ges.', 'Mineraloel-Raffinerie vorm. August Korff']","['Mineraloel-Raffinerie vorm. August Korff.', 'Deutsch-Amerikanische Petroleum-Gesellschaft.']"
198,Stauffer Chemical Co.,True,False,False,False,False,False,['Suddeutsche Chemische Werke'],False,False,True,False,,,,,,,,,,,,,,,,,,,,,,,,,,,,,,,,
199,Steinway & Sons,True,False,False,False,False,False,['Steinway & Sons'],False,True,False,False,,,,,,,,,,,,,,,,,,,,,,,,,,,,,,,,
200,Submarine Signal Co.,True,False,False,False,False,False,['Signal Gesellschaft m.b.H.'],False,False,True,False,,,,,,,,,,,,,,,,,,,,,,,,,,,,,,,,
201,Swift & Company,True,False,False,False,False,False,"['Swift & Company, G.m.b.H.', 'Swift & Company, G.m.b.H.']",False,False,True,False,,,,,,,,,,,,,,,,,,,,,,,,,,,,,,,,
202,Swift and Company (Illinois),True,False,False,False,False,False,['Hanseatische Grundbitz Gesellschaft m.b.H.'],False,False,True,False,,,,,,,,,,,,,,,,,,,,,,,,,,,,,,,,
203,"Swiss ""Borvisk"" Company",True,False,False,False,False,False,"['""Borvisk"" Kunstseiden-Vertriebsgesellschaft, m.b.H.', 'Photochemie Kommandit Gesellschaft']",False,False,True,False,,,,,,,,,,,,,,,,,,,,,,,,,,,,,,,,
204,"Th. Goldschmidt Corporation, New York",False,False,False,True,False,False,,,,,,,,,,,,,,,,,,,,,,,,,,"['Th. Goldschmidt Aktiengesellschaft, Essen']",[''],False,False,False,False,False,False,True,False,,
205,The ARMCO International Corporation,True,False,False,True,False,False,['ARMCO Eisen G.m.b.H.'],False,False,True,False,,,,,,,,,,,,,,,,,,,,,"['Armco Eisengesellschaft m.b.H.', 'Vereinigte Stahlwerke']","['ARMCO Eisen G.m.b.H.', 'Vereinigte Stahlwerke']",True,False,False,True,False,False,False,True,,
206,"The American Express company, Incorporated.",True,False,False,True,False,False,['American Express Company mit Beschrankter Haftung'],False,False,True,False,,,,,,,,,,,,,,,,,,,,,['American Express Co. m.b.H.'],['American Express Company mit Beschrankter Haftung'],True,False,False,True,False,False,False,False,,
207,The American Laundry Maschinery Co.,True,False,False,False,False,False,"['Almco Waschereimaschinen, GmbH']",False,False,True,False,,,,,,,,,,,,,,,,,,,,,,,,,,,,,,,,
208,The Atlantic Refining Company,True,False,True,True,False,False,"['Allgemeine Oel-Handels, GmbH. (Oelhag)', 'The Atlantic Refining Company Germany GmbH', 'Atreco Oel-Handels GmbH.', 'Schlafhorst Chemische Werke, G.m.b.H.']",False,False,True,False,,,,,,,,,,,"['Atlantic Refining Co. of Germany', 'Allgemeine Oel Handels Ges. (Germany)']","['The Atlantic Refining Company Germany GmbH', 'Allgemeine Oel-Handels, GmbH. (Oelhag)']",True,True,False,True,False,False,False,False,"['Atlantic Refining Co. of Germany', 'Allgemeine Oelhandelsgesellschaft m.b.H.']","['The Atlantic Refining Company Germany GmbH', 'Allgemeine Oel-Handels, GmbH. (Oelhag)']",True,False,False,True,False,False,False,False,,
209,The Babcock & Wilcox Company,True,False,False,False,False,True,['Deustche Babcock & Wilcock'],False,False,True,False,,,,,,,,,,,,,,,,,,,,,,,,,,,,,,,,"['Deutsche Babcock & Wilcox-Dampfkessel-Werke, Actien-Gesellschaft.', 'Claudius Peters Aktiengesellschaft.']"
210,The Brecht Corporation,True,False,False,False,False,False,['The Brecht Corporation G.m.b.H.'],False,False,True,False,,,,,,,,,,,,,,,,,,,,,,,,,,,,,,,,
211,"The Coca-Cola Company (101 W. 10th Street Wilmington, Delaware)",True,False,False,True,False,False,"['Coca-Cola G.m.b.H.', 'Coca-Cola G.m.b.H.', 'Coca-Cola G.m.b.H.']",False,False,True,False,,,,,,,,,,,,,,,,,,,,,"['Coca-Cola G.m.b.H.', 'Deutsche Vertriebs Gesellschaft m.b.H. für Naturgetränke']","['Coca-Cola G.m.b.H.', 'Deutsche Vertriebs Gesellschaft m.b.H. für Naturgetränke']",True,True,False,True,False,False,False,False,,
212,"The Coca-Cola Export Corporation (101 W. 10th Street Wilmington, Delaware)",True,False,False,False,False,False,['Coca-Cola G.m.b.H.'],False,False,True,False,,,,,,,,,,,,,,,,,,,,,,,,,,,,,,,,
213,The Deimel Linen-Mesh System Company,True,False,False,False,False,False,"[""Branch-Dr. Deimel's Maschenleinen-Fabrik-(Deimel Linen-Mesh System Co. U.S.A.)""]",False,True,False,False,,,,,,,,,,,,,,,,,,,,,,,,,,,,,,,,
214,The Dentists' Supply Co. of New York,True,False,False,False,False,False,"['Standard Zahnfabrik A.G.', 'Zahnfabrik Wienand Soehne & Co.']",False,False,True,False,,,,,,,,,,,,,,,,,,,,,,,,,,,,,,,,
215,The Dorr Co.,True,False,False,True,False,False,['Dorr Gesellschaft m.b.H.'],False,False,True,False,,,,,,,,,,,,,,,,,,,,,['Dorr G.m.b.H.'],['Dorr Gesellschaft m.b.H.'],True,False,False,True,False,False,False,False,,
216,The Durer Corporation,True,False,False,False,False,False,"['Durer Scheifmittel, G.m.b.H.']",False,False,True,False,,,,,,,,,,,,,,,,,,,,,,,,,,,,,,,,
217,The Fairbanks Company,True,False,False,False,False,False,['The Fairbanks G.m.b.H. Company'],False,False,True,False,,,,,,,,,,,,,,,,,,,,,,,,,,,,,,,,
218,The Forak Company,True,False,False,False,False,False,['Ethyl Gesellschaft m.b.H.'],False,False,True,False,,,,,,,,,,,,,,,,,,,,,,,,,,,,,,,,
219,The Goodyear Tire & Rubber Company,False,False,True,True,True,True,,,,,,,,,,,,,,,,['Goodyear Tire & Rubber Co. A.G. (Germany)'],[''],True,False,True,False,False,False,False,True,['Goodyear Tire & Rubber Co. A. G.'],['The Goodyear Tire & Rubber Co. Aktiengesellschaft'],True,False,True,False,False,False,False,False,['The Goodyear Tire & Rubber Co. Aktiengesellschaft'],['The Goodyear Tire & Rubber Co. Aktiengesellschaft.']
220,The Guardian Life Insurance Company of America,True,False,False,False,False,False,"['The Guardian Life Insurance Company of America, European Branch, German Business']",False,True,False,False,,,,,,,,,,,,,,,,,,,,,,,,,,,,,,,,
221,The Hobart Manufacturing Company,True,True,True,False,False,False,"['Hobart Maschinen Gesellschaft, m.b.H.']",False,False,True,False,"['Hobart Gesellschaft, Hamburg, Germany']","['Hobart Maschinen Gesellschaft, m.b.H.']",True,False,False,True,False,False,False,False,"['Hobart Gesellschaft, Hamburg, Germany']","['Hobart Maschinen Gesellschaft, m.b.H.']",True,False,False,True,False,False,False,False,,,,,,,,,,,,
222,The Hollerith Co.,False,False,False,True,False,False,,,,,,,,,,,,,,,,,,,,,,,,,,['Deutsche Hollerith Maschinen G.m.b.H.'],"['Deutsche Hollerith Maschinen Gesellschaft, m.b.H.']",True,False,False,True,False,False,False,False,,
223,The Hoover Co.,True,False,False,False,False,False,['Hoover G.m.b.H.'],False,False,True,False,,,,,,,,,,,,,,,,,,,,,,,,,,,,,,,,
224,The International Button Hole Sewing Machine Company,True,True,True,False,False,False,['Reece Machinery Company'],False,False,True,False,['Reece Machinery Co. G.m.b.H.'],['Reece Machinery Company'],False,False,False,True,True,True,False,False,['Reece Machinery Co. G.M.B.H.'],[''],False,False,False,False,False,False,False,True,,,,,,,,,,,,
225,"The International Nickel Company, Inc.",True,False,False,False,False,False,"['Nickel Informationburo, G.m.b.H.']",False,False,True,False,,,,,,,,,,,,,,,,,,,,,,,,,,,,,,,,
226,The Lambert Company,False,False,True,False,False,False,,,,,,,,,,,,,,,,[''],[''],False,False,False,False,False,True,False,False,,,,,,,,,,,,
227,The May Department Store Co.,False,False,True,False,False,False,,,,,,,,,,,,,,,,[''],[''],False,False,False,False,False,True,False,False,,,,,,,,,,,,
228,The Melltone Corporation,True,False,False,False,False,False,['Deutsche Carborumdum Werke'],False,False,True,False,,,,,,,,,,,,,,,,,,,,,,,,,,,,,,,,
229,The National Acme Co.,False,False,False,False,True,True,,,,,,,,,,,,,,,,,,,,,,,,,,,,,,,,,,,,['Pittler Werkzeugmaschinenfabrik Aktiengesellschaft'],['Pittier Werkzeugmaschinenfabrik Aktiengesellschaft.']
230,The National Cash Register Company,True,False,True,True,False,False,['National-Krupp Registrier-Kassen G.m.b.H.'],False,False,True,False,,,,,,,,,,,['National Register Kassen Gesellschaft M.b.H.'],['National-Krupp Registrier-Kassen G.m.b.H.'],True,False,False,True,False,False,False,False,['National-Krupp Registrier-Kassen G.m.b.H.'],['National-Krupp Registrier-Kassen G.m.b.H.'],True,False,False,True,False,False,False,False,,
231,The North American Provision Company,False,False,True,False,False,False,,,,,,,,,,,,,,,,[''],[''],False,False,False,False,False,True,False,False,,,,,,,,,,,,
232,The Permutit Company,True,False,False,False,False,False,['Permutit Filter Co. G.m.b.H.'],False,False,True,False,,,,,,,,,,,,,,,,,,,,,,,,,,,,,,,,
233,The Pfaudler Co.,True,True,True,False,True,False,"['Pfaudler Werke, A.G.']",False,False,True,False,"['Pfaudler Werke A. G. at Schwetzingen, Germany']",[''],True,False,True,False,False,True,False,False,"['Pfaudler Werke A. G. at Schwetzingen, Germany']",[''],True,False,True,False,False,False,False,False,,,,,,,,,,,['Pfaudler-Werke Akt.-Ges.'],
234,The Pure Oil Company,True,False,False,False,False,False,['Oelwerke Julius Schindler G.m.b.H.'],False,False,True,False,,,,,,,,,,,,,,,,,,,,,,,,,,,,,,,,
235,"The Scholl Mfg. Co., Inc.",True,False,False,False,False,False,['Deutsche Schollwerke G.m.b.H.'],False,False,True,False,,,,,,,,,,,,,,,,,,,,,,,,,,,,,,,,
236,The Silica Gel Corporation,False,True,True,False,False,False,,,,,,['Eisenbahn Verkehrsmittel A.-G.; Kuehltransit A.-G.; Julius Pintsch A.-G.'],[''],False,False,False,False,False,False,False,True,"['Eisenbahn Verkehrsmittel A.G.', 'Kueltransit A.G.', 'Julius Pintsch A.G.']","['', '', '']",False,False,False,False,False,False,False,True,,,,,,,,,,,,
237,The Stanley Works,True,True,False,False,False,False,['The Stanley Works G.m.b.H.'],False,False,True,False,"['Stanley Work, G. m. b. H., Velbert, Germany']",['The Stanley Works G.m.b.H.'],True,False,False,True,False,False,False,False,,,,,,,,,,,,,,,,,,,,,,
238,The Timken Roller Bearing Company,False,True,True,True,False,False,,,,,,"['Deutsche Timken G.m.b.H., of Berlin']","['Deutsche Timken G.m.b.H., of Berlin']",True,False,False,True,False,False,False,False,['Deutsche Timken G.m.b.H. of Berlin'],[''],False,True,False,False,False,False,False,False,['Deutsche Timken G.m.b.H.'],"['Deutsche Timken G.m.b.H., of Berlin']",True,False,False,True,False,False,False,False,,
239,The Torrington Company,True,True,True,True,False,False,"['Metallkentor, G.m.b.H.']",False,False,True,False,"['Metallwaaren Gesellschaft m. b. H., of Aachen']","['Metallwaaren Gesellschaft m. b. H., of Aachen']",True,False,False,True,True,True,False,False,"['Metallwaaren Gesellschaft m.b.H., of Aachen, Germany']","['Metallwaaren Gesellschaft m. b. H., of Aachen']",True,False,False,True,False,False,False,False,['The Metallwarren G.m.b.H.'],"['Metallwaaren Gesellschaft m. b. H., of Aachen']",True,False,False,True,False,False,False,False,,
240,The Westinghouse Air Brake Company,True,False,False,False,False,False,['Westinghouse Bremsen Gesellschaft m.b.H.'],False,False,True,False,,,,,,,,,,,,,,,,,,,,,,,,,,,,,,,,
241,The Willys-Overland Company,False,True,True,False,False,False,,,,,,[''],[''],False,False,False,False,True,True,False,False,[''],[''],False,False,False,False,True,True,False,False,,,,,,,,,,,,
242,The Yale & Towne Manufacturing Company,True,True,True,True,True,False,"['Brankaer Eisenwerke', 'Damm & Ladwig Kommandit Gesellschaft and Dulv Aktien Gesellschaft', 'B.K.S. Handelsgesellschaft m.b.H.', 'The Yale & Towne Manufacturing Company, Velbert Division']",False,False,True,False,"['Damm & Ladwig Company of Velbert, Germany', 'Aktiengesellschaft Vereinigte Riegel und Schloss Fabriken, Velbert, Germany', 'Brankaer Eisenwerke Aktiengesellschaft, Troppau, Czecho-Slovakia', 'Boge & Kastern, G.m.b.H., of Solingen, Germany']","['', '', '', 'B.K.S. Handelsgesellschaft m.b.H.']",True,False,True,True,False,False,False,False,"['Damm & Ladwig Company of Velbert, Germany', 'Aktiengesellschaft Vereinigte Riegel und Schloss Fabriken, Velbert', 'Brankaer Eisenwerke Aktiegesellschaft, Troppau (Czechoslovakia)', 'Boge & Kastern, G.m.b.H. of Solingen, Germany']","['', '', '', 'B.K.S. Handelsgesellschaft m.b.H.']",True,False,True,True,False,False,False,False,['Schlossfabrik Damm & Ladwig Kommissions-Gesellschaft'],['Damm & Ladwig Kommandit Gesellschaft und Dulv Aktiengesellschaft'],True,False,False,False,False,False,False,False,"['Dulv Aktiengesellschaft', 'Vereinigte Riegel- und Schlossfabriken Act.-Ges.']",
243,Tide Water Associated Oil Co.,True,False,True,True,False,False,['Hamburg-Amerikanische Mineralol-G.m.b.H.'],False,False,True,False,,,,,,,,,,,"['Hamburg-Amerikanische Mineralol-Gesellschaft, M.B.H.']",['Hamburg-Amerikanische Mineralol-G.m.b.H.'],True,True,False,True,False,False,False,False,['Hamburg -Amerikanische Mineralölgesellschaft m.b.H. '],['Hamburg-Amerikanische Mineralol-G.m.b.H.'],True,False,False,True,False,False,False,False,,
244,"Titan Company, Inc.",True,False,False,False,False,False,['Titangesellschaft m.b.H.'],False,False,True,False,,,,,,,,,,,,,,,,,,,,,,,,,,,,,,,,
245,Titeflex Metal Hose Co.,True,False,False,False,True,True,['Europaische Titeflex Metallschlaush'],False,False,True,False,,,,,,,,,,,,,,,,,,,,,,,,,,,,,,,['Europäische Titeflex Metallschlauch-Aktiengesellschaft'],['Europäische Titeflex Metallschlauch-Aktiengesellschaft.']
246,Tobe Deutschmann Corp.,False,False,True,False,False,False,,,,,,,,,,,,,,,,['Allgemeine Elektricitäts-Gesellschaft (General Electric Co. of Germany)'],[''],False,False,False,False,False,False,False,True,,,,,,,,,,,,
247,Trubenizing Process Corporation,True,False,False,False,False,False,"['Trubenis Lisensverwertungs, G.m.b.H.']",False,False,True,False,,,,,,,,,,,,,,,,,,,,,,,,,,,,,,,,
248,Turner tanning Machinery Co.,False,True,False,False,False,False,,,,,,[''],[''],False,False,False,False,False,True,False,False,,,,,,,,,,,,,,,,,,,,,,
249,Twentieth Century-Fox Film Corp.,True,True,True,True,True,False,"['Deutsche-Fox Film A.G.', 'Fox Tonende Wochenschau']",False,False,True,False,"['Fox Tonevale Wochenschau A. G., Germany', 'Deutsch Vereins Fox A. G.']","['', '']",True,False,True,False,False,False,False,False,['Deutsche Fox Film A.G. (Germany)'],[''],True,False,True,False,False,False,False,False,['Deutsche Fox Film A.G.'],['Deutsche Fox-Film Aktiengesellschaft'],True,False,True,False,False,False,False,False,['Deutsche Fox-Film Aktiengesellschaft'],
250,U.S. Bronze Powder Works Inc.,False,False,False,False,True,False,,,,,,,,,,,,,,,,,,,,,,,,,,,,,,,,,,,,['Bronzefarbenwerke A.-G. vorm. Carl Schlenk'],
251,Underwood Elliott Fisher Company,True,True,True,True,True,True,"['Adrema Maschinenebau G.m.b.H.', 'Deutsche Underwood Elliott Fisher G.m.b.H.', 'Deutsche Underwood Elliott Fisher G.m.b.H.', 'Iris Type G.m.b.H.', 'Mercedes Buromaschinen Werke A.G.']",False,False,True,False,"['Mercedes Buromaschinen-Werke A.G. of Zella-Mehlis, Thuringen']",[''],False,True,True,False,False,False,False,True,"['Mercedes Buromaschinen Werke A. G. of Zella-Mehlis, Thuringen Germany']",[''],False,True,True,False,False,False,False,False,"['Mercedes Büromaschinen-Werke A. G.', 'Adrema Maschinenbau G.m.b.H.', 'Iris Type G.m.b.H.']","['Mercedes Buromaschinen Werke AG', 'Adrema Maschinenebau G.m.b.H.', 'Iris Type G.m.b.H.']",True,True,True,False,False,False,False,True,"['Mercedes Büromaschinen-Werke Aktiengesellschaft,']",['Mercedes Büromaschinen-Werke Aktiengesellschaft.']
252,Union Banking Corp. Cornelis Lievense,False,False,False,False,True,False,,,,,,,,,,,,,,,,,,,,,,,,,,,,,,,,,,,,['August Thyssen-Bank Akt.-Ges.'],
253,Union Special Machine Co.,True,False,False,False,False,False,"['Union Special Maschinenfabrik G.m.b.H.', 'Union Special Maschinenfabrik G.m.b.H.']",False,False,True,False,,,,,,,,,,,,,,,,,,,,,,,,,,,,,,,,
254,United American Bosch Corporation,False,True,True,False,False,False,,,,,,"['Robert Bosch A.G., Stuttgart, Germany']",[''],False,False,False,False,False,False,True,False,"['Robert Bosch, A. G.']",[''],False,False,False,False,False,False,False,True,,,,,,,,,,,,
255,United Continental Corporation,True,False,False,False,False,False,"['""Rustica"" A.G. fuer Grunderwerb', 'Verkehrs & Handels Aktiengesellschaft', 'Verkehrs & Handels Aktiengesellschaft']",False,False,True,False,,,,,,,,,,,,,,,,,,,,,,,,,,,,,,,,
256,United Fruit Company,True,False,False,False,False,False,"['Unida Schiffstreuhand, G.m.b.H.']",False,False,True,False,,,,,,,,,,,,,,,,,,,,,,,,,,,,,,,,
257,United Press Associations,True,False,False,False,False,False,"['United Press Associations', 'United Press (Deutschland) G.m.b.H.']",False,True,True,False,,,,,,,,,,,,,,,,,,,,,,,,,,,,,,,,
258,United Shoe Machinery Corporation,True,False,False,False,False,False,"['Boston Blacking Company G.m.b.H.', 'Deutsche Vereinigte Schuhmaschinen Gesellschaft', 'Maschinenfabrik Turner Aktien-Gesellschaft']",False,False,True,False,,,,,,,,,,,,,,,,,,,,,,,,,,,,,,,,
259,United States Hoffman Machinery Corporation,True,False,True,True,False,False,['Hoffman Bugelmaschinen Gesellschaft m.b.H.'],False,False,True,False,,,,,,,,,,,"['Hoffman Bugelmaschinen Gesellschaft, berlin']",['Hoffman Bugelmaschinen Gesellschaft m.b.H.'],True,False,False,True,False,False,False,False,['Hoffman Bügelmaschinen G.m.b.H.'],['Hoffman Bugelmaschinen Gesellschaft m.b.H.'],True,False,False,True,False,False,False,False,,
260,"United States Lines Operations, Inc.",True,False,False,False,False,False,"['United States Lines Operations, Inc.']",False,True,False,False,,,,,,,,,,,,,,,,,,,,,,,,,,,,,,,,
261,United States Steel Corporation,False,True,False,False,False,False,,,,,,"['Fried. Krupp, A. G., Germany']",[''],False,False,False,False,False,False,True,False,,,,,,,,,,,,,,,,,,,,,,
262,"United Statess Lines, Co.",True,False,True,False,False,False,"['Rosskai, G.m.b.H.']",False,False,True,False,,,,,,,,,,,['None'],[''],False,False,False,False,False,False,False,False,,,,,,,,,,,,
263,"Universal Picture Co., Inc.",True,False,True,True,False,False,"['Deutsche Universal Film, A.G.']",False,False,True,False,,,,,,,,,,,"['Deutsche Universal Film, A.G.']",[''],True,False,True,False,False,False,False,False,['Deutsche Universalfilm A.G.'],"['Deutsche Universal Film, A.G.']",True,False,True,False,False,False,False,False,,
264,Valvoline Oil Co.,False,False,True,False,False,False,,,,,,,,,,,,,,,,[''],[''],False,False,False,False,False,True,False,False,,,,,,,,,,,,
265,"W. A. Harriman & Co., Inc., New York.",False,False,False,False,True,True,,,,,,,,,,,,,,,,,,,,,,,,,,,,,,,,,,,,['Deutsch-Atlantische Telegraphengesellschaft'],"['Vereinigte Königs- und Laurahütte, Actien-Gesellschaft für Bergbau und Hüttenbetrieb.']"
266,"W. A. Harriman & Co., New York",False,False,False,True,False,False,,,,,,,,,,,,,,,,,,,,,,,,,,"['Silesian Holding Co.', 'Silesian American Corporation']","['Silesian Holding Co.', 'Silesian American Corporation']",True,False,False,False,False,False,False,False,,
267,Walter Kidde & Company,True,False,False,False,False,False,['Walter Kidde G.m.b.H.'],False,False,True,False,,,,,,,,,,,,,,,,,,,,,,,,,,,,,,,,
268,Warner Bros,False,False,False,False,True,False,,,,,,,,,,,,,,,,,,,,,,,,,,,,,,,,,,,,['Tobis Tonbild-Syndikat Aktiengesellschaft'],
269,Watch Tower Bible & Tract Society,True,False,False,False,False,False,['Watch Tower Bible & Tract Society (Wachtturn Bibel- und Traktat-Gesellschaft)'],False,True,False,False,,,,,,,,,,,,,,,,,,,,,,,,,,,,,,,,
270,Waterman Steamship,True,False,False,False,False,False,['Waterman Linien (Vertretung Bremen) G.m.b.H.'],False,False,True,False,,,,,,,,,,,,,,,,,,,,,,,,,,,,,,,,
271,Western Electric Export Corporation,True,False,False,False,False,False,['Western Electric G.m.b.H.'],False,False,True,False,,,,,,,,,,,,,,,,,,,,,,,,,,,,,,,,
272,Westhold Corporation,True,False,False,False,False,False,['Ota Schlesische Schurwerke Ottmuth A.G.'],False,False,True,False,,,,,,,,,,,,,,,,,,,,,,,,,,,,,,,,
273,Westinghouse Electric International Co.,False,False,False,True,False,False,,,,,,,,,,,,,,,,,,,,,,,,,,['Siemens -Schuckertwerke A. G.'],[''],False,False,False,False,False,False,False,True,,
274,"William R. Warner & Co., Inc.",True,False,False,False,False,False,"['Godecke & Co. Chemische Fabrik A.G.', 'Godecke & Co. Chemische Fabrik und Export A.G.', 'Warner, W.R. and Co. G.m.b.H.']",False,False,True,False,,,,,,,,,,,,,,,,,,,,,,,,,,,,,,,,
275,William Rhodes Davis,False,False,False,True,False,False,,,,,,,,,,,,,,,,,,,,,,,,,,"['Europäische Tanklager und Transport A.G.', '""Debag” Betriebstoff A.G.']","['Europäische Tanklager und Transport AG', '""Debag"" Betriebstoff A.G.']",True,False,True,False,False,False,False,False,,
276,Witroth Corporation,True,False,False,False,False,False,"['Oppelener Lagerhaus Gesellschaft', 'Ostrhederei']",False,False,True,False,,,,,,,,,,,,,,,,,,,,,,,,,,,,,,,,
277,Wm. Wrigley Jr. Company,False,False,True,True,True,True,,,,,,,,,,,,,,,,['Wrigley A.G.'],[''],True,False,True,False,False,True,False,False,['Wrigley A. G.'],[''],False,False,True,False,False,False,False,False,['Wrigley Aktiengesellschaft'],['Wrigley Aktiengesellschaft.']
278,Worthington Pump and Machinery Corp.,True,True,True,True,False,False,['Deutsche Worthington Gesellschaft m.b.H.'],False,False,True,False,"['Worthington Pumpen und Machinenbau Gesellschaft m.b.H., Germany']",['Deutsche Worthington Gesellschaft m.b.H.'],True,False,False,True,False,False,False,False,"['Deustche Worthington Gesellschaft, m.b.H., germany']",['Deutsche Worthington Gesellschaft m.b.H.'],True,False,False,True,False,False,False,False,['Deutsche Worthington G.m.b.H.'],['Deutsche Worthington Gesellschaft m.b.H.'],True,False,False,True,False,False,False,False,,
