,Master US firm name,in TFR-500,in Moodys 32,in Moodys 34,Name of Foreign Business,moodys32 affiliated German firm name,moodys32 notes,moodys32 mentions a subsidiary,moodys32 mentions stock ownership,moodys32 subsidiary is AG,moodys32 mentions an affilated company,moodys32 mentions a plant/office/branch,moodys32 is a subsidiary of a German firm,moodys32 other types of agreement,moodys34 affiliated German firm name,moodys34 reviewed_notes,moodys34 mentions a subsidiary,moodys34 mentions stock ownership,moodys34 subsidiary is AG,moodys34 mentions an affilated company,moodys34 mentions a plant/office/branch,moodys34 is a subsidiary of a German firm,moodys34 other types of agreement
0,Addressograph-Multigraph Corporation,True,True,True,['Addressograph-Multigraph G.m.b.H.'],NA,"""Plant is located at Cleveland, Ohio, and its products are distributed throughout the United States, Canada, England, Germany, Central and South America and other foreign countries through five subsidiary companies, thirty two branches and fifty direct sales offices""",True,False,False,False,True,False,False,"Addressograph-Multigraph G.m.b.H., Berlin, Germany",,False,False,False,False,False,False,False
1,Alta United Mines Co.,False,False,True,,,,,,,,,,,None,No subsidiary in German,False,False,False,False,False,False,False
2,Aluminum Company of America,False,False,True,,,,,,,,,,,Magnesium Development Co.; I. G. Farbenindustrie A. G. of Germany,"""On Jan. 21, 1932 it was announced that company and the I. G. farbenindustrie A. G. of Germany had formed the Magnesium Development Co. to take over the patent rights of the two companies applying to the manufacture of magnesium alloys and utilized the technical knowledge and processes by both."" Not sure if Magnesium Development Co. is a German company though",False,False,False,False,False,False,True
3,American -Austrian Magnesite Corporation,True,False,False,"['Deutsche Heraklith A.G.', 'Deutsche Heraklith A.G.']",,,,,,,,,,,,,,,,,,
4,American Bemberg Corp.,False,True,True,,"Vereinigte Glansstoff-Fabriken AG , Elberfeld, Germany; J. P. Bemberg A.G.","""Bemberg artificial, silk in the United States under patents and processes exclusively owned by J. P. Bemberg A.G. in Germany. Acquired sole rights for the United State to all Bemberg patents and processes."" In Capital Stock: ""Unconditionally guaranteed as to dividends from July 1, 1926, to July 1, 1929, Jointly and severally by Vereinigte Glansstoff-Fabriken AG , Elberfeld, Germany, and J. P. Bemberg A.G., Barmen, Germany. Regular dividends paid J&J 1 to July 1, 1930, Ind.; none thereafter. """,False,False,False,False,False,True,False,J. P. Bemberg A. G. in Germany,Incorporated ... to manufacture Bemberg yarns in the United States under patents and processes exclusively owned by J. P. Bemberg A. G. in Germany. Acquired sole rights for the United States to all Bemberg patents and processes.,False,False,False,False,False,True,False
5,American Can Company,False,True,True,,"Th. Goldschmidt of Essen, Germany","""For list of companies consolidated, see previous editions. In March, 1908, acquired an interest in the Sanitary Can Co. In connection with Th. Goldschmidt of Essen, Germany, Goldschmidt Detinning Co, (now Metal & Thermit Corp, which see), was organized. Latter operates a plant for detinning scrap. American Can Co. has contracted to sell this company its output of scrap for a term of yean. In Aug., 1925, acquired property of Central Bag Mfg. Co, located in Chicago for $600,000 cash. """,False,False,False,False,False,False,True,"Th. Goldschmidt of Essen, Germany; Metal & Thermit Corporation","with Th. Goldschmidt of Essen, Germany, organized Goldschmidt Detinning Co. (now Metal & Thermit Corporation) to operate a plant for detinning scrap, to which American Can Co. contracted to sell its scrap output.",False,False,False,False,False,False,False
6,American Cyanamid Company,True,False,False,['Farsals-Gesellschaft m.b.H.'],,,,,,,,,,,,,,,,,,
7,American Foreign Insurance Association,True,False,False,['Great American Insurance Co. - Home Insurance Co. - Hartford Fire Insurance Co.'],,,,,,,,,,,,,,,,,,
8,American I. G. Chemical Corp.,False,False,True,,,,,,,,,,,I. G. Farbenindustrie A. G.,Judging from the name it is a subsidiary of I. G. Farben,False,False,False,False,False,True,False
9,American Nickel Alloy Mfg. Corp.,True,False,False,"['Cosmo Montangesellschaft fuer metallurgische Interessen m.b.H.', 'Nica Nickelindustrie A.G.']",,,,,,,,,,,,,,,,,,
10,American Radiator & Standard Sanitary Corporation,True,True,True,['Nationale Radiator Gesellschaft m.b.H.'],"Nationale Radiator Gesellschaft, m.b.H. (Germany), Berlin",,True,False,False,False,False,False,False,"Nationale Radiator Gesellschaft, m. b. H. (Germany), Berlin","in section ""European Affiliated Companies""",True,False,False,False,False,False,False
11,American Radiator & Standard Sanitary Corporation,True,True,True,['Nationale Radiator Gesellschaft m.b.H.'],"Nationale Radiator Gesellschaft, m.b.H. (Germany), Berlin",,True,False,False,False,False,False,False,Deutsche Standard Werke G. m. b. H.,"Plants of the Deutsche Standard Werke G. m. b. H., the company's German subsidiary, were completed and operation begun in Dec., 1929.",True,False,False,False,False,False,False
12,American Ship & Commerce Corp.,False,False,True,,,,,,,,,,,NA,"Stockholders voted July 23, 1926, to sell United American liners Resolute, Reliance and Cleveland, and capital stock of certain subsidiary and affiliated shipping corporations, to Hamburg-American Line.",False,False,False,False,False,False,False
13,American-Austrian Magnesite Corporation,True,False,False,['Alpenminen A. G.'],,,,,,,,,,,,,,,,,,
14,Arden Investing Co.,True,False,False,['Elisabeth Arden G.m.b.H.'],,,,,,,,,,,,,,,,,,
15,"Aris Cloves Co., Inc.",True,False,False,"['Steinberger Bros.', 'Steinberger Bros. Clove Corp. G.m.b.H.']",,,,,,,,,,,,,,,,,,
16,Armour & Company,True,False,False,"['Morris & Co. G.m.b.H.', 'Tietgens & Robertson (G.m.b.H.)']",,,,,,,,,,,,,,,,,,
17,Associated Merchandising Corporation,True,False,False,['Associated Merchandising Corp. GmbH'],,,,,,,,,,,,,,,,,,
18,Associated Press,True,False,False,['Associated Press'],,,,,,,,,,,,,,,,,,
19,Bakelite Corp.,False,False,True,,,,,,,,,,,Gorman Bakelite Corp. (Bakelite Gesellschaft),"Also owns an interest in Gorman Bakelite Corp. (Bakelite Gesellschaft), Germany...",False,True,False,False,False,False,False
20,Bausch & Lomb Optical Co.,False,False,True,,,,,,,,,,,"Bausch & Lomb Optical Co., G.m.b.H., Frankfort a. M., Germany","The following are affiliated companies: ... Bausch & Lomb Optical Co., G.m.b.H., Frankfort a. M., Germany",False,False,False,True,True,False,False
21,Bavarian oil and Gas Corporation,True,False,False,['Bayerische Mineral-Industrie A.G.'],,,,,,,,,,,,,,,,,,
22,Bedford Construction Co.,True,False,False,['Deutsche Maizena Werke A. G.'],,,,,,,,,,,,,,,,,,
23,"Berth, Levi & Co. Inc.",True,False,False,['The Overseas Casing Co. m.b.H.'],,,,,,,,,,,,,,,,,,
24,Blaw-Knox Co.,False,True,True,,"Blaw-Knox G.m.b.H., Dusseldorf, Germany","Company Is affiliated with Blaw-Knox, Ltd., Cowan Hulbert, Ltd, and Milliken Bros., Ltd, London, Eng., Compagnie Française Blaw-Knox, Parla, France, Blaw-Knox G.m.b.H., Dusseldorf, Germany, and Compagnia Itallana Forme Aceiaio, Milan, Italy.",False,False,False,True,True,False,False,"Blaw-Knox G.m.b.H., Dusseldorf, Germany","Company is affiliated with Blaw-Knox, Ltd., Cowan Hulbert, Ltd., and Millken Bros., Ltd., London, Eng., Compangie Francaise Blaw-Knox, Paris, France and Balw-Knox G.m.b.H., Dusseldorf, Germany.",False,False,False,True,True,False,False
25,Buffalo Electro-Chemical Co.,False,True,True,,"M. Merck of Munich, Germany; Electrochemical Works of Munich, Germany","""Unconditionally guaranteed jointly and severally as to principal and Interest by M. Merck of Munich, Germany; Electrochemical Works of Munich, Germany...""",False,False,False,False,False,False,True,"E. Merck of Munich, Germany; Electrochemical Works of Munich, Germany","Bonded Debt: ... Unconditionally guaranteed jointly and serveally as to principal and interest by E. Merck of Munich, Germany; Electrochemical Works of Munich, Germany; Electrochemical Works of Aarau Switzerland, and Hydrox Chemical Co. Illinois.",False,False,False,False,False,False,True
26,Burroughs Adding Machine Company,True,True,True,['Deutsche Burroughs Rechenmaschinen A.G.'],NA,"Other subsidiaries are located in Mexico, Argentine, Cuba, Brazil, Germany, Belgium, Uruguay and Chile.",True,False,False,False,False,False,False,NA,"In section Subsidiaries: ""Other subsidiaries are located in mexico, Argentina, Cuba, Brazil, Germany, Belgium, Uruguay and Chile.""",True,False,False,False,False,False,False
27,Butler Brothers,True,False,False,"['Butler Brothers, G.m.b.H.']",,,,,,,,,,,,,,,,,,
28,Carnation Co.,False,True,False,,NA,"""Owns a majority (65%) of the stock of General Milk Co. Inc., which is engaged in export business, and owns and operates four condenseries located In France, Holland and Germany, and operates can factories in France, Holland and Germany.""; the company lists out all the sibsidiaries in the US, but none abroad",False,False,False,False,True,False,False,,,,,,,,,
29,Carrier Corporation,False,True,False,,Carrier Lufttechnische Gesellschaft,"""Plants and laboratories of its subsidiaries and affiliates are located in Newark, N. J.; Bridgeport, Pa.; New Brunswick, N. J.; Allentown, Pa.: Chicago, Ill.; London, Eng.; Stuttgart, Germany; Tokio, Japan. "" ""Affiliated companies: ..., Carrier Lufttechnische Gesellschaft, Berlin, Germany, ...""",False,False,False,True,True,False,False,,,,,,,,,
30,Celotex Co.,False,True,True,,NA,"""Company supplies over 7,000 retail dealers and operates divisional sales offices in principal cities of the U. S. Sales offices are also maintained in England, Australia, Canada, Argentina, Japan, Germany and Italy.""",False,False,False,False,True,False,False,NA,Sales offices are also maintained in ... Germany,False,False,False,False,True,False,False
31,Celotex Co.,False,True,True,,NA,"""Company supplies over 7,000 retail dealers and operates divisional sales offices in principal cities of the U. S. Sales offices are also maintained in England, Australia, Canada, Argentina, Japan, Germany and Italy.""",False,False,False,False,True,False,False,W. H. Nilsson,"Under balance sheet: Investments in and advances to: In 1933, Celotex Co. of Great Britain...., W. H. Nilsson, Germany, $19,516",False,True,False,False,False,False,False
32,Central American Plantations Corp.,False,True,False,,NA,"An officer is based in Hamburg, Germany. No subsidiary or agreements are mentioned.",False,False,False,False,False,False,False,,,,,,,,,
33,Central Cuba Sugar Co.,False,True,True,,NA,"Interest paid J&J 1. at company's office. New York, and at office of Trustees in London, England, in sterling; also in Hamburg. Germany; and Amsterdam, Holland. ",False,False,False,False,False,False,False,NA,"No subsidiary in Germany; in bonded debt: Interest paid July 1, at company's office New York and at office of Trustees in London, England; in sterling; also in Paris, France; Hamburg, Germany; and Amsterdam, Holland in local currencies at the rate of exchange for pound at $4.86, 35.11 francs, 0.40 marks and 18.05 guilders.",False,False,False,False,False,False,True
34,Central European Holding Corporation c/o Cotton Brenner & Wrigley,True,False,False,"['Metallkentor, G.m.b.H.']",,,,,,,,,,,,,,,,,,
35,Chemical Research Corp.,False,False,True,,,,,,,,,,,NA,"""The Gyro process is covered by basic patents in the United States and Canada, England, France, Germany and other foreign countries.""",False,False,False,False,False,False,False
36,Chesebrough Manufacturing Co. Consolidated,True,False,False,['Chesebrough Manufacturing Co. G.m.b.H.'],,,,,,,,,,,,,,,,,,
37,Chicago Pneumatic Tool Co.,True,True,True,"['Internationale Pressluft und Elektricitats Gesellschaft m.b.H. (Ipeg)', 'Pressluftwerkung und Maschinenbau Aktiengesellschaft (Premag)', 'Pressluftwerkung und Maschinenbau Aktiengesellschaft (Premag)']","Internationale Pressluft & Electricitäts Gesellschaft m. b. H. (International Compressed Air and Electric Co.) Berlin - Britz, Germany; Presaluft-Werkzeug und Maschinenbau A.G. “Premag"", Berlin, Oberechoeneweide, Germany.","""In Dec., 1925, company acquired from Motoran Werke, American and Canadian manufacturing and selling rights for Diesel engine, made by M. W. M. Benz, Mannheim, Germany."" ""Subsidiaries: Canadian Pneumatic Tool Co., Ltd., Montreal, Canada; Chicago Pneumatic Tool Co. of Masa; Consolidated Pneumatic Tool Co., Ltd. London, Eng.; Internationale Pressluft & Electricitäts Gesellschaft m. b. H. (International Compressed Air and Electric Co.) Berlin - Britz, Germany; Pneumatic Tool Realty Corp., New York City; Presaluft-Werkzeug und Maschinenbau A.G. “Premag"", Berlin, Oberechoeneweide, Germany.""",True,False,True,False,False,False,False,"Internationale Pressluft & Elektricitäts Gesellschaft m.b.H. (International Compressed Air and Electric Co.), Berlin-Oberschoeneweide, Germany, Pressluft-Werkzeug und Maschinenbau A.G. ""Premag"" (Berlin-Oberschoeneweide, Germany)","In section ""Subsidiary Companies"": ...Internationale Pressluft & Elektricitäts Gesellschaft m.b.H. (International Compressed Air and Electric Co.), Berlin-Oberschoeneweide, Germany, Pressluft-Werkzeug und Maschinenbau A.G. ""Premag"" (Berlin-Oberschoeneweide, Germany)",True,False,True,False,False,False,False
38,Colgate-Palmolive-Peet Co.,True,True,True,['Palmolive-Binder & Ketals G.m.b.H.'],NA,"Through its subsidiaries the company also owns plants at Toronto, Can., Mexico City, Mex., Sydney, Australia, Havana, Cuba, London, Eng., Hamburg, Germany, and Paris, France.
Subsidiaries: The company has organized a number of foreign subsidiaries: in two of these (Colgate-Palmolive-Peet, S. A., and Crusellaa y Campania, B. A , both of Cuba) it owns 61% of the capital stock, while the others are wholly owned. The subsidiaries in Canada Mexico, Cuba, Australia, Paris and Hamburg own and operate factories where most of the principal items of the Palmolive and Colgate lines of toilet soap and toilet preparations are made; some are also made by an English subsidiary and a limited amount of manufacturing is done by agencies of the company in South America. Certain of the company’s products are made for it on contract in many foreign countries.",True,False,False,False,False,False,False,"Palmolive, Binder & Ketels","""Through its subsidiaries the company also owns plants at Toronto, Can., Mexico City, Mex., Sydney, Australia, Havana, Cuba, London, ENg., Hamburg, Germany, and Paris, France.""; ""The subsidiaries in Canada, Mexico, Cube, Australia, Paris and Hamburg own and operate factories where most of the principal items of the Palmolive...."" ""In the first quarter of 1932 concluded negotiations for purchase of an important interest in Rinder & Ketels, German manufacturers of soap products, the new company being known as Palmolive, Binder & Ketels.""",True,True,False,False,True,False,True
39,Columbia Pictures Corp.,False,False,True,,,,,,,,,,,NA,"There are ... other agencies are located in Canada, England, France, Germany, Sweden, Denmark, Mexico, ...",False,False,False,False,True,False,False
40,Combustion Engineering Co. Inc.,True,False,False,"['Kohlenscheidungs-Gesellschaft, m.b.H.']",,,,,,,,,,,,,,,,,,
41,Consolidated Oil Corporation,False,True,True,,NA,"Marketing Facilities: Company has distribution outlets in nearly all states out of the Rocky Mountains, and in Cuba, Mexico, Great Britain. Holland, Belgium, Germany, and other foreign countries. In the United States company owns and controls approximately 1,100 bulk stations, which supply retail outlets - and large consumers. Supplementing about 12,000 owned and teased service stations, the corporation has more than 21,000 other outlets. More than 55,000 pumps are installed at the total retail outlets of the company.",False,False,False,False,True,False,False,NA,"Marketing Facilities: Companies has distribution outlets in all states except Wyoming, Montana and Idaho; also in Cuba, Mexico, Great Britain, Holland, Belgium, Germany, and other foreign countries.",False,False,False,False,True,False,False
42,"Continental ""Borvisk"" Co.",True,False,False,"['""Borvisk"" Kunstseiden A. G.']",,,,,,,,,,,,,,,,,,
43,Continental-Diamond Fibre Co.,False,False,True,,,,,,,,,,,NA,"Controls Haveg Corp., which has through arrangements with German interests the exclusive right to manufacture and sell in America certain acid resisting substances for use in the chemical industry.",False,False,False,False,False,False,True
44,Corn Products Refining company,True,False,False,"['Aktien-Malsfabrik Landsburg, A. G.', 'Convertgarten A.G.', 'Deutsche Maizena Werke A. G.', 'Finkenheerder Obstwerke Richard Sonnenberg, A.G.', 'Finkenheerder Obstwerke Richard Sonnenberg, A.G.', 'Gesellschaft fur Industriebeteiligungen m.b.H.', 'E. Gundlach A.G.', 'Karl Fr. Tollner Nachrmittelfabrik G.m.b.H.', 'C. H. Knorr A.G.', 'C. H. Knorr A.G.', 'Koehlmann Werke A.G.', 'Maizenhaus Gesellschaft m.b.H.', 'Maizenhaus Gesellschaft m.b.H.', 'Mondamin Gesellschaft', 'Norddeustche Eiswerke A.G.', 'Norddeutsche Portland Cementfabrik Misburg', 'Ottensenser Eisenwerke A.G.', 'Rudolf Arndt Dextrinfabrik G.m.b.H.', 'Saatsuchwirtschaft C. Braune G.m.b.H.', 'H. & P. Sauermann, A.G.', 'W. A. Scholten Starke und Syrupfabriken A.G.', 'W. A. Scholten Starke und Syrupfabriken A.G.', 'A.G. vormals Seidel and Neumann', 'Transport und Lagerhaus Gesellschaft, m.b.H.', 'Zuckerrubensaftfabrik']",,,,,,,,,,,,,,,,,,
45,Crown Cork International Corporation,False,True,True,,"H. A. Bender Bohne, of Mannheim, Germany; Korkfabrik, Frankenthal Bender & Co., of Frankenthal, Germany","Corporation owns directly or through subsidiaries a controlling interest in following companies: Crown Cork Co., Ltd., of Southall, Eng.,  which owns a branch plant at Rio de Janeiro, Brazil; Wallis Crown Cork Co., Ltd of London, Eng.; Crown Cork & Seal Co. Ltd., of Toronto, Can.; Fulham Crown Cork Works (1928) Ltd., of London, Eng.: Corchera Internadonal. of Sevills, Spain; Hijos de H. A, Bender, of San Failli, Spain; H, A. Bender Bohne, of Mannheim, Germany; Korkfabrik, Frankenthal Bender & Co., of Frankenthal, Germany; Société du Bouchon Couronne, of Paris, France.",True,False,False,False,False,False,False,"Continentale Crown Cork & Seal Co., G.m.b.H., Frankenthal Germany","Corporation owns directly or through subsidiaries a controlling interest in following companies: ... Continentale Crown Cork & Seal Co., G.m.b.H., Frankenthal Germany",True,False,False,False,False,False,False
46,Davega Stores Corp.,False,False,True,,,,,,,,,,,None,No subsidiary in German,False,False,False,False,False,False,False
47,"Davis & Company, Incorporated",True,False,False,"['Europacscje Tanklager und Transport, A.G.']",,,,,,,,,,,,,,,,,,
48,Delta Finance,True,False,False,"['Ahr, Krath and Co.']",,,,,,,,,,,,,,,,,,
49,Denver Chemical Mfg. Co.,True,False,False,['Denver Chemical Mfg. Co. G.m.b.H.'],,,,,,,,,,,,,,,,,,
50,Dewey & Almy Chemical Co.,False,True,False,,"Dartex, A.G.","Also owns a 50% interest in Dartex, A.G., Germany.",True,False,True,False,False,False,False,,,,,,,,,
51,Dietaphone Corporation,True,False,False,['Dietaphone Co. m.b.H.'],,,,,,,,,,,,,,,,,,
52,E. F. Houghton & Company,True,False,False,"['Deutsche Houghton Fabrik, K. G.', 'Houghton Deutsche Fabrik K.G.']",,,,,,,,,,,,,,,,,,
53,E.I. du Pont de Nemours and Company,True,True,True,['Duco Aktiengesellschaft'],NA,"During 1929, company also joined In the formation of two new German companies to undertake the manufacture and sale in Germany of pyroxylin finishes, including Duco, and of Ventube, a rubber-coated fabric tubing used for mine ventilation and in tunnel construction work.",False,False,False,False,False,False,True,NA,"The text mentions the ""company joined the formation of two new German companies"" in 1929 to undertake the manufacture and sale of pyroxylin finishes (Duco) and Ventube (rubber-coated tubing) in Germany, but their specific names are not provided.",True,False,False,False,False,False,False
54,Eastman Kodak Company,True,True,True,['Kodak Aktiengesellschaft'],"Chemische Werke Odin (Germany), Kodak Aktiengesellschaft (Germany) ","Company and subsidiaries own fifteen manufacturing plants located in the United States, Canada, England, France, Germany, Hungary and Australia.",True,False,True,False,False,False,False,Kodak Gesellschaft m. b. H. ; Kodak Aktiengesellschaft; Chemische Werke Odin (Germany),"In description: ""At its inception the present company acquired the entire captital stock of the following corporations: ... and Kodak Gesellschaft m. b. H., of Berlin (capital, marks, 100,000)"" ""On Dec., 1, 1931 purchased the camera works of Dr. August Nagel, located at Stuttgart, Germany. This factory is now operated under supervision of Dr. Nagel, as a branch of Kodak Aktiengesellschaft, Berlin."" Also in Subsidiaries.",True,False,True,False,True,False,False
55,Eberhard Faber Pencil Company,True,False,False,['Eberhard Faber Kommanditgesellschaft'],,,,,,,,,,,,,,,,,,
56,Edward G. Budd Manufacturing Company,True,False,False,"['A. B. P. Gefolgschoftsheime, G.m.b.H.', 'Ambi-Budd Presswerk, G.m.b.H.']",,,,,,,,,,,,,,,,,,
57,"Eitingon Schild Co., Inc.",True,False,True,"['Ch. Eitingon, A.G.', 'Kurt Wachtel, A.G.']",,,,,,,,,,"Ch. Eitingon & Co., Leipzig; Kurt Wachtel A. G., Taucha, Leipzig","The following were the operating subsidiaries of the corporation as of Dec. 31, 1933 (showing direction of control)",True,False,True,False,False,False,False
58,Eitington-Schild Co. Inc.,False,True,False,,"Ch. Eitingon, AG. (Leipzig,Germany); Aktiengesellschaft fuer Geschaeftshausbau (Leipzig, Germany)","The following are subsidiaries: ... Ch. Eitingon, AG. (Leipzig,Germany), ..., Aktiengesellschaft fuer Geschaeftshausbau (Leipzig, Germany),Kruskal A Kruskal, Inc. (New York), EitingtSchud Fur Corp. (New York) ...",True,False,True,False,False,False,False,,,,,,,,,
59,Electric Boat Company,False,True,False,,NA,"Government Claim Settlement: On Mar. 12, 1929, company recieved payment of its claims against the U. S. Government, in accordance with decision of Court of Claims of December, 1928, amounting to $8,674,584. The claim of the company against the German Government filed with the Mixed. Claims Commission, alleging that Germany used company’s patents on submarines was decided in its favor and the company wu awarded about $250,000 damages.",False,False,False,False,False,False,False,,,,,,,,,
60,Emil Frei Inc.,True,False,False,['Emil Frei Art Glass Co.'],,,,,,,,,,,,,,,,,,
61,Equitable Life Assurance Society of the United States,True,False,False,['Equitable Life Assurance Society of the United States'],,,,,,,,,,,,,,,,,,
62,Eugene Dietzgen Co.,True,False,False,"['Bayerische Reisseugfabrik A.G.', 'Siegfried-Caragen Gesellschaft fuer Kraftfahrzeuge, m.b.H.']",,,,,,,,,,,,,,,,,,
63,F. W. Woolworth Co.,True,True,True,"['F. W. Woolworth Co.', 'F. W. Woolworth Co.']","F. W. Woolworth Co., G.m.b.H., Berlin, Germany","Owns entire stock of ..., and controls F. W. Woolworth Co., G.m.b.H., Berlin, Germany,... On Dec. 31, 1931, controlled 1,908 stores in the United States, Canada and Cuba, with more than 85,000 employees and 428 stores in Great Britain and 60 in Germany.",True,False,False,False,False,False,False,"F. W. Woolworth Co. G. m. b. H., Berlin, Germany",... controls F. W. Woolworth Co. G. m. b. H.,True,False,False,False,False,False,False
64,Felt & Tarrant Mfg. Co.,True,False,False,['Comptometer G.m.b.H.'],,,,,,,,,,,,,,,,,,
65,Ford Motor Company,True,True,True,"['Ford Werke A.G.', 'Ford Werke A.G.']",NA,"The text states that a subsidiary was established in Germany, with a plant located in Cologne, Germany. However, it does not give the specific legal name of the German subsidiary on this page.",True,False,False,False,False,False,False,NA,"There are associated companies with manufacturing plants at Easr Windsor, Canada; Dagenham, England and Cologne, Germany.",True,False,False,True,True,False,False
66,"Foreign Investments, Incorporated",True,False,False,['Stanley Works'],,,,,,,,,,,,,,,,,,
67,"Fownes Brothers & Co., Inc.",False,False,True,,,,,,,,,,,NA,German factory appears in the balance sheet,False,False,False,False,True,False,False
68,"G. Hirsch Sons, Inc.",True,False,False,"['G. Hirsch & Sohn, G.m.b.H. Nuremberg, Germany']",,,,,,,,,,,,,,,,,,
69,General American Transportation Corporation,False,False,True,,,,,,,,,,,Allgemeine Transportmittel Aktiengesellschaft,"Under section Subsidiaries: ""Operating in continental Europe refridgerator, tank and all classes of railway cars.""",True,False,True,False,False,False,False
70,General Motors Acceptance Corporation,True,True,True,['Allgemeine Finanzierungs Gesellschaft m.b.H.'],Continental and Allgemeine Finanzierungs-G. m. b. H.,"Incorporated ... to provide credit facilities exclusively for General Motors Corporation distributors and dealers and purchasers of General Motors products, a service with contemplates financing overseas and domestic wholesales and retail sales of products which include ... General Aviation aircraft and G. M. radios; also GMC trucks In Canada and overseas, Vauxhall automobiles and trucks manufactured in England, and Opel automobiles manufactured in Germany. ... Owns entire capital stock of General Exchange Insurance Corp, (see Moody’s Bank and financeManual) and General Moton Acceptance Corp, of DeL, General Moton Acceptance Corp., Mexico, General Moton Acceptance Corp, of Indiana, Inc., General Motors Acceptance Corp., South America, General Moton Acceptance Corp., Continental and Allgemeine Finanzierungs-G. m. b. H. On Dec. 31, 1931, company and subsidiaries operated 106 branch offices in the principal cities in the United States and abroad with a total personnel of 4,787.",True,False,False,False,False,False,False,Continental Allgemeine Finanzierungs-Gesellschaft m. b. H.,"Owns entire capital stock, except directors' qualifying shares, of General Exchange Insurance Corp. and General Motors Acceptance Corp. of Del., ..., Continental Allgemeine Finanzierungs G.m.b.H., ...",True,False,False,False,False,False,False
71,General Motors Corporation (Overseas Operations),True,True,True,"['Adam Opel Aktiengsellschaft', 'Frigidaire G.m.b.H.', 'Gemeinnutsige Opel - Wohnban - G.m.b.H.', 'General Motors G.m.b.H.', 'Opel Automobil Versicherungs A.G.']",Adam Opel A.G.,"""On Mar. 18, 1929, It was announced that General Moton Corp., had become associated with Adam Opel A.G. of Rüsselsheim, Germany, an 80% interest in that company having being taken at a cost of about $26,000,000. In 1931 the minority interest was acquired. The Opel Co. manufactures the Opel automobile, production consisting of about 40% of cars produced In Germany, and numerous other products.""",True,False,True,False,False,False,False,Adam Opel A.G.,"Under section ""Overseas Operations Group"": ""Adam Open AG. is responsible for the manufacture and distribution of Opel products in Germany. Vauxhall Motors, Ltd. is responsible for the manufacture and distribution of Vauxhall products to the British Isles. The Export Division is responsible for the distribution of all of the Corporation's products, from whatever source, in all other overseas territories."" ""Adam Opel, A.G. Rüsselheim, Germany. Manufacture and distribution in Germany of Opel motor cars and Blitz trucks; plant at Rüsselheim.""",True,False,True,False,False,False,False
72,German-American Tobacco Co.,False,False,True,,,,,,,,,,,NA,"German-American Tobacco Co. was incorporated May 20, 1931, under laws of Delaware for the manufacture and sale of cigarettes and tobacco products in Germany. ",False,False,False,False,False,False,False
73,Gillette Safety Rasor Company,True,False,False,"['Gillette Safety Rasor Company, G.m.b.H.', 'Metallwarenvertrieb G.m.b.H.', 'Roth-Buchner, G.m.b.H.', 'Zoellner Werke G.m.b.H.']",,,,,,,,,,,,,,,,,,
74,Globe Steel Tubes Company,False,False,True,,,,,,,,,,,None,No subsidiary in German,False,False,False,False,False,False,False
75,Gulf Oil Corporation,True,True,True,['Maschinenoel Import Gesellschaft m.b.H.'],Nobel-Good-Group,"Nobel-Good-Andre Groups: In 1928 Gulf Oil Corp. of Penn. acquired for $2,800,000 in cash and 17,601 shares of stock a 75% interest in marketing companies in Europe, in which it originally had a 25% interest. These companies are known as the Nobel-Good-Group and operate in England, France, Belgium, Germany, Holland and the Scandinavian countries; principally dealing in distribution and sale of lubricating.",True,False,False,False,False,False,False,NA,"Foreign Marketing Group: Gulf Oil Corp. controls through approximately 90% stock ownership of several English, Dutch, and Belgium companies, known as ""S. A. L. C. Group"" a large marketing organization and business, dealing principally in lubricating fuel and gas oils in England, Belgium, Holland, Germany, Scandinavia, Switzerland, Italy and Spain.",False,False,False,False,False,False,False
76,Haskins & Sells,True,False,False,['Haskins & Sells Revision-Gesellschaft m.b.H.'],,,,,,,,,,,,,,,,,,
77,Hazeltine Corp.,False,False,True,,,,,,,,,,,D. S. Loewe Radio A.G. of Berlin (Germany) ,"While no German subsidiaries are explicitly mentioned, Hazeltine Corp. has patent agreements in Europe, including a 1933 contract with D. S. Loewe Radio A.G. of Berlin (Germany) as its representative for Continental Europe, backed by Telefunken Co. (Germany). Austrian patents are managed by Philips Gloeilampenfabriken (Dutch), which remits German Reichsmarks.",False,False,False,False,False,False,True
78,Heyden Chemical Corp.,False,True,True,,NA,"""Company has exclusive right in United States and Canada, of all patents, trade names, and processes of Chemische Fabrik Von Heyden of Germany""",False,False,False,False,False,False,True,Chemische Fabrik Von Heyden of Germany,"Company has exclusive right in United States and Canada, of all patents, and processes of Chemische Fabril Von Heyden of Germany. -> It's a licensee of the German company",False,False,False,False,False,False,True
79,Hobart Manufacturing Co.,False,True,True,,"Hobart Gesellschaft, Hamburg, Germany","""Other subsidiaries include Compagnie Internationale Hobart, Paris, France, manufacturing plant, and Hobart Gesellschaft, Hamburg, Germany. """,True,False,False,False,False,False,False,"Hobart Gesellschaft, Hamburg, Germany","Other subsidiaries include....Hobart Gesellschaft, Hamburg, Germany.",True,False,False,False,False,False,False
80,Hudson Motor Car Company,True,False,False,"['Hudson Esser Motors Company M.H.', 'Frederick Wirth & Company G.m.b.H.']",,,,,,,,,,,,,,,,,,
81,Hugo Stinnes Corporation,True,True,True,"['Eisenlager G.m.b.H.', 'Freidreichstrasse, 12, G.m.b.H.', 'Fuerstenhof Carlton Hotel, A.G.', 'Gew. Lintorfer Erzbergwerke', 'Gew. Lintorfer Erzbergwerke', 'Hamburger Hof A.G.', 'Hotel Atlantic A.G.', 'Hotel Atlantic A.G.', 'Industrie lackwerke A.G.', 'Rudolf Mueller & Soehne G.m.b.H.', 'Nassauer Hof A.G. (Hotel Nassau)', '(Hotel Nassau) Nassauer Hof A.G.', 'Norddeutsche Oelmuehlenwerke A.G.', 'Rastatter Eisenhandel G.m.b.H.']",NA,"Substantially all of the properties are located in Germany, with exception of certain coal terminal and distributing faculties in Holland, Belgium, Denmark, Sweden and Italy and timber lands in Sweden.",True,False,False,False,True,False,False,NA,Substantially all of its properties and controlled mining interests are located in Germany.,True,False,False,False,True,False,False
82,"Hugo Stinnes Industries, Inc.",True,True,True,"['Anker Kohlen & Brikettwerke G.m.b.H.', 'Artus Hanse Transport G.m.b.H.', 'Bernauer & Co.', 'Bernhoeft & Wilde', 'H. B. Blumenthal', 'Born, Mehring & Co, G.m.b.H.', 'Cehapon Werk G.m.b.H.', 'Paul Dorff A.G.', 'Dumont', 'Eisenhof G.m.b.H.', 'Fraenkischer Metallhandel G.m.b.H.', 'Fr. Wwe. Wesseling G.m.b.H.', 'Freidreichstrasse, 12, G.m.b.H.', 'Fuhr-Betrieb G.m.b.H.', 'Gebrueder Boewen G.m.b.H.', 'Gebrueder Born G.m.b.H.', 'Gebrueder Hein G.m.b.H.', 'Gewerkschaft Carolus Magnus', 'Gewerkschaft Diergardt-Mevissen', 'Gewerkschaft Mathias Stinnes', 'Gew. Selbecker Bergwerks Verein', 'Gew. Selbecker Bergwerks Verein', 'Glaswerke Ruhr A.G.', 'H. W. Heidman', 'Holm & Molzen G.m.b.H.', 'Hugo Stinnes G.m.b.H.', 'Hugo Stinnes G.m.b.H.', 'Hugo Stinnes Reederei A.G.', 'Hugo Stinnes Reederei A.G.', 'Ivers & Company', 'Jacob Trefz & Soehne', 'Kaehler', 'Kohlen Import & Poseidon A.G.', 'Kohlen Import & Poseidon A.G.', 'Kohleverkauf Ludwig Jung G.m.b.H.', 'Koenigsberger Kohlen & Koks G.m.b.H.', 'Kristall Glaswerk A.G.', 'Mathias Stinnes G.m.b.H.', 'Johann Lorenz Michel G.m.b.H.', 'Midgard Deutsche See Verkehrs A.G.', 'Midgard Deutsche Seeverkehrs A.G.', 'Muelberger & Co. G.m.b.H.', 'Muelheimer Bergwerks Verein A.G.', 'Nuernberger Kohlenhandles G.m.b.H.', 'Oberrheinische Kohlenvertretung', 'Piehl & Pehling', 'M. Rast & Sohn G.m.b.H.', 'Suedwest A.G.', 'Vereinigte Berliner Kohlenhandel A.G.', 'Welheim Kohlenhandel G.m.b.H.', 'H. Westphal & Co.']",Hugo Stinnes G. m. b. H.; Rheinische-Westfaelische Bergwerks Gesellschaft,,True,False,False,False,True,False,False,Hugo Stinnes G. m. b. H.; Gewerkschaft Mathias Stinnes,"Hugo Stinnes Industries, Inc. is controlled by Hugo Stinnes Corp. and was incorporated in Maryland on Oct. 24, 1928. Its purpose is to own or control stocks representing all of the coal and coal products holdings and other interests owned by Hugo Stinnes Corp. The company owns 55% of Mathias Stinnes Mining Corp. (Gewerkschaft Mathias Stinnes) and the entire capital stock of Hugo Stinnes, Ltd. (Hugo Stinnes G. m. b. H.). It also holds other stocks of companies primarily engaged in mining, transportation, and distribution of fuel and fuel products. Mathias Stinnes Mining Corp. operates mines at Karnap, near Essen, and Muelheim, with an annual mining capacity of over 5,700,000 short tons of coal and significant reserves. Together with its subsidiaries, the firm holds a 46% interest in Rheinische-Westfaelische Bergwerks Gesellschaft, which owns the Ruhr coal reserve. They are also involved in the production of by-products such as gas, electric power, tar oils, ammonium sulphate, glass products, and brick. Hugo Stinnes, Ltd. is an international coal dealer with extensive storage facilities and operations in various ports including Hamburg-Harburg, Muelheim, Stettin, Koenigsberg, Nordhausen, and Duisburg in Germany, among others globally.",True,False,False,False,False,False,False
83,I. B. Kleinert Rubbert Company,True,True,True,"['Kleinerts Hanseatische, Gummiwerke Gesellschaft mit beschankter Haftung']",I. B. Kleinert Rubber Co. G.m.b.H.,"Foreign plants located in London, Paris, Hambubrg and Toronto... In 1930 purchased Hanseatische Rubber Co. of Hamburg, Germany and changed name to I. B. Kleinert Rubber Co., G. m. b. H. In 1981 disposed of Interest in Masonia Rubber Works of Hamburg, Germany.",True,False,False,False,False,False,False,I. B. Kleinert Rubber Co. G. m. b. H. (formerly Hanseatische Rubber Co. of Hambaurg),"In description: ""In 1930 purchased Hanseatische Rubber Co. of Hamburg, Germany, and changed name to I. B. Kleinert Rubber Co., G.m.b.H.""",True,False,False,False,False,False,False
84,International Affiliated Corporation,True,False,False,"['Godecke & Co. Chemische Fabrik A.G.', 'Godecke & Co. Chemische Fabrik und Export A.G.', 'Richard Hudnut G.m.b.H.', 'Lohse, Gustave A.G.', 'W. R. Warner & Co. G.m.b.H.']",,,,,,,,,,,,,,,,,,
85,International Business Machine Corp.,True,True,False,"['Deutsche Hollerith Maschinen Gesellschaft, m.b.H.']","Optima-MaschinenfabrIk, A.-G.; Deutsche Hollerith Maschinen Gesellschaft, m.b.H.; Deutsche Geschaftmaschinen Gesellschaft, m.b.H.","Factory in Sindelfingen, Germany, began production in 1924 and Paris factory in 1926. ",True,False,True,False,False,False,False,,,,,,,,,
86,International Combustion Engineering Corporation,False,True,False,,Kohlenscheidungs-Gesellchaft (Germany),"""Company's works are located at Monongahela, Pa.; East Chicago, hid.; Chicago, DI.; St Louis, Mo.; Phoenixville, Pa.; Newark, N. J.; Dover, Ohio; Chattanooga, Tenn.; Fairmont, W. Va.; Derby, Eng., and Boubaix, France. Affiliated companies in England, Germany, France, Belgium and Holland."" ""International Combustion Engineering Corp. also controls Coal Oil Extraction, Ltd, and owns entire capital stock of N. V. Carbo-Union Industrie Maatschappij (Holland), which holds, in turn, the entire capital stock of Kohlenscheidungs-Gesellchaft (Germany), In Mar, 1982, International Combustion Tar & Chemical Corp., a farmer subsidiary, was sold.""",True,False,False,True,True,False,False,,,,,,,,,
87,International Finance Company,True,False,False,"['Gluckskles Import and Export Gesellschaft m.b.H.', 'Gluckskles Michgesellschaft m.b.H.']",,,,,,,,,,,,,,,,,,
88,International General Electric Company Inc.,True,True,True,['Osram G.m.b.H. Kommanditgesellschaft'],"Allgemeine Elektricitäts Gesellschaft, Berlin, Germany (35%); Osram G.m.b.H. Kommanditgesellschaft","Osram G.m.b.H. Kommanditgesellschaft. Berlin, Ger. (16 2/3%)",False,True,False,False,False,False,False,Allgemeine Elektricitaets-Gesellschaft (German General Electric Co.), It is mentioned: Allgemeine Elektricitaets-Gesellschaft (German General Electric Co.),False,False,False,False,False,False,False
89,International General Electric Company Inc.,True,True,True,['Osram G.m.b.H. Kommanditgesellschaft'],"Allgemeine Elektricitäts Gesellschaft, Berlin, Germany (35%); Osram G.m.b.H. Kommanditgesellschaft","Osram G.m.b.H. Kommanditgesellschaft. Berlin, Ger. (16 2/3%)",False,True,False,False,False,False,False,"Siemens & Halske, A.G.","""It was reported that General Electric Co. had taken the greater part of a $14,000,000 issue of participating debentures of Siemens & Halske, A.G., offered by Dillon Read & Co.""",False,True,False,False,False,False,False
90,International General Electric Company Inc.,True,True,True,['Osram G.m.b.H. Kommanditgesellschaft'],"Allgemeine Elektricitäts Gesellschaft, Berlin, Germany (35%); Osram G.m.b.H. Kommanditgesellschaft","Osram G.m.b.H. Kommanditgesellschaft. Berlin, Ger. (16 2/3%)",False,True,False,False,False,False,False,"Allgemeine Elektricitäts Gesellschaft, Berlin, Germany; Osram G.m.b.H. Kommanditgesellschaft, Berlin, Germany","Under section ""Affiliated Manufacturing Companies"": Allgemeine Elektricitäts Gesellschaft, Berlin, Germany; Osram G.m.b.H. Kommanditgesellschaft, Berlin, Germany",False,False,False,True,True,False,False
91,International General Electric Company Inc.,True,True,True,['Osram G.m.b.H. Kommanditgesellschaft'],Siemens & Halske Aktiengesellschaft,"Notes: In 1930 International General Electric Co. acquired $10,000,000 par value of participating debentures of Siemens & Halske Aktiengesellschaft (Germany), out of a total of $14,400,000 par value sold in the United States. According to the company's annual report (1930), while these debentures give International General Electric Co. no vote in the affairs of Siemens and Halske A. G., it does give International General Electric a substantial participation in the profits, and the relations between the two companies are very cordial.",False,True,False,False,False,False,False,Allgemeine Elektricitaets-Gesellschaft (German General Electric Co.), It is mentioned: Allgemeine Elektricitaets-Gesellschaft (German General Electric Co.),False,False,False,False,False,False,False
92,International General Electric Company Inc.,True,True,True,['Osram G.m.b.H. Kommanditgesellschaft'],Siemens & Halske Aktiengesellschaft,"Notes: In 1930 International General Electric Co. acquired $10,000,000 par value of participating debentures of Siemens & Halske Aktiengesellschaft (Germany), out of a total of $14,400,000 par value sold in the United States. According to the company's annual report (1930), while these debentures give International General Electric Co. no vote in the affairs of Siemens and Halske A. G., it does give International General Electric a substantial participation in the profits, and the relations between the two companies are very cordial.",False,True,False,False,False,False,False,"Siemens & Halske, A.G.","""It was reported that General Electric Co. had taken the greater part of a $14,000,000 issue of participating debentures of Siemens & Halske, A.G., offered by Dillon Read & Co.""",False,True,False,False,False,False,False
93,International General Electric Company Inc.,True,True,True,['Osram G.m.b.H. Kommanditgesellschaft'],Siemens & Halske Aktiengesellschaft,"Notes: In 1930 International General Electric Co. acquired $10,000,000 par value of participating debentures of Siemens & Halske Aktiengesellschaft (Germany), out of a total of $14,400,000 par value sold in the United States. According to the company's annual report (1930), while these debentures give International General Electric Co. no vote in the affairs of Siemens and Halske A. G., it does give International General Electric a substantial participation in the profits, and the relations between the two companies are very cordial.",False,True,False,False,False,False,False,"Allgemeine Elektricitäts Gesellschaft, Berlin, Germany; Osram G.m.b.H. Kommanditgesellschaft, Berlin, Germany","Under section ""Affiliated Manufacturing Companies"": Allgemeine Elektricitäts Gesellschaft, Berlin, Germany; Osram G.m.b.H. Kommanditgesellschaft, Berlin, Germany",False,False,False,True,True,False,False
94,International Harvester Company,True,True,True,"['International Harvester Company, m.b.H.']",International Harvester Co. m. b. H. ,,True,False,False,False,False,False,False,International Harvester G. m. b. H. (Germany),"Under the section ""Subsidiaries""",True,False,False,False,False,False,False
95,International Harvester Export Co.,True,False,False,"['International Harvester Company, m.b.H.']",,,,,,,,,,,,,,,,,,
96,International Mercantile Marine Co.,False,False,True,,,,,,,,,,,NA,"Company possesses valuable terminal facilities at Liverpool, London, Southampton, Antwerp and Hamburg...",False,False,False,False,True,False,False
97,International Mortgage & Investment Corporation c/o Alien Property Custodian,True,False,False,['International Mortgage & Investment Corporation'],,,,,,,,,,,,,,,,,,
98,International Securities Company,True,False,False,['Singer Nahmaschinen Aktiengesellschaft'],,,,,,,,,,,,,,,,,,
99,International Standard Electric Corp.,True,False,False,"['Lorenz, C. A.G.', 'Standard Elektrizitats Ges., A.G.']",,,,,,,,,,,,,,,,,,
100,International Telephone and Telegraph Corp.,True,False,False,"['Baruta Import and Export, GmbH', 'Baruta Import and Export, GmbH', 'Berliner Telephonie Aktiengesellschaft', 'Ferdinand Schuchhardt Berliner Fernsprech- und Telegraphenwerk Aktiengesellschaft', 'Gesellschaft Fur Telephon-und Telegraphenbeteilungen m.b.H.', 'Dr. Erich F. Huth G.m.b.H.', 'Lorenz, C. A.G.', 'Lorenz Radio Vertriebe G.m.b.H.', 'Ludwig Sudicates G.m.b.H.', 'Ludwig Sudicatis G.m.b.H.', 'Mix & Genest Aktiengesellschaft', 'Mix & Genest Hansawerke , G.m.b.H.', 'Rohr & Seilpost Anlagen, G.m.b.H.', 'Standard Elektrizitats Ges., A.G.', 'Suddeutsche Apparatefabrik Gesellschaft m.b.H.', 'Tefag Radio Vertriebs G.m.b.H.', 'Telephonfabrik Berliner A.G.', 'Telmo Telephon und Telegraphen Gesellschaft m.b.H.', 'Vereinigte Bayerische Telephonwerke Aktiengesellschaft', '""Volta"" Telephon & Signalbau G.m.b.H.']",,,,,,,,,,,,,,,,,,
101,Intertype Corporation,True,True,True,"['Intertype Fabrik G.m.b.H.', 'Intertype Setzmaschinen G.m.b.H.']",Intertype Setzmaschinen G. m. b. H.; Intertype Fabric G. m. b. H.,"Also maintains selling branches in Chicago, San Francisco, Boston, Los Angeles, New Orleans, London, Eng., and Berlin, Germany. Owns entire capital stock of lntertype, Ltd. (London); Intertype Setzmaschinen G. m. b. H. and intertype Fabric G. m. b. H. (Germany)",True,False,False,False,False,False,False,Intertype Setzmachinen G.m.b.H.; Intertype Fabric G. m. b. H. (Germany),"In description: ""Owns entire capital stock of ...Intertype Setzmachinen G.m.b.H.; Intertype Fabric G. m. b. H. (Germany)""",True,False,False,False,False,False,False
102,J. M. Bernard & Co. Inc.,True,False,False,['J. M. Bernard & Co. G.m.b.H.'],,,,,,,,,,,,,,,,,,
103,Jadev Corporation,True,False,False,"['Allgemeine Erdol Gesellschaft, m.b.H.', 'Gewerkschaft Brigitta', 'Mecklenburgische Erdol G.m.b.H.', 'Oldenburgische Erdol Gesellschaft m.b.H.', 'Oldenburgische Erdol Gesellschaft m.b.H.']",,,,,,,,,,,,,,,,,,
104,Jones (J. Edward) Royalty Trust,False,False,True,,,,,,,,,,,NA,"Branch offices in Boston, Tulsa, and Dresden, Germany",False,False,False,False,True,False,False
105,Julius Kayser & Company,False,True,True,,"Kayser Textile-Gesellschaft, m. b. H. in Saxony","In Sept, 1922, the company formed the Kayser Textile-Gesellschaft, m. b. H. in Saxony, to handle the export business of the company in Germany.",True,False,False,False,False,False,False,"Kayser Textil-Gesellschaft, m. b. H. in Saxony","In section Subsidiaries: ""In Sept 1922, the company formed the Kayser Textil-Gesellschaft, m. b. H. in Saxony, to handles the export business of the company in Germany""",True,False,False,False,False,False,False
106,Koenig Medicine Co.,True,False,False,['Koenig Medicine Company'],,,,,,,,,,,,,,,,,,
107,Kraft Cheese Company,True,False,False,"['Betz & Jay, GmbH', 'Jocca Werke G.m.b.H.', 'Kohler-Werke G.m.b.H.', 'Kraft Kaese Werke G.m.b.H.', 'Kraft Kaese Werke G.m.b.H.', 'Lindor Werke G.m.b.H.']",,,,,,,,,,,,,,,,,,
108,Kupfer Bros. Co. Inc.,True,False,False,"['Werola Krepp & Buntpapierfabrik G.m.b.H.', 'Wilheim Stern & Co. G.m.b.H.']",,,,,,,,,,,,,,,,,,
109,L. C. Smith & Corona Typewriters Inc.,True,True,True,['L. C. Smith & Corona Schreihmaschinen G.m.b.H.'],"L. C. Smith & Corona Schreibmaschinen G m.b.H., Berlin, Germany",,True,False,False,False,False,False,False,"L. C. Smith & Corona Schreibmaschinen G.m.b.H., Berlin, Germany","In description: ""Foreign business is handles from home office in Syracuse, N. Y. and through company's subsidiaries in London, Eng., Berlin, Germany, and Toronto, Can. "" In ""Subsidiaries"": ... L. C. Smith & Corona Schreibmaschinen G.m.b.H., Berlin...",True,False,False,False,False,False,False
110,Lehn & Pink Products Corporation,True,False,True,['A. S. Hinds A.G.'],,,,,,,,,,"Schuelke & Mayr, A. G.","Sales of products abroad is conducted through .... German subsidiary, Schuelke & Mayr, A. G., which handles continent of Europe, South America and Chinese business.",True,False,True,False,False,False,False
111,"Lentheric, Incorporated",True,False,False,"['Parfume Lentheric, G.m.b.H.']",,,,,,,,,,,,,,,,,,
112,Libbey-Owens-Ford Glass Company,False,True,True,,"Deutsche Libbey-Owens Gesellschaft fuer Maschinelle Glasherstellung, Aktiengesellschaft, Gelsenkirchen, Germany.",,False,False,False,False,False,False,True,Deutsche Libbey-Owens Gesellschaft fuer Maschinelle Glasherstellung (Aktiengesellschaft),Deutsche Libbey-Owens Gesellschaft fuer Maschinelle Glasherstellung (Aktiengesellschaft) - Licensee,False,False,False,False,False,False,True
113,"Libby, McNeill & Libby",True,False,False,"['Deutsche Libby Gesellschaft, m.b.H.']",,,,,,,,,,,,,,,,,,
114,Loew's Incorporated,True,False,False,['Metro-Goldwyn Mayer Film A.G.'],,,,,,,,,,,,,,,,,,
115,Lohn & Fink Products Corporation,True,False,False,['Schulke & Mayr A.G.'],,,,,,,,,,,,,,,,,,
116,"Lykes Bros. Steamship Co., Inc.",True,False,False,"['Deutsche American Shipping Co. (Bremen) G.m.b.H.', 'Deutsche American Shipping Co. (Bremen) G.m.b.H.']",,,,,,,,,,,,,,,,,,
117,Magdalena Syndicate,True,True,False,['Edoel-Bergbau Aktiengesellschaft Celle Norddeutsche Mineraloel Aktiengesellschaft'],Nord Deutsche Mineraloel A. G.,"In April, 1931 acquired oil properties in Germany Including 388,000 acres of land in North Germany. Two refineries now under lease and in operation are included. The purchase was effected through the issuance of 2,408,000 additional shares of common stock of the syndicate. Owns 95% of the Nordoel Co. (Nord Deutsche Mineraloel A. G.), acquired in April 1931.",True,False,True,False,False,False,False,,,,,,,,,
118,Markt & Co. Inc.,True,False,False,['Markt & Co.'],,,,,,,,,,,,,,,,,,
119,Markt & Hammacher Co.,True,False,True,['Markt & Co.'],,,,,,,,,,NA,Branch in Hamburg,False,False,False,False,True,False,False
120,"Mccann-Erickson, Inc.",True,False,False,"['Gesellschaft fur markt und schgerechte Werberatung', 'H. K. Mccann Company, m.b.H.']",,,,,,,,,,,,,,,,,,
121,Mergenthaler Linotype Company,True,True,True,"['Linotype, G.m.b.H.', 'Mergenthaler Setzmaschinen-Fabrik, G.m.b.H.', 'Schriftgiesserei und Messinglinienfabrik D. Stempel Akt.']",Margenthaler Setzmaschinen Fabrik G.m.b.H. of Germany,"In 1909 acquired a controlling interest in Linotype & Machinery, Ltd., and in the Margenthaler Setzmaschinen Fabrik G.m.b.H. of Germany. Linotype & Machinery. Ltd., has a plant at Broadheath, near Manchester, England, where it manufactures printing machinery, linotypes and parts.",True,False,False,False,False,False,False,Mergenthaler Setzmaschinen-Fabrik G.m.b.H.,"""In 1909 acquired a controlling interest in ....the Mergenthaler Setzmaschinen-Fabrik G.m.b.H. of Germany.""",True,False,False,False,False,False,False
122,Metallic Products Corp. c/o US Corp. Co.,True,False,False,['Metallpulver G.m.b.H.'],,,,,,,,,,,,,,,,,,
123,Moto Meter Gauge & Equipment Corp.,False,True,True,,"Moto Meter Gesellschaft, m. b. H., Germany. ","""Also owns 51% of the capital stock of Moto Meter Gesellschaft, m. b. H., Germany. """,True,False,False,False,False,False,False,Moto Meter Gesellschaft m. b. H.,"Moto Meter Gauge & Equipment Corp. owns 51% of the capital stock of Moto Meter Gesellschaft m. b. H., Germany.",True,False,False,False,False,False,False
124,National Lead Company,True,True,True,['Zinnwerke Wilheimsburg G.m.b.H.'],Titangesellschaft M. B. H.,"In 1927 company exercised its option to purchase ths Titan Co. of Norway. Company also concluded an agreement with Die Interessengemeinschaft Farbenindustrie Aktiengesellschaft to manufacture and market in Germany and Central Europe titanium pigments from the Norwegian ores. I. G. Farbenindustrie A. G. and the company each own an interest in Titangesellschaft M. B. H. which has built a plant for the manufacture of titanium pimento at Leverkusen, near Cologne, Germany.",True,False,False,False,True,False,False,Titangesellschaft M. B. H.; I. G. Farbenindustrie,"""Company also concluded an agreement with Die Interessengemeinschaft Farbenindustrie Aktiengesellshcaft to manufacture and market in Germany and Central Europe titanium pigments from the Norwegian ores. I. G. Farbenindustrie A. G. and the company each own an interest in Titangesellschaft M. B. H. which has built a plant for the manufacture of titanium pigments at Leverkusen, near Cologne, Germany.""",True,False,False,False,False,False,True
125,"New England Industries, Inc.",True,False,False,"['Erkensator G.m.b.H.', 'Fullnerwerk G.m.b.H.', 'Maschinen-Export G.m.b.H.', 'Maschinenfabrik Banning & Seybold A.G.', 'Maschinenfabriken Wagner-Doerries Aktiengesellschaft (formerly: Maschinenfabrik Aktiengesellschaft vorm. Wagner & Co. )']",,,,,,,,,,,,,,,,,,
126,"New Jersey Industries, Inc.",True,False,False,"['Aktiengesellschaft fuer Anlagewerte', 'Aktiengesellschaft fuer Anlagewerte', 'Bekleidungs-Aktiengesellschaft', 'Defaka, Deustche Familienkaufhaus G.m.b.H.', 'Industrie-Export Aktiengesellschaft', 'Injecta Aktiengesellschaft zur Fabrikation Chiurgischer Instruments', 'Injecta Aktiengesellschaft zur Fabrikation Chiurgischer Instruments', 'Emil Koster Aktiengesellschaft', 'Mundlos Akteingesellschaft, Magdeburg']",,,,,,,,,,,,,,,,,,
127,New York Shipbuilding Corporation,False,True,True,,Maschinenfabrik Augsburg Nurnberg A. G. of Germany,"In March, 1927, company completed license agreement with Maschinenfabrik Augsburg Nurnberg A. C. of Germany for latter company’s Diesel engine development for railway traction purposes. New York Shipbuilding Co. is a wholly owned subsidiary.",False,False,False,False,False,False,True,Maschinenfabrik Augsburg Nurnberg A. C. of Germany,"""In March 1927, company completed license agreement with Maschinenfabrik Augsburg Nurnberg A. C. of Germany of latter company's Diesel engine development for railway traction purposes.""",False,False,False,False,False,False,True
128,North European Oil Corp.,True,True,True,['Nord-Europaeische Oel'], Oldenburgische Erdoel G.m.b.H.; Explora G.m. b. H.; Wesfoel G.in.b.H.; Osfoel G.m.b.H.,"Formed under Delaware laws in Aug, 1929 as a reorganisation of the former Nord Oil Co, for the purpose of exploiting oil fields in Northern Germany, particularly in the district between the lower Weser and lower Elbe Rivers. Company Is reported to have taken options on areas totaling about 4,000 square miles. The purpose of the new company Is to apply American deepdrilling methods In an effort to uncover real reservoirs. While oil has been found in this territory, the output has been small and the borings comparatively Shallow. It is stated that control of more than 1000,000 acres of oil and natural gas lands In Northern Germany, owned by the North European Oil Corp., is under option to a large Independent American oil company. Most of the acreage is In a triangular area of which the cities of Hamburg, Bremen and Hanover represent the points. Controls the following German companies: Oldenburgische Erdoel G.m.b.H.; Explora G.m. b. H.; Wesfoel G.in.b.H.; and Osfoel G.m.b.H. In May, 1931 it was reported that about 600,000 acres were sold for $900,000.",True,False,False,False,False,False,False,"West-Oel G.m.b.H.; Erdoelwerke Wathlingen, Wuerttembergische Mineralgesellschaft m.b.H.; Nordeuropaeische Oelgesellschaft m.b.H.; Gewerkschaft Regina zu Caan; Oldenburgische Oelausbeutungesellschaft m.b.H., Preussische Gewerkschaft Scharrenberg, Harburger Bergbau G.m.b.H.","In description: Owns entire capital stock of following companies: West-Oel G.m.b.H.; Erdoelwerke Wathlingen, Wuerttembergische Mineralgesellschaft m.b.H.; Nordeuropaeische Oelgesellschaft m.b.H.; Gewerkschaft Regina zu Caan; Oldenburgische Oelausbeutungesellschaft m.b.H., Preussische Gewerkschaft Scharrenberg, Harburger Bergbau G.m.b.H. Company in engaged in the exploitation of oil fields in Germany and at Mar. 10, 1934 owned or controlled (through above subsidiaries) oil and gas rights covering 705,700 acres In Germany as follows. Oldenburg, 650,000; Hanover, 80,700; Oetfrlesland, 25,000. In May, 1931, sold to interests identified with Royal Dutch Shell, 600,000 acres for $900,000.",True,False,False,False,False,False,False
129,Northeastern Insurance Company of Hartford,True,False,False,['Northeastern Insurance Co. of Hartford'],,,,,,,,,,,,,,,,,,
130,Norton Company,True,True,True,"['Deutsche Norton-Gesellschaft, m.b.H.']","Deutsche Norton Gesellschaft m.b.H., Wesseling, Germany","""Subsidiaries: Company holds stock control of the following companies: ... Deutsche Norton Gesellschaft m.b.H., Wesseling, Germany...""",True,False,False,False,False,False,False,"Deutsche Norton Gesellschaft m.b.H., Wesseling, Germany","under section ""Subsidiaries"": Company holds stock control of the following companies: ... Deustche Gesellschaft m.b.H., ...",True,False,False,False,False,False,False
131,Oliver United Filters Inc.,False,True,False,,"Dorr-Oliver G.m.b.H., Berlin, Germany","Operated factories at Oakland, Cal. and Hazleton, Pa.; products were also manufactured through agencies in Canada, Germany, England, Belgium, France, and Holland... The operating subsidiaries of Dorr-Oliver Corp. are ... Dorr-Oliver G.m.b.H., Berlin, Germany",True,False,False,False,False,False,False,,,,,,,,,
132,Oppenheimer Casing Co. Del.,True,False,False,['Oppenheimer Casing Co. m.b.H. Hamburg'],,,,,,,,,,,,,,,,,,
133,Otis Elevator Company,True,False,True,['Otis Aufzugswerke G.m.b.H.'],,,,,,,,,,Otis Aufzugswerke G.m.b.H.,"In section Subsidiaries and Affliated Companies: ""Otis Aufzugswerke G.m.b.H.... Germany"" Captial 3,951,266 Gold M. 100% owned",True,False,False,False,False,False,False
134,Pan American Foreign Corporation (Controlled by Standard Oil Co. [N. J.]),False,True,True,,Ebano Asphalt Werke A. G.; Ebano Asphalt Gesellschaft m. b. H.; Emas A.G. fuer Strassenbaubedarf; Euphalt Gesellschaft m.b.H.; Taerbaustoff Gesellschaft m.b.H.,,True,False,True,False,False,False,False,Ebano Asphalt Werke A. G.; Ebano Asphalt Gesellschaft m.b.H.; Emas A.G. fuer Strassenbaubedarf; Euphalt Gesellschaft m.b.H.; Taurbaustoff Gesellschaft m.b.H.,"Under section ""Subsidiaries""",True,False,True,False,False,False,False
135,Pan Foreign Corporation,True,False,False,"['Busscher & Hoffman Aktiengesellschaft', 'Ebano Asphalt-Werke Aktiengesellschaft', 'Emas Gesellschaft Fuer Strassenbaubedarf, m.b.H.', 'Vereinigte Asphalt und Teerproducktenfabriken Gesellschaft mit Beschrankter Haftung']",,,,,,,,,,,,,,,,,,
136,"Paramount Pictures, Inc.",True,True,True,['Paramount Film Aktiengesellschaft'],"Paramount Film Vertreib G. m. b. H., Berlin, Germany",,True,False,False,False,False,False,False,"Paramount Film Vertrieb G.m.b.H., Berlin, Germany","Under section ""Foreign Subsidiaries""",True,False,False,False,False,False,False
137,Parker Pen Co.,False,True,True,,"Parker Pen Co., G.m.b.H., Berlin, Germany","""Also controls Parker Pen Co. (Del.), Parker Pen Co, G.m.b.H, Berlin, Germany, and Parker Pen Co, Ltd. (Eng.), with sales office in London. Direct branches and distributing connections in all principal cities of the world. On Dec. 28, 1929, The Parker Pen Co. disposed of Its approximately 80% stock interest in Parker, A. G, which operated a manufacturing plant in Dossenheim, Heidelberg, Germany, and in Feb, 1930, started a 100% Parker controlled company called Parker Pen, G.m.b.H, at Berlin, Germany, which company operates a sales and service office, and carries a wholesale stock of merchandise which is distributed through a sales force to dealers in Germany, In Feb., 1929, jointly with the Wahl Co, and W. A. Sheaffer Pen Co. organised a jointly owned independent company under the name of Pen Desk Set Co. to which each of the above companies was to assign their patents covering desk sets, fountain pens and holders. In May, 1931, company put out a new product ""Quink”—a quick drying ink. Number of employees, Dec. 31, 1931, about 1,260.""",False,False,False,False,False,False,False,Parker A. G.,"On Dec. 28, 1929, The Parker Pen Co. disposed of its approximately 80% stock interest in Parker, A. G., which operated a manufacturing plant in Dossenheim, Heidelberg, Germany.",False,False,False,False,False,False,False
138,"Peat, Marwick, Mitchell & Co. (General Partnership)",True,False,False,"['Peat, Marwick, Mitchell & Co. (Berlin Partnership)']",,,,,,,,,,,,,,,,,,
139,Penton Publishing Co.,False,True,True,,NA,"""Maintains offices in Cleveland, New York, Pittsburgh, Chicago, Cincinnati. Washington; London and Birmingham, Eng.; Paris, France; and Berlin, Germany. """,False,False,False,False,True,False,False,NA,"The company owns property in Cleveland and maintains offices in various US cities, London, Birmingham, Paris, and Berlin, Germany. ",False,False,False,False,True,False,False
140,"Philip Morris & Co. Ltd., Inc.",True,False,False,['Philip Morris & Co. Limited G.m.b.H.'],,,,,,,,,,,,,,,,,,
141,Pitney-Bowes Postage Meter Co.,False,False,True,,,,,,,,,,,Francotype-Gesellschaft of Berlin,"""During 1930 entered into an agreement with the Francotype-Gesellschaft of Berlin for the exchange of patents of mechanical and technical development affecting the various kinds of postage metering, parcel post and special machines designed for taxing purposes.""",False,False,False,False,False,False,True
142,Pown Corporation,True,False,False,['Kodak Aktiengesellschaft'],,,,,,,,,,,,,,,,,,
143,"Price, Waterhouse & Co.",True,False,False,"['Price, Waterhouse & Co.']",,,,,,,,,,,,,,,,,,
144,Pueping (Fred) Leather Co.,False,True,False,,NA,"Branch offices at Boston, New York, Chicago, Milwaukee, St Louis, Cincinnati, San Francisco, Montreal, Northampton (Eng.) and Frankfurt Germany.",False,False,False,False,True,False,False,,,,,,,,,
145,Pure Oil Co.,True,False,False,['Oelwerke Julius Schindler G.m.b.H.'],,,,,,,,,,,,,,,,,,
146,Quaker Oats Co.,True,True,True,"['Quaker Nahrmittel, G.m.b.H.', 'Quaker Oats Co. G.m.b.H.']",NA,"""Mills are located at Akron, Ohio: Cedar Bapids, la.; St. Joseph, Mo.; Memphis, Tenn.; Depew, N. Y.; Tecumseh, Mich.; Peterborough, Ont.; Saskatoon, Baric., and Eisen, Germany, manufacturing various cereal food products, the best known bring ""Quaker Oats.""",False,False,False,False,True,False,False,NA,"It operates mills in various locations including Essen, Germany. ",False,False,False,False,True,False,False
147,R. Schiffmann Co.,True,False,False,['R. Schiffman & Co. G.m.b.H.'],,,,,,,,,,,,,,,,,,
148,Radio Corporation of America,False,True,True,,NA,"""On Dec. 31, 1931, R.C.A. Communications, Inc. operated the following international and domestic radio circuits.... Germany."" ",False,False,False,False,True,False,True,NA,"Mentions Germany for ""R. C. A. Communications, Inc., a subsidiary, operates international radiotelegraph services in conjunction with Amalgamated Wireless (Australasia) Ltd... the Governments Norway, Germany, Poland, ....""",False,False,False,False,False,False,False
149,Radio Corporation of America,False,True,True,,NA,"""On Dec. 31, 1931, R.C.A. Communications, Inc. operated the following international and domestic radio circuits.... Germany."" ",False,False,False,False,True,False,True,NA,"Germany is a country listed under Principal subsidiary and affiliated companies ""Transatlantic"" section",True,False,False,False,False,False,False
150,Radio-Keith-Orpheum Corporation (Controlled by Radio Corp. of America),False,True,True,,"AEG, Siemens and Halske, and Tobis Klangfilm","""Agreement for Exchange of patent rights: with AEG, Siemens and Halske, and Tobis Klangfilm""",False,False,False,False,False,False,False,"A. E. G. group, Siemens & Halske A. G., and Tobis Klangfilm Co. R. C. A. Photophones","Agreement for Exchange of Patent Rights: The companies involved in the negotiations include for Germanym the A. E. G. group, Siemens & Halske A. G., and Tobis Klangfilm Co. R. C. A. Photophones and numerous picture-producing companies, including Universal, United Artists, Metro-Goldwyn, Patho Exchange, Paramount, Columbia, Tiffany-Stahl, and Radio-Keith-Orpheum.",False,False,False,False,False,False,True
151,Remington Rand Inc.,True,True,True,"['Jahresuhren Fabrik G.m.b.H.', 'Kardex A.G.', 'Kardex A.G.', 'Kardex System G.m.b.H.', 'Powers G.m.b.H.', 'Remington Buromaschinen G.m.b.H.', 'Sela Automatic Camera', 'Torpedo-Werke A.G.', 'Torpedo-Werke A.G.']",Torpedo,"Incorporated in Delaware on January 25, 1927. The company manufactures noiseless, portable and electric typewriting and bookkeeping machines, steel and wood filing equipment, office furniture, indexing systems, safe files and safe cabinets, loose-leaf ledgers, accounting devices and supplies, and computing and adding machines. It owns or controls plants in New York, Connecticut, Massachusetts, Ohio, Michigan, Georgia, California, England, Canada, France, and Germany. Products are distributed through branch offices and dealers in the United States and foreign countries. In April 1932, the company acquired a financial interest in a contract with Wellwerke, a German company, making certain products and patents available in Frankfurt, Germany under the trade name ""Torpedo"". As of May 1, 1931, the company had 16,938 employees.",True,False,False,False,True,False,False,Torpedo,"""In Apr., 1932, company acquired a financial interest in and consummated a reciprocal technical contract with Weilwereke, a German company, under which certain products and patents of each became available to the other. Weilwerke makes standard and portable typewriters and accounting machines in Frankfurt, Germany, under the trade name of 'Torpedo'.""",False,False,False,False,False,False,True
152,Richard Hudnut,True,False,False,"['Lohse, Gustave A.G.', 'Richard Hudnut G.m.b.H.']",,,,,,,,,,,,,,,,,,
153,"Ritter Company, Inc. (Formerly Ritter Dental Mfg. Co., Inc)",True,True,True,"['Ritter, A.G.']","Ritter, A.G.","Owns 96% of capital stock of Ritter, A. G., which owns two plants in Baden, Germany",True,False,True,False,True,False,False,"Ritter, A. G.","Owns 96% of capital stock of Ritter, A.G., which owns two plants in Baden, Germany...",True,False,False,False,True,False,False
154,"Robert Reiner, Incorporated",True,False,False,['Maschinenfabril EINSIEDEL G.m.b.H.'],,,,,,,,,,,,,,,,,,
155,Robert W. Hunt Company,True,False,False,['Robert W. Hunt Company'],,,,,,,,,,,,,,,,,,
156,Royal Baking Powder Company,False,True,True,,"Deutsche Royal Backpulver, Gesellschaft m.b.H, Berlin, Germany.","Company controls through 100% ownership, Wright, Crossley & Co., Ltd. (and its subsidiary Aintree Co., Ltd.), Liverpool, Eng.; Alliance Food Product, Ltd., London, Eng.; Royal Baking Powder (Proprietory), Ltd., Cape Town, South Africa, and Deutsche Royal Backputver, Gesellachaft m.b.H., Berlin. Germany.",True,False,False,False,False,False,False,NA,"in the Balance Sheet: ""Includes... German and South African subsidiaries of Royal Baking Powder Co.""",True,False,False,False,False,False,False
157,Royal Baking Powder Company,False,True,True,,"Deutsche Royal Backpulver, Gesellschaft m.b.H, Berlin, Germany.","Company controls through 100% ownership, Wright, Crossley & Co., Ltd. (and its subsidiary Aintree Co., Ltd.), Liverpool, Eng.; Alliance Food Product, Ltd., London, Eng.; Royal Baking Powder (Proprietory), Ltd., Cape Town, South Africa, and Deutsche Royal Backputver, Gesellachaft m.b.H., Berlin. Germany.",True,False,False,False,False,False,False,"Deutsche Royal Backpulver, Gesellschaft m.b.H., Berlin, Germany","In description: Company controls through 100% ownership, ....and Deutsche Royal Backpulver, Gesellschaft m. b. H., Berlin, Germany.",True,False,False,False,False,False,False
158,"Royal Typewriter Company, Inc.",True,True,True,"['Orga Akt. Ges.', 'Royal Schreihmaschinen, G.m.b.H.']","Royal Schreibmaschinen G. m. b. H., of Berlin","""Company has selling agencies In all large cities of the U. S.; also has a Canadian branch. Product is sold ... in Germany through the Royal Schreibmaschinen G. m. b. H., of Berlin...""",False,False,False,True,True,False,False,"Royal Schreibmaschinen G. m. b. H., of Berlin","Product is sold... in Germany through the Royal Schreibmaschinen G. m. b. H., of Berlin",False,False,False,True,True,False,False
159,S O. Realizatio Co. Inc.,False,False,True,,,,,,,,,,,NA,"Not sure if Hamburg is in Germany. Branches located in Chicago, Hamburg and Wellington (New Zealand). London and Hamburg branches operated subsidiaries.",True,False,False,False,True,False,False
160,Schilling Estate Company,True,False,False,['Holzwarth Gasturbinen'],,,,,,,,,,,,,,,,,,
161,Schoonmaker-Scott Company,True,False,False,"['Butler Brothers, G.m.b.H.']",,,,,,,,,,,,,,,,,,
162,Seabrook International Engineering Corp.,False,False,True,,,,,,,,,,,NA,"Plant located at Bridgeton, N. J., and branch offices or agencies at New York, Philadeliphia, London, Paris, Montreal, Berlin, Budapest and Havana.",False,False,False,False,True,False,False
163,Seiberling Rubber Co.,False,True,False,,"Fulda Rubber Co. of Fulda, Germany","""Has working agreement with Fulda Rubber Co. of Fulda, Germany...""",False,False,False,False,False,False,True,,,,,,,,,
164,Signode International Limited,True,False,False,['Signode System G.m.b.H.'],,,,,,,,,,,,,,,,,,
165,Signode Steel Strapping Co.,True,True,True,['Signode System G.m.b.H.'],NA,"Has subsidiaries in Belgium, Canada, England, Italy, Germany and Holland. Products are mar trade name ""Signode"". ",True,False,False,False,False,False,False,NA,"In description: ""Has subsidiaries in Belgium, Canada, England, Italy, Germany and Holland.""",True,False,False,False,False,False,False
166,Silesian-American Corporation,False,True,True,,Bergwerkgesellschaft Georg von Giesche's Erben,"Security — A joint mortgage on nine mines, mining properties and lands including buildings, concentrator, plants, etc., located in Upper Silesia, Germany subject to certain charges under the Dawes Plan and also small mining royalties.",True,False,False,False,False,False,False,Georg von Giesche's Heirs Mining Co. (Bergwerksgesellschaft Georg von Giesche's Erben),"incorporated in Delaware on July 7, 1926, to acquire from Georg von Giesche's Heirs Mining Co. (Bergwerksgesellschaft Georg von Giesche's Erben), a German corporation, all of the capital stock of the Giesche Co. (Giesche Spolka Akcyjna), a Polish corporation, along with the German company's $6,000,000 sinking fund mortgage bonds. ",True,False,False,False,False,False,False
167,Singer Mfg. Co.,True,False,False,['Singer Nahmaschinen Aktiengesellschaft'],,,,,,,,,,,,,,,,,,
168,"Socony-Vacuum Oil Company, Inc.",True,False,False,"['Deutsche Vacuum Oel A.G.', 'Erdolbergbau A.G., Celle', 'Gewerkschaft Alfred', 'Gewerkschaft Ave 5', 'Gewerkschaft Carlsburg III', 'Gewerkschaft Konberg II', 'Gewerkschaft Ostfeld 1', 'Intava Arbeitsgemeinschaft Der Deutsche-Amerikanischen Petroleum-Gesellschaft Und Der Deutschen Vacuum Oil - Aktiengesellschaft Fur Entwicklung Und Vertrieb Von Luftfahrt-Kraft- Und Schmierstoffen', 'Petrolifer Rohoelcompagnie A.G.', 'West-Oel Fesellschaft m.b.H.']",,,,,,,,,,,,,,,,,,
169,Spirella International Incorporated,True,False,False,"['Spirella Gesellschaft m.b.H.', 'Spirella Gesellschaft m.b.H.']",,,,,,,,,,,,,,,,,,
170,St. Andrews Bay Lumber Co.,False,False,True,,,,,,,,,,,NA,was incorporated in May 1919 to operate property formerly owned by the German-American Lumber Co.,False,False,False,False,False,False,False
171,St. Regis Paper Co.,True,False,False,['Bates Maschinen GmbH'],,,,,,,,,,,,,,,,,,
172,"Standard Commercial Tobacco Co., Inc.",True,True,False,['Werkhof G.m.b.H.'],German-American Tobacco Co.,"""During 1929, acquired a cigarette factory in Germany."" ""On May 20, 1931 German-American Tobacco Co., was incorporated in Delaware by Ery Kabaya, president of Standard Commercial Tobacco Co. and associates to engage in the manufacture of American type cigarettes in Germany. Capital consists of $10,000,00 of preferred stock, and 3,000,000 no par common shares. It is expected that the company will take  over the Werkhof Cigarette factory at Bremen, which is now owned by Standard Commercial Tobacco Co.""",False,False,False,True,True,False,True,,,,,,,,,
173,Standard Oil Company (Indiana),False,True,False,,NA,"Manufacturing: The Standard Oil Co. (Ind.) group operates refineries at 13 points in the United States and three abroad having a total crude oil through-put capacity of 353,000 barrels a day. Crude oil run by these plants in 1931 totalled 93,178,261 barrels of 42 gallons each as compared with 99,313,851 barrels in 1930. The 1930 statistics include tor the first time runs of Pan American’s refinery at Aruba, D. W. L, and a full year’s operation of that company's asphalt manufacturing plant at Hamburg, Germany.",False,False,False,False,True,False,False,,,,,,,,,
174,Standard Oil Company (New Jersey),True,True,True,"['Allgemeine Oel-Handels-Gesellschaft mit beschrankter Haftung', 'Deutsch-Amerikanische Petroleum-Gesellschaft', 'Deutsch-Amerikanische Petroleum-Gesellschaft', 'Deutsche Gasolin Aktiengesellschaft', 'Deutsche Landerbank Aktiengesellschaft', '""Gluckauf"" Deutsche Oel Gesellschaft Hersfeld & Co., G.m.b.H.', 'Intava Arbeitsgemeinschaft Der Deutsche-Amerikanischen Petroleum-Gesellschaft Und Der Deutschen Vacuum Oil - Aktiengesellschaft Fur Entwicklung Und Vertrieb Von Luftfahrt-Kraft- Und Schmierstoffen', 'Mineraloel-Raffinerie vorm. August Korff', 'Norddeustche Mineraloelwerke Stettin G.m.b.H.', 'Privatanschlussbahn Borgsdorf-Birkenwerder G.m.b.H.', 'Waried Tankschiff Rhederei G.m.b.H.', 'Waried Tankschiff Rhederei G.m.b.H.', 'Titan-Oel-Gesellschaft m.b.H.']",Deutsch Amerikanische Petroleum Ges. (Germany),,True,False,True,False,False,False,False,Deutsch Amerikanische Petroleum Ges. (Germany),Under section Subsidiaries,True,False,False,False,False,False,False
175,Standard Oil Company (New Jersey),True,True,True,"['Allgemeine Oel-Handels-Gesellschaft mit beschrankter Haftung', 'Deutsch-Amerikanische Petroleum-Gesellschaft', 'Deutsch-Amerikanische Petroleum-Gesellschaft', 'Deutsche Gasolin Aktiengesellschaft', 'Deutsche Landerbank Aktiengesellschaft', '""Gluckauf"" Deutsche Oel Gesellschaft Hersfeld & Co., G.m.b.H.', 'Intava Arbeitsgemeinschaft Der Deutsche-Amerikanischen Petroleum-Gesellschaft Und Der Deutschen Vacuum Oil - Aktiengesellschaft Fur Entwicklung Und Vertrieb Von Luftfahrt-Kraft- Und Schmierstoffen', 'Mineraloel-Raffinerie vorm. August Korff', 'Norddeustche Mineraloelwerke Stettin G.m.b.H.', 'Privatanschlussbahn Borgsdorf-Birkenwerder G.m.b.H.', 'Waried Tankschiff Rhederei G.m.b.H.', 'Waried Tankschiff Rhederei G.m.b.H.', 'Titan-Oel-Gesellschaft m.b.H.']",Deutsch Amerikanische Petroleum Ges. (Germany),,True,False,True,False,False,False,False,-,Standard I. G. Co.; International Hydrogenation Patents Co.,False,False,False,False,False,False,True
176,Standard Oil Company (New Jersey),True,True,True,"['Allgemeine Oel-Handels-Gesellschaft mit beschrankter Haftung', 'Deutsch-Amerikanische Petroleum-Gesellschaft', 'Deutsch-Amerikanische Petroleum-Gesellschaft', 'Deutsche Gasolin Aktiengesellschaft', 'Deutsche Landerbank Aktiengesellschaft', '""Gluckauf"" Deutsche Oel Gesellschaft Hersfeld & Co., G.m.b.H.', 'Intava Arbeitsgemeinschaft Der Deutsche-Amerikanischen Petroleum-Gesellschaft Und Der Deutschen Vacuum Oil - Aktiengesellschaft Fur Entwicklung Und Vertrieb Von Luftfahrt-Kraft- Und Schmierstoffen', 'Mineraloel-Raffinerie vorm. August Korff', 'Norddeustche Mineraloelwerke Stettin G.m.b.H.', 'Privatanschlussbahn Borgsdorf-Birkenwerder G.m.b.H.', 'Waried Tankschiff Rhederei G.m.b.H.', 'Waried Tankschiff Rhederei G.m.b.H.', 'Titan-Oel-Gesellschaft m.b.H.']",I. G. Farbenindustrie A. G.,"STANDARD-I. G. CO.:  Incorporated in Delaware In Nov., 1929, as a merger of interests of Standard Oil Co. (N. J.) and the I. G. Farbenindustrie A. G. in hydrogenation development, replacing a development contract entered into by these two companies in 1927. All patent rights, present and future, relating to hydrogenation of coal and oil outside of Germany have been assigned to the Standard-I. G. Co. Oli hydrogenation plant at Bayway. N. J., was completed in Aug., 1930. Another plant is under construction at Baton Rouge, La., and a third plant is to be constructed at Baytown, Tex. Exclusive rights to license the new process in the United States have been vested in a new company. Hydro Patents Co., incorporated in Delaware. The entire issued stock of this company is at present held by Standard Oil Development Co., but licensees of the process will be required to own stock of the Hydro Patents Co. and to make their daily production under the process equal in barrels the number of shares of Hydro stock taken. Hydro Engineering & Chemical Co. has also been organized and will furnish to licensees of Hydro Patent Co. the technical knowledge relating to the process. This company will manufacture and maintain stocks of catalysts and on on request will supply them to licensees. Majority of capital stock of Standard-I. G. Co. owned by Standard Oil Co. (N. J.), balance by the I. G. Farbenindustrie, A. G.

International Hydrogenation Patents Co: Formed in 1931 through the fusion of interests of Standard Oil Co. of New Jersey, the I. G. Farbenindustrie of Germany, the Royal Dutch-Shell Group and Imperial Chemical industries. Ltd. Headquarters will be at Vadus, Leichtenstein. It will operate the hydrogenation process for the liquefaction or coal and the refining at oils in all countries outside the United States and Germany. The international Hydrogenation Engineering & Chemical Co., which is to be organized shortly at The Hague, will arrange the exchange of patent rights and new information on hydrogenation among all users, Including corresponding companies In the United States, which were organised in 1929. German Inventions and experience will be available to the now company through the Standard-I, G. Co., representing the fusion of hydrogenation interests between the I. G. Farbanindustrie of Germany and the Standard Oil Co. of Jersey.",False,False,False,False,False,False,True,Deutsch Amerikanische Petroleum Ges. (Germany),Under section Subsidiaries,True,False,False,False,False,False,False
177,Standard Oil Company (New Jersey),True,True,True,"['Allgemeine Oel-Handels-Gesellschaft mit beschrankter Haftung', 'Deutsch-Amerikanische Petroleum-Gesellschaft', 'Deutsch-Amerikanische Petroleum-Gesellschaft', 'Deutsche Gasolin Aktiengesellschaft', 'Deutsche Landerbank Aktiengesellschaft', '""Gluckauf"" Deutsche Oel Gesellschaft Hersfeld & Co., G.m.b.H.', 'Intava Arbeitsgemeinschaft Der Deutsche-Amerikanischen Petroleum-Gesellschaft Und Der Deutschen Vacuum Oil - Aktiengesellschaft Fur Entwicklung Und Vertrieb Von Luftfahrt-Kraft- Und Schmierstoffen', 'Mineraloel-Raffinerie vorm. August Korff', 'Norddeustche Mineraloelwerke Stettin G.m.b.H.', 'Privatanschlussbahn Borgsdorf-Birkenwerder G.m.b.H.', 'Waried Tankschiff Rhederei G.m.b.H.', 'Waried Tankschiff Rhederei G.m.b.H.', 'Titan-Oel-Gesellschaft m.b.H.']",I. G. Farbenindustrie A. G.,"STANDARD-I. G. CO.:  Incorporated in Delaware In Nov., 1929, as a merger of interests of Standard Oil Co. (N. J.) and the I. G. Farbenindustrie A. G. in hydrogenation development, replacing a development contract entered into by these two companies in 1927. All patent rights, present and future, relating to hydrogenation of coal and oil outside of Germany have been assigned to the Standard-I. G. Co. Oli hydrogenation plant at Bayway. N. J., was completed in Aug., 1930. Another plant is under construction at Baton Rouge, La., and a third plant is to be constructed at Baytown, Tex. Exclusive rights to license the new process in the United States have been vested in a new company. Hydro Patents Co., incorporated in Delaware. The entire issued stock of this company is at present held by Standard Oil Development Co., but licensees of the process will be required to own stock of the Hydro Patents Co. and to make their daily production under the process equal in barrels the number of shares of Hydro stock taken. Hydro Engineering & Chemical Co. has also been organized and will furnish to licensees of Hydro Patent Co. the technical knowledge relating to the process. This company will manufacture and maintain stocks of catalysts and on on request will supply them to licensees. Majority of capital stock of Standard-I. G. Co. owned by Standard Oil Co. (N. J.), balance by the I. G. Farbenindustrie, A. G.

International Hydrogenation Patents Co: Formed in 1931 through the fusion of interests of Standard Oil Co. of New Jersey, the I. G. Farbenindustrie of Germany, the Royal Dutch-Shell Group and Imperial Chemical industries. Ltd. Headquarters will be at Vadus, Leichtenstein. It will operate the hydrogenation process for the liquefaction or coal and the refining at oils in all countries outside the United States and Germany. The international Hydrogenation Engineering & Chemical Co., which is to be organized shortly at The Hague, will arrange the exchange of patent rights and new information on hydrogenation among all users, Including corresponding companies In the United States, which were organised in 1929. German Inventions and experience will be available to the now company through the Standard-I, G. Co., representing the fusion of hydrogenation interests between the I. G. Farbanindustrie of Germany and the Standard Oil Co. of Jersey.",False,False,False,False,False,False,True,-,Standard I. G. Co.; International Hydrogenation Patents Co.,False,False,False,False,False,False,True
178,Stauffer Chemical Co.,True,False,False,['Suddeutsche Chemische Werke'],,,,,,,,,,,,,,,,,,
179,Steinway & Sons,True,False,False,['Steinway & Sons'],,,,,,,,,,,,,,,,,,
180,Submarine Signal Co.,True,False,False,['Signal Gesellschaft m.b.H.'],,,,,,,,,,,,,,,,,,
181,Swift & Company,True,False,False,"['Swift & Company, G.m.b.H.', 'Swift & Company, G.m.b.H.']",,,,,,,,,,,,,,,,,,
182,Swift and Company (Illinois),True,False,False,['Hanseatische Grundbitz Gesellschaft m.b.H.'],,,,,,,,,,,,,,,,,,
183,"Swiss ""Borvisk"" Company",True,False,False,"['""Borvisk"" Kunstseiden-Vertriebsgesellschaft, m.b.H.', 'Photochemie Kommandit Gesellschaft']",,,,,,,,,,,,,,,,,,
184,The ARMCO International Corporation,True,False,False,['ARMCO Eisen G.m.b.H.'],,,,,,,,,,,,,,,,,,
185,"The American Express company, Incorporated.",True,False,False,['American Express Company mit Beschrankter Haftung'],,,,,,,,,,,,,,,,,,
186,The American Laundry Maschinery Co.,True,False,False,"['Almco Waschereimaschinen, GmbH']",,,,,,,,,,,,,,,,,,
187,The Atlantic Refining Company,True,False,True,"['Allgemeine Oel-Handels, GmbH. (Oelhag)', 'The Atlantic Refining Company Germany GmbH', 'Atreco Oel-Handels GmbH.', 'Schlafhorst Chemische Werke, G.m.b.H.']",,,,,,,,,,Atlantic Refining Co. of Germany; Allgemeine Oel Handels Ges. (Germany),"Proprietary and Affiliated Companies, Dec. 31, 1933: ...Allgemeine Oel Handels Ges. (Germany) Shares issued (Rm. 6,000,000) Shares owned (Rm. 2,000,000); Atlantic Ref. Co. of Germany (Me.) Shares issued (604), Shares owned (604); Atlantic Ref. Co. of Germany (Germany) Shares issued (Rm. 1,000,000) Shares owned (Rm. 1,000,000)",True,True,False,False,False,False,False
188,The Babcock & Wilcox Company,True,False,False,['Deustche Babcock & Wilcock'],,,,,,,,,,,,,,,,,,
189,The Brecht Corporation,True,False,False,['The Brecht Corporation G.m.b.H.'],,,,,,,,,,,,,,,,,,
190,"The Coca-Cola Company (101 W. 10th Street Wilmington, Delaware)",True,False,False,"['Coca-Cola G.m.b.H.', 'Coca-Cola G.m.b.H.', 'Coca-Cola G.m.b.H.']",,,,,,,,,,,,,,,,,,
191,"The Coca-Cola Export Corporation (101 W. 10th Street Wilmington, Delaware)",True,False,False,['Coca-Cola G.m.b.H.'],,,,,,,,,,,,,,,,,,
192,The Deimel Linen-Mesh System Company,True,False,False,"[""Branch-Dr. Deimel's Maschenleinen-Fabrik-(Deimel Linen-Mesh System Co. U.S.A.)""]",,,,,,,,,,,,,,,,,,
193,The Dentists' Supply Co. of New York,True,False,False,"['Standard Zahnfabrik A.G.', 'Zahnfabrik Wienand Soehne & Co.']",,,,,,,,,,,,,,,,,,
194,The Dorr Co.,True,False,False,['Dorr Gesellschaft m.b.H.'],,,,,,,,,,,,,,,,,,
195,The Durer Corporation,True,False,False,"['Durer Scheifmittel, G.m.b.H.']",,,,,,,,,,,,,,,,,,
196,The Fairbanks Company,True,False,False,['The Fairbanks G.m.b.H. Company'],,,,,,,,,,,,,,,,,,
197,The Forak Company,True,False,False,['Ethyl Gesellschaft m.b.H.'],,,,,,,,,,,,,,,,,,
198,The Goodyear Tire & Rubber Company,False,False,True,,,,,,,,,,,Goodyear Tire & Rubber Co. A.G. (Germany),"Under section ""Subsidiaries"". In description: ""In 1924 company acquired exclusive rights to manufacture Zeppelins in America under the German patents. """,True,False,True,False,False,False,True
199,The Guardian Life Insurance Company of America,True,False,False,"['The Guardian Life Insurance Company of America, European Branch, German Business']",,,,,,,,,,,,,,,,,,
200,The Hobert Manufacturing Company,True,False,False,"['Hobert Maschinen Gesellschaft, m.b.H.']",,,,,,,,,,,,,,,,,,
201,The Hoover Co.,True,False,False,['Hoover G.m.b.H.'],,,,,,,,,,,,,,,,,,
202,The International Button Hole Sewing Machine Company,True,True,True,['Reece Machinery Company'],Reece Machinery Co. G.m.b.H.,"INTERNATIONAL BUTTON-HOLE SEWINO MACHINE CO.: Incorporated in Maine, May 18,1882. Owns foreign patents for Reece button-hole machinery, with agendas in Italy, Australia, New Zealand, Cuba, South America, Japan and South Africa. Also represented in England by Reece Machinery Co., Ltd.; in France by Reece Machineiy Co. (France); in Germany by Reece Machinery Co. G.M.B.H.; and in Canada by Reece Machinery Co. of Canada, Ltd. Entire capital stock of these companies is owned by the company. During latter part of 1931 company became exclusive agents in all countries other than Canada and the United States for the entire line of Union Button Sewing Machine",False,False,False,True,True,False,False,Reece Machinery Co. G.M.B.H.,"""represented in Germany by Reece Maschinery Co. G.M.B.H.""",False,False,False,False,False,False,True
203,"The International Nickel Company, Inc.",True,False,False,"['Nickel Informationburo, G.m.b.H.']",,,,,,,,,,,,,,,,,,
204,The Lambert Company,False,False,True,,,,,,,,,,,NA,"Laboratories in Berlin, Germany (under Lambert Pharmacal Company)",False,False,False,False,True,False,False
205,The May Department Store Co.,False,False,True,,,,,,,,,,,NA,"Company also has offices in ...., Berlin,...",False,False,False,False,True,False,False
206,The Melltone Corporation,True,False,False,['Deutsche Carborumdum Werke'],,,,,,,,,,,,,,,,,,
207,The National Cash Register Company,True,False,True,['National-Krupp Registrier-Kassen G.m.b.H.'],,,,,,,,,,National Register Kassen Gesellschaft M.b.H.,"The National Register Kassen Gesellschaft M.b.H. operates a modern plant with 187,000 sq. ft. floor space in Berlin, Germany.",True,False,False,False,False,False,False
208,The North American Provision Company,False,False,True,,,,,,,,,,,NA,"Companies packing establishments ..., having distributing stations in most of the large cities of the United States, and also in... Hamburg...",False,False,False,False,True,False,False
209,The Permutit Company,True,False,False,['Permutit Filter Co. G.m.b.H.'],,,,,,,,,,,,,,,,,,
210,The Pfaudler Co.,True,True,True,"['Pfaudler Werke, A.G.']","Pfaudler Werke A. G. at Schwetzingen, Germany","""Owns the Enamelled Metal Products Corp, Ltd., of London; the Pfaudler Werke A. G. at Schwetzingen, Germany""",True,False,True,False,True,False,False,"Pfaudler Werke A. G. at Schwetzingen, Germany","In description: ""Owns ... the Pfaudler Werke A. G. at Schwetzingen, Germany...""",True,False,True,False,False,False,False
211,The Pure Oil Company,True,False,False,['Oelwerke Julius Schindler G.m.b.H.'],,,,,,,,,,,,,,,,,,
212,"The Scholl Mfg. Co., Inc.",True,False,False,['Deutsche Schollwerke G.m.b.H.'],,,,,,,,,,,,,,,,,,
213,The Silica Gel Corporation,False,True,True,,Eisenbahn Verkehrsmittel A.-G.; Kuehltransit A.-G.; Julius Pintsch A.-G.,"The company is associated with the Railroad Equipment Co. (Eisenbahn Verkehrsmittel A.-G.), the Refrigerator Transit Co. (Kuehltransit A.-G.), the Julius Pintsch A.-G. and the Dutch Koel en Vrieshuizen N. V., in a jointly owned Swiss corporation formed for the development of iceless refrigeration.",False,False,False,False,False,False,True,Eisenbahn Verkehrsmittel A.G.; Kueltransit A.G.; Julius Pintsch A.G.,"The company is associated with the Railroad Equipment Co. (Eisenbahn Verkehrsmittel A.G.), the Refridgerator Transit Co. (Kueltransit A.G.), the Julius Pintsch A.G. and the Dutch Koel en Vrieshuizen N. V., in a jointly owned Swiss corporation formed for the development of iceless refridgeration.",False,False,False,False,False,False,True
214,The Stanley Works,True,True,False,['The Stanley Works G.m.b.H.'],"Stanley Work, G. m. b. H., Velbert, Germany","Owns and operates the Stanley Works of Canada, Ltd., and Stanley Steel Cov Ltd., at Hamilton, Ont., Canada, and the Stanley Tool Co, Ltd., Roxton Fond, Quebec, Canada; Stanley Chemical Co., Berlin, Conn.; Eagle Square Mfg. Co., South Shaftabury, Vt.; Stahley, Bic., Pulaski, Tenn.; Stanley Work, G. m. b. H., Velbert, Germany; Farmington River Power Co., Rainbow, Conn. ",True,False,False,False,False,False,False,,,,,,,,,
215,The Timken Roller Bearing Company,False,True,True,,"Deutsche Timken G.m.b.H., of Berlin","Deutsche Timken G.m.b.H., of Berlin, Germany: Organized in Sept, 1928. Capital of Rm 400,000, Rm 226,000 being acquired by Timken Roller Bearing Co.; balance by British Timken, Ltd., and the managers of the British and German companies.",True,False,False,False,False,False,False,Deutsche Timken G.m.b.H. of Berlin,"The Company through its subsidiaries and indirectly through investments held by the subsidiaries has interests in other European countries, including... Deutsche Timken G.m.b.H. of Berlin, ...",False,True,False,False,False,False,False
216,The Torrington Company,True,True,True,"['Metallkentor, G.m.b.H.']","Metallwaaren Gesellschaft m. b. H., of Aachen","The plants of the company are as follows: ... the Metallwaaren Gesellschaft m.b.H., of Aachen",True,False,False,True,True,False,False,"Metallwaaren Gesellschaft m.b.H., of Aachen, Germany","In description: ""Factories located in this country, Canada, England and Germany... The plants of the company are as follows: ... the Metallwaaren Gesellschaft m. b. H., of Aachen, Germany""",True,False,False,False,False,False,False
217,The Westinghouse Air Brake Company,True,False,False,['Westinghouse Bremsen Gesellschaft m.b.H.'],,,,,,,,,,,,,,,,,,
218,The Willys-Overland Company,False,True,True,,NA,"The document mentions that the company has ""affiliated companies located in Canada, England and Germany,"" but it does not list the specific name of the German subsidiary on this page.",False,False,False,True,True,False,False,NA,"mentions ""affiliated companies located in Canada, England and Germany.""",False,False,False,True,True,False,False
219,The Yale & Towne Manufacturing Company,True,True,True,"['Brankaer Eisenwerke', 'Damm & Ladwig Kommandit Gesellschaft and Dulv Aktien Gesellschaft', 'B.K.S. Handelsgesellschaft m.b.H.', 'The Yale & Towne Manufacturing Company, Velbert Division']","Damm & Ladwig Company of Velbert, Germany; Aktiengesellschaft Vereinigte Riegel und Schloss Fabriken, Velbert, Germany; Brankaer Eisenwerke Aktiengesellschaft, Troppau, Czecho-Slovakia; Boge & Kastern, G.m.b.H., of Solingen, Germany","In Dec, 1927. company purchased Damm & Ladwig Company of Velbert, Germany, a controlling interest in two affiliated companies, Aktiengesellschaft Vereinigte Riegel und Schloss Fabriken, Velbert, Germany, and Brankaer Eisenwerke Aktiengesellschaft, Troppau, Czecho-Slovakia, the three properties comprising 116 acres of tend with 20 buildings with a combined floor space of 425,000 sq. ft. and employing 1,750 people. In 1928, company purchased the plant and business of Boge & Kastern, G.m.b.H., of Solingen, Germany. Company’s Continental European business is now conducted as the “Velbert Branch of The Yale & Towne Manufacturing Co.” with plants at Velbert and Solingen, and a controlling interest in the plant at Troppau.",True,False,True,False,False,False,False,"Damm & Ladwig Company of Velbert, Germany; Aktiengesellschaft Vereinigte Riegel und Schloss Fabriken, Velbert; Brankaer Eisenwerke Aktiegesellschaft, Troppau (Czechoslovakia); Boge & Kastern, G.m.b.H. of Solingen, Germany","In description: In Dec., 1927, company purchased Damm & Ladwig Company of Velbert, Germany, a controlling interest in two affliated companies, Aktiengesellschaften Vereinigte Riegel und Schloss Fabriken, Velbert, Germany, and Brankaer Eisenwerke Aktiengesellschaft, Troppau, Czecho-Slovakia, the three properties compriaing 116 acres of land with 20 buildingd with a comabined floor space of  425,000 sq. ft. and employing 1750 people. In 1928, company purchased the plant and business of Boge & Kastern, G. m. b. H., of Solingen, germany.",True,False,True,False,False,False,False
220,Tide Water Associated Oil Co.,True,False,True,['Hamburg-Amerikanische Mineralol-G.m.b.H.'],,,,,,,,,,"Hamburg-Amerikanische Mineralol-Gesellschaft, M.B.H.","Under section ""Other Companies""(The company or a subsidiary company holds a direct or indirect interest in the following companies: Hamburg-Amerikanische Mineralol-Gesellschaft, M.B.H.",False,True,False,False,False,False,False
221,"Titan Company, Inc.",True,False,False,['Titangesellschaft m.b.H.'],,,,,,,,,,,,,,,,,,
222,Titeflex Metal Hose Co.,True,False,False,['Europaische Titeflex Metallschlaush'],,,,,,,,,,,,,,,,,,
223,Tobe Deutschmann Corp.,False,False,True,,,,,,,,,,,Allgemeine Elektricitäts-Gesellschaft (General Electric Co. of Germany),"Incorporated in Delaware, Jan. 11, 1929, as successor to Tobe Deutschmann Co. (Mass.), which began business in Aug., 1925. It acts as the American representative of the Condenser Division (Hydra Works) of the Allgemeine Elektricitäts-Gesellschaft (General Electric Co. of Germany), and which it still represents.",False,False,False,False,False,False,True
224,Trubenizing Process Corporation,True,False,False,"['Trubenis Lisensverwertungs, G.m.b.H.']",,,,,,,,,,,,,,,,,,
225,Turner tanning Machinery Co.,False,True,False,,NA,"""Branches located at Philadelphia, Pa., Newark, N. J , Milwaukee, Wis.; Leeds, England; Paris, France; Frankfurt, Germany.""",False,False,False,False,True,False,False,,,,,,,,,
226,Twentieth Century-Fox Film Corp.,True,True,True,"['Deutsche-Fox Film A.G.', 'Fox Tonende Wochenschau']","Fox Tonevale Wochenschau A. G., Germany; Deutsch Vereins Fox A. G.",,True,False,True,False,False,False,False,Deutsche Fox Film A.G. (Germany),"Under section ""Subsidiaries""",True,False,True,False,False,False,False
227,Underwood Elliott Fisher Company,True,True,True,"['Adrema Maschinenebau G.m.b.H.', 'Deutsche Underwood Elliott Fisher G.m.b.H.', 'Deutsche Underwood Elliott Fisher G.m.b.H.', 'Iris Type G.m.b.H.', 'Mercedes Buromaschinen Werke A.G.']","Mercedes Buromaschinen-Werke A.G. of Zella-Mehlis, Thuringen","...on Dec. 22, 1980, acquired a substantial financial interest in Mercedes Buromaschinen-Werke A.G. of Zella-Mehlis, Thuringen, Germany, and entered into an arrangement for interchange of technical rights and manufacturing information. The Mercedes Co. produces eletric typewriters and bookkeeping machines.",False,True,True,False,False,False,True,"Mercedes Buromaschinen Werke A. G. of Zella-Mehlis, Thuringen Germany","On Dec. 22, 1930, Underwood Elliot Fisher Co. (Del.), acquired a substantial financial interest in Mercedes Buromaschinen Werke A. G. of Zella-Mehlis, Thuringian Germany...",False,True,True,False,False,False,False
228,Union Special Machine Co.,True,False,False,"['Union Special Maschinenfabrik G.m.b.H.', 'Union Special Maschinenfabrik G.m.b.H.']",,,,,,,,,,,,,,,,,,
229,United American Bosch Corporation,False,True,True,,"Robert Bosch A.G., Stuttgart, Germany","In Dec., 1980, company issued 69,600 shares of stock and warrants representing the rights to purchase 50,000 shares of stock in exchange for substantially all the assets of Robert Bosch Magneto Co., Inc. formerly exclusive distributor in United States and Canada of the products manufactured by Robert Bosch A. G., Stuttgart, Germany. These products are now distributed by the United American Bosch Corp, through direct agreement with Robert Bosch, A.G.",False,False,False,False,False,True,False,"Robert Bosch, A. G.","Incorporated Jan. 9, 1919, in New York as American Bosch Magneto Corp., later renamed. The Bosche Magneto Co. was originally formed by Robert Bosch in Stuttgart, germnay, in 1885... In December, 1930, company issued 69,600 shares of stock and warrants representing the rights to purchase 50,000 shares of stock in exchange for substantially all the assets of Robert Bosch Magneto Co., Inc., formerly exclusive distributor in United States and Canada of the products manufactured by Robert Bosch A. G., Stuttgart, Germany. These products are now distributed by the United American Bosch Corp. through direct agreement with Robert Bosch, A. G.",False,False,False,False,False,False,True
230,United Continental Corporation,True,False,False,"['""Rustica"" A.G. fuer Grunderwerb', 'Verkehrs & Handels Aktiengesellschaft', 'Verkehrs & Handels Aktiengesellschaft']",,,,,,,,,,,,,,,,,,
231,United Fruit Company,True,False,False,"['Unida Schiffstreuhand, G.m.b.H.']",,,,,,,,,,,,,,,,,,
232,United Press Associations,True,False,False,"['United Press Associations', 'United Press (Deutschland) G.m.b.H.']",,,,,,,,,,,,,,,,,,
233,United Shoe Machinery Corporation,True,False,False,"['Boston Blacking Company G.m.b.H.', 'Deutsche Vereinigte Schuhmaschinen Gesellschaft', 'Maschinenfabrik Turner Aktien-Gesellschaft']",,,,,,,,,,,,,,,,,,
234,United States Hoffman Machinery Corporation,True,False,True,['Hoffman Bugelmaschinen Gesellschaft m.b.H.'],,,,,,,,,,"Hoffman Bugelmaschinen Gesellschaft, berlin","Other wholly-owned subsidiaires are: ... Hoffman Bugelmaschinen Gesellschaft, Berlin, ...",True,False,False,False,False,False,False
235,"United States Lines Operations, Inc.",True,False,False,"['United States Lines Operations, Inc.']",,,,,,,,,,,,,,,,,,
236,United States Steel Corporation,False,True,False,,"Fried. Krupp, A. G., Germany","Contracts for Krupp's Stainless Steel Patent Rights: On April 17, 1931 James A. Farrell, President, announced that an arrangement had been concluded by the United States Steel Corp. with Fried. Krupp, A. G., Germany, whereby the subsidiary companies of the steel corporation are licensed by Krupp under various patents of Strauss. Johnson, Armstrong, Fry, Kuehn and Smith for rust-resisting and heat-resisting and other alloy steels and for the heat treatment thereof. ",False,False,False,False,False,True,False,,,,,,,,,
237,"United Statess Lines, Co.",True,False,True,"['Rosskai, G.m.b.H.']",,,,,,,,,,None,"Operations, which are carried on by the Roosevelt Steamship Co., consist of a passenger, mail and express cargo services between New York City, British and French channel ports and Germany.",False,False,False,False,False,False,False
238,"Universal Picture Co., Inc.",True,False,True,"['Deutsche Universal Film, A.G.']",,,,,,,,,,"Deutsche Universal Film, A.G.","In section ""Subsidiaries"": Company directly or indirectly controls the following companies through ownership of all or a majority of capital stock: ... Deutsche Universal Film, A.G.",True,False,True,False,False,False,False
239,Valvoline Oil Co.,False,False,True,,,,,,,,,,,NA,"Company has... foreign branches in Liverpool, ..., Hamburg, ...",False,False,False,False,True,False,False
240,Walter Kidde & Company,True,False,False,['Walter Kidde G.m.b.H.'],,,,,,,,,,,,,,,,,,
241,Watch Tower Bible & Tract Society,True,False,False,['Watch Tower Bible & Tract Society (Wachtturn Bibel- und Traktat-Gesellschaft)'],,,,,,,,,,,,,,,,,,
242,Waterman Steamship,True,False,False,['Waterman Linien (Vertretung Bremen) G.m.b.H.'],,,,,,,,,,,,,,,,,,
243,Western Electric Export Corporation,True,False,False,['Western Electric G.m.b.H.'],,,,,,,,,,,,,,,,,,
244,Westhold Corporation,True,False,False,['Ota Schlesische Schurwerke Ottmuth A.G.'],,,,,,,,,,,,,,,,,,
245,"William R. Warner & Co., Inc.",True,False,False,"['Godecke & Co. Chemische Fabrik A.G.', 'Godecke & Co. Chemische Fabrik und Export A.G.', 'Warner, W.R. and Co. G.m.b.H.']",,,,,,,,,,,,,,,,,,
246,Witroth Corporation,True,False,False,"['Oppelener Lagerhaus Gesellschaft', 'Ostrhederei']",,,,,,,,,,,,,,,,,,
247,Wm. Wrigley Jr. Company,False,False,True,,,,,,,,,,,Wrigley A.G.,"In description: ""Owns factories in ... Franfurt, Germany..."" ""German plant is operated by subsidiary, Wrigley A. G.""",True,False,False,False,True,False,False
248,Worthington Pump and Machinery Corp.,True,True,True,['Deutsche Worthington Gesellschaft m.b.H.'],"Worthington Pumpen und Machinenbau Gesellschaft m.b.H., Germany","Companies owns or controls the following subsidiaries:... Worthington Pumpen und Machinenbau Gesellschaft m.b.H., Germany",True,False,False,False,False,False,False,"Deustche Worthington Gesellschaft, m.b.H., germany","In section Subsidiaries: Company onws or controls the following subsidiaries: ... Deutsche Worthington Gesellschaft, m. b. H., Germany",True,False,False,False,False,False,False
