,level_0,Master US firm name,Master German firm name,in TFR-500,in Moodys 32,in Moodys 34,in Tenenbaum,IDed in HB GmbH,firm_name,searched,index,page,column,location,date,capital,business,persons,type,HB GmbH class,fuzzy_score,match_is_good
0,0,Standard Oil Company (New Jersey),"""Gluckauf"" Deutsche Oel Gesellschaft Hersfeld & Co., G.m.b.H.",True,False,False,False,False,,1.0,,,,,,,,,,,,
1,1,Edward G. Budd Manufacturing Company,"A. B. P. Gefolgschoftsheime, G.m.b.H.",True,False,False,False,False,,1.0,,,,,,,,,,,,
2,2,The ARMCO International Corporation,ARMCO Eisen G.m.b.H.,True,False,False,True,False,,1.0,,,,,,,,,,,,
3,3,Underwood Elliott Fisher Company,Adrema Maschinenebau G.m.b.H.,True,False,False,False,False,„Adrema“ Maschinenbau-Gesellschaft,1.0,12.0,23.0,left,"Berlin-Charlottenburg, Alt-Moabit 62/63",2. 4. 13,RM 1000 000,Maschinenfabrikation,Julius Goldschmidt,1 Gf. od. 2 Pk,,,
4,4,The Atlantic Refining Company,"Allgemeine Oel-Handels, GmbH. (Oelhag)",True,False,True,True,False,Allgemeine Oel-Handels-Gesellschaft,1.0,38.0,36.0,left,"Hamburg, Mittelweg 38",8. 12. 20,RM 9 000 000,Handel mit Gelen und verwandten Waren,Emanuel Rein,2 Gf. od. 1 Gf. od. 2 Pk.,,,
5,5,"Hugo Stinnes Industries, Inc.",Artus Hanse Transport G.m.b.H.,True,False,False,False,False,Artus-Hansa Transportgesellschaft,1.0,81.0,57.0,right,Königsberg,7. 11. 19,Not specified,Not specified,,"Zweign. Pillau, Tilsit, Prostken, Eydtkuhnen",,,
6,6,The Atlantic Refining Company,Atreco Oel-Handels GmbH.,True,False,False,False,False,,1.0,,,,,,,,,,,,
7,7,The Yale & Towne Manufacturing Company,B.K.S. Handelsgesellschaft m.b.H.,True,True,True,False,False,Rheinische Türschließerfabrik Boge & Kasten,1.0,2017.0,1025.0,right,Wald b. Solingen,22.5.22,RM 100 000,"Fabrikation und Vertrieb von Türschließern, Türschlössern",A. Boge sen.; K. Bremshey sen.; H. B. Smith,FirmEntry,,,
8,8,St. Regis Paper Co.,Bates Maschinen GmbH,True,False,False,False,False,Bates Engineering Co.,1.0,144.0,89.0,left,"Berlin W 15, Kurfürstendamm Nr. 178",3.10.25,RM 125000,Ausführung von Ingenieurarbeiten aller Art,S. H. Bates,Jed. Gf.,,,
9,9,Silesian-American Corporation,Bergwerkgesellschaft Georg von Giesche's Erben,False,True,True,False,False,Georg von Giesche’s Erben Handelsgesellschaft,1.0,885.0,459.0,right,Stettin,22.9.23,RM 500,"Handel mit Kohlen, Koks, Speditions- und Schiffahrtsgeschäft",M. Mannheim,Jed. Gf.,,,
10,10,"Hugo Stinnes Industries, Inc.",Bernhoeft & Wilde,True,False,False,False,False,,1.0,,,,,,,,,,,,
11,11,"B. F. Goodrich Rubber Co., Akron, Ohio",Continale Cautchoucgesellschaft,False,False,False,True,False,,1.0,,,,,,,,,,,,
12,12,Crown Cork International Corporation,"Continentale Crown Cork & Seal Co., G.m.b.H., Frankenthal Germany",False,False,True,False,False,Continentale Crown-Cork Company,1.0,435.0,234.0,right,Frankenthal/Rheinpfalz,17. 8. 31,RM 20 000,"Herstellung und Vertrieb von Kronen-Korken, von Verschlüssen aller Art aus Natur- und Preßkorken",Fabr.-Dir. Arthur Holt,1 Gf,,,
13,13,American Nickel Alloy Mfg. Corp.,Cosmo Montangesellschaft fuer metallurgische Interessen m.b.H.,True,False,False,False,False,,1.0,,,,,,,,,,,,
14,14,International Telephone and Telegraph Corp.,Creed Telegraph Apparate G.m.b.H.,False,False,False,True,False,Creed Telegraphenapparate,1.0,444.0,239.0,left,Berlin,21. 12. 29,RM 1000 000,"Herstellung u. Vertrieb von Telegraphenapparaten, System Creed",Ludwig Badenius; Carl Kersten; Otto Emil Arthur Prause,1 Gf.,,,
15,15,International Business Machine Corp.,"Deutsche Hollerith Maschinen Gesellschaft, m.b.H.",True,True,False,True,False,Deutsche Hollerith-Maschinen-Gesellschaft,1.0,508.0,271.0,left,"Berlin W 35, Potsdamer Str. 112",30. 11. 10,RM 300 000,Erwerb der Dr. Hollerithsehen Patente und der Vertrieb der Hollerithschen Maschinen,W. Heidinger,2 Gf. od. 1 Gf. u. 1 Pk. od. 2 Pk.,,,
16,16,Royal Baking Powder Company,"Deutsche Royal Backpulver, Gesellschaft m.b.H, Berlin, Germany.",False,True,True,False,False,Deutsche Royal-Backpulver-Gesellschaft,1.0,522.0,278.0,left,"Berlin NW 7, Unter den Linden 70",24.11.28,RM 300 000,Einfuhr u. Vertrieb des unter der Bezeichnung „Royal“ im Verkehr befindlichen Backpulvers,Dr. S. Millner,Der Gf.,,,
17,17,"The Scholl Mfg. Co., Inc.",Deutsche Schollwerke G.m.b.H.,True,False,False,False,False,Deutsche Scholl-Werke für Fabrikate nach System Dr. Scholl,1.0,523.0,278.0,right,"Frankfurt a. M., Darmstadter Landstr. 224",20. 1. 22,RM 100 000,Not specified,Ernst Spier; F. J. Scholl,Jed. Gf. Einl.: RM 90 000 Forderung,,,
18,18,American Radiator & Standard Sanitary Corporation,Deutsche Standard Werke G. m. b. H.,False,False,True,False,False,,1.0,,,,,,,,,,,,
19,19,The Timken Roller Bearing Company,"Deutsche Timken G.m.b.H., of Berlin",False,True,False,True,False,Deutsche Timken,1.0,527.0,280.0,right,"Berlin-Tempelhof, Germaniastr. 86/87",14.11.18,RM 400000,"Distribution, trade, and manufacture of components for motor vehicles and vehicles for land, air, and water",Dr. M. Wrba,Der Gf.,,,
20,20,United Shoe Machinery Corporation,Deutsche Vereinigte Schuhmaschinen Gesellschaft,True,False,False,False,False,Deutsche Vereinigte Schuhmaschinen-Gesellschaft,1.0,528.0,281.0,left,"Frankfurt a. M., Mainzer Landstraße 147",14. 1. 99,RM 2 500 000,"Herstellung von Maschinen oder Teilen derselben, welche zur Behandlung von Schuhwaren dienen",G. Schröder; W. M. P. Hertz,1 Gf. Einl.: 2 Geschäftsniederlassungen der Internat. Goodyear Shoe Machin Co. und der United Shoe Mach. Co. P.K. Ffm. 1518.,,,
21,21,Worthington Pump and Machinery Corp.,Deutsche Worthington Gesellschaft m.b.H.,True,True,True,True,False,Worthington Pumpen- und Maschinenbau,1.0,2720.0,1377.0,left,"Berlin-Hohenschönhausen, Quitzowstr. 3-5",20.3.07,"RM 75,000","Fabrikation von Maschinen und Maschinenteilen jeder Art, insbesondere von Worthington- und Blakepumpen",Rob. R. Wilhelmi,1 Gf. od. 2 Pk.,,,
22,22,The Dorr Co.,Dorr Gesellschaft m.b.H.,True,False,False,True,False,Dorr,1.0,565.0,299.0,right,"Berlin W 62, Kielganstr. 1",3. 7. 25,RM 800 000,Herstellung und Vertrieb von Maschinen und Apparaten jeder Art,Bengst Wadsted,Jed. Gf. od. 2 Pk.,,,
23,23,Oliver United Filters Inc.,"Dorr-Oliver G.m.b.H., Berlin, Germany",False,True,False,False,False,,1.0,,,,,,,,,,,,
24,24,Pan American Foreign Corporation (Controlled by Standard Oil Co. [N. J.]),Ebano Asphalt Gesellschaft m.b.H.,False,False,True,False,False,Ebano Asphalt,1.0,590.0,312.0,left,"Hamburg, Mönckebergstr. 9",20. 12. 28,RM 1 000 000,"Vertrieb v. Asphalt, insbes. solchem, aus welchem Ebanorohöl gewonnen wird",F. A. Pabelick,Der Gf. od. 2 Gf. od. 1 Gf. u. 1 Pk.,,,
25,25,"Hugo Stinnes Industries, Inc.",Eisenhof G.m.b.H.,True,False,False,False,False,,1.0,,,,,,,,,,,,
26,26,Arden Investing Co.,Elisabeth Arden G.m.b.H.,True,False,False,False,False,,1.0,,,,,,,,,,,,
27,27,Pan Foreign Corporation,"Emas Gesellschaft Fuer Strassenbaubedarf, m.b.H.",True,False,False,False,False,,1.0,,,,,,,,,,,,
28,28,North European Oil Corp.,"Erdoelwerke Wathlingen, Wuerttembergische Mineralgesellschaft m.b.H.",False,False,True,False,False,Erdölwerke Wathlingen,1.0,672.0,353.0,left,"Hannover, Goseriede 5-6",21. 1. 21,RM 20 000,"Aufsuchung, Gewinnung und Verwertung von Erdölen, Errichtung von Anlagen und Fabriken",K. F. Hasselmann,Jed. Gf,,,
29,29,The Forak Company,Ethyl Gesellschaft m.b.H.,True,False,False,False,False,,1.0,,,,,,,,,,,,
30,30,Pan American Foreign Corporation (Controlled by Standard Oil Co. [N. J.]),Euphalt Gesellschaft m.b.H.,False,False,True,False,False,Euphalt,1.0,691.0,362.0,right,"Frankfurt a. M., Schaumain Quai 101",31.8.26,RM 20 000,Herstellung und Vertrieb von Straßenbefestigungsmitteln,Dir. K. Meisenhelder; Alfr. Simokat; Dir. Wilh. Gast; Dr. phil. Arn. Caroselli,2 Gf. od. 1 Gf. u. 1 Pk.,,,
31,31,North European Oil Corp.,Explora G.m.b.H.,False,True,False,False,False,,1.0,,,,,,,,,,,,
32,32,American Cyanamid Company,Farsals-Gesellschaft m.b.H.,True,False,False,False,False,,1.0,,,,,,,,,,,,
33,33,Fisk Rubber Co.,Fisk Tyre Co. m.b.H.,False,False,False,True,False,,1.0,,,,,,,,,,,,
34,34,"Hugo Stinnes Industries, Inc.",Fr. Wwe. Wesseling G.m.b.H.,True,False,False,False,False,,1.0,,,,,,,,,,,,
35,35,Hugo Stinnes Corporation,"Freidreichstrasse, 12, G.m.b.H.",True,False,False,False,False,,1.0,,,,,,,,,,,,
36,36,"Hugo Stinnes Industries, Inc.","Freidreichstrasse, 12, G.m.b.H.",True,False,False,False,False,,1.0,,,,,,,,,,,,
37,37,"Hugo Stinnes Industries, Inc.",Fuhr-Betrieb G.m.b.H.,True,False,False,False,False,,1.0,,,,,,,,,,,,
38,38,Seiberling Rubber Co.,"Fulda Rubber Co. of Fulda, Germany",False,True,False,False,False,,1.0,,,,,,,,,,,,
39,39,"New England Industries, Inc.",Fullnerwerk G.m.b.H.,True,False,False,False,False,,1.0,,,,,,,,,,,,
40,40,"G. Hirsch Sons, Inc.","G. Hirsch & Sohn, G.m.b.H. Nuremberg, Germany",True,False,False,False,False,G. Hirsch & Sohn,1.0,1139.0,586.0,right,"Nürnberg, Kirschgartenstr. 80",29.9.22,"RM 200,000",Fortbetrieb einer Gold- und Silberspinnerei u. Weberei,H. Wassermann; A. Hirsch,Jed. Gf.,,,
41,41,"Hugo Stinnes Industries, Inc.",Gebrueder Boewen G.m.b.H.,True,False,False,False,False,,1.0,,,,,,,,,,,,
42,42,"Hugo Stinnes Industries, Inc.",Gebrueder Born G.m.b.H.,True,False,False,False,False,,1.0,,,,,,,,,,,,
43,43,General Motors Corporation (Overseas Operations),Gemeinnutsige Opel - Wohnban - G.m.b.H.,True,False,False,False,False,,1.0,,,,,,,,,,,,
44,44,"Mccann-Erickson, Inc.",Gesellschaft fur markt und schgerechte Werberatung,True,False,False,False,False,,1.0,,,,,,,,,,,,
45,45,North European Oil Corp.,Gewerkschaft Regina zu Caan,False,False,True,False,False,,1.0,,,,,,,,,,,,
46,46,International Finance Company,Gluckskles Import and Export Gesellschaft m.b.H.,True,False,False,False,False,,1.0,,,,,,,,,,,,
47,47,Crown Cork International Corporation,"H. A. Bender Bohne, of Mannheim, Germany",False,True,False,False,False,,1.0,,,,,,,,,,,,
48,48,"Hugo Stinnes Industries, Inc.",H. B. Blumenthal,True,False,False,False,False,,1.0,,,,,,,,,,,,
49,49,"Hugo Stinnes Industries, Inc.",H. Westphal & Co.,True,False,False,False,False,Heinrich Westphal & Co.,1.0,2665.0,1349.0,right,"Berlin-Mariendorf, Schöneberger Str. 2/6",22. 6. 10,RM 60 000,Construction,P. Pachura; Frau Marie Pachura geb. Lemaur; Reinh. Pachura,2 Gf or 1 Gf and 1 Pk,,,
50,50,Swift and Company (Illinois),Hanseatische Grundbitz Gesellschaft m.b.H.,True,False,False,False,False,Hanseatische Grundbesitz-Gesellschaft,1.0,1044.0,539.0,left,Hamburg,13.11.20,RM 1 100 000,"Erwerb, Verwaltung und Verwertung von Grundstücken",Carl Nicolaus Witthöft; Karl Woodrow Wintermantle,2 Gf.,,,
51,51,The Hobart Manufacturing Company,"Hobart Maschinen Gesellschaft, m.b.H.",True,True,True,False,False,,1.0,,,,,,,,,,,,
52,52,United States Hoffman Machinery Corporation,Hoffman Bugelmaschinen Gesellschaft m.b.H.,True,False,True,True,False,Hoffman - Bügelmaschinen,1.0,1149.0,591.0,right,"Berlin - Charlottenburg 4, Waitzstr. 28",20.7.25,RM 200 000,Herstellung und Vertrieb von Bügelmaschinen jeder Art,J. E. Semmes; K. S. Cate; H. W. Stone; C. Wiedmer,1 Gf.,,,
53,53,"Hugo Stinnes Industries, Inc.",Holm & Molzen G.m.b.H.,True,False,False,False,False,Kohlenhandel Holm & Molzen,1.0,1368.0,701.0,left,"Flensburg, Zweign. Apenrade, Sonderburg, Hadersleben",24.1.18,RM 200 000,Handel mit Kohlen und Brennstoffen aller Art,Johann Holm,1 Gf.,,,
54,54,Schilling Estate Company,Holzwarth Gasturbinen,True,False,False,False,False,Holzwarth-Gasturbinen,1.0,1171.0,602.0,right,Mülheim-Ruhr,21. 9. 27,RM 120 000,"Verwertung von Patenten, Errichtung und Erwerb von Gasturbinenanlagen",Dr. - Ing. e. h. H. Holzwarth; Dr. K. Härle,2 Gf. gern.,,,
55,55,The Hoover Co.,Hoover G.m.b.H.,True,False,False,False,False,Hoover (Elektrische Apparate),1.0,1174.0,604.0,left,"Berlin W 62, Wittenbergplatz 1",13.11.25,"RM 750,000","Verkauf von Hoover-elektrischen Staubsaug-Apparaten, Zubehör- und Ersatzteilen",Ch. B. Colston,1 Gf.,,,
56,56,"Hugo Stinnes Industries, Inc.",Jacob Trefz & Soehne,True,False,False,False,False,,1.0,,,,,,,,,,,,
57,57,Remington Rand Inc.,Jahresuhren Fabrik G.m.b.H.,True,False,False,False,False,Jahresuhrenfabrik Aug. Schatz & Söhne,1.0,1244.0,639.0,left,Triberg,2. 7. 97,RM 660 000,Fabrikation von Uhren,A. Schatz; K. Schatz,Jed. Gf. R.K. P.K. Klr. 4514,,,
58,58,"Hugo Stinnes Industries, Inc.",Johann Lorenz Michel G.m.b.H.,True,False,False,False,False,,1.0,,,,,,,,,,,,
59,59,International Agricultural Corporation,Kaliwerke Sollstedt Gewerkschaft,False,False,False,True,False,,1.0,,,,,,,,,,,,
60,60,Julius Kayser & Company,"Kayser Textile-Gesellschaft, m. b. H. in Saxony",False,True,True,False,False,„Kayser“ Textil-Gesellschaft,1.0,1301.0,667.0,right,"Chemnitz, Theaterstr. 78",6.8.22,RM 100000,Textil-Gesellschaft,P. R. Walther,1 Gf. od. 1 Pk.,,,
61,61,I. B. Kleinert Rubbert Company,"Kleinerts Hanseatische, Gummiwerke Gesellschaft mit beschankter Haftung",True,True,True,False,False,J. B. Kleinert Rubber Company,1.0,1330.0,682.0,left,"Hamburg, Moorfleth Elbdeich 58",20.12.07,"RM 100,000","Fabrikation und Vertrieb von Gummi, sowie Gummierung von Stoffen",Wolf gen. Willy Wolf; Dr. R. Levy,Jed. Gf.,,,
62,62,Eastman Kodak Company,Kodak Gesellschaft m. b. H.,False,False,True,False,False,,1.0,,,,,,,,,,,,
63,63,"Hugo Stinnes Industries, Inc.",Koenigsberger Kohlen & Koks G.m.b.H.,True,False,False,False,False,Königsberger Kohlen- und Kokshandels-Gesellschaft,1.0,1359.0,696.0,right,Königsberg i. Pr.,8.3.18,RM 6000,Handel mit Bergwerkserzeugnissen,Dir. Werner Schilling,Jed. Gf.,,,
64,64,Combustion Engineering Co. Inc.,"Kohlenscheidungs-Gesellschaft, m.b.H.",True,True,False,False,False,Kohlenscheidungs-Gesellschaft,1.0,1373.0,703.0,right,"Berlin W 35, Potsdamer Straße 24/25",8. 3. 21,RM 500 000,"Gewerbsmäßige Entwicklung von Einrichtungen zur Gewinnung, Aufbereitung und Veredelung von Brennstoffen, insbesondere Studien auf dem Gebiete der Kohlenchemie",Ing. Niels Frederik Nissen; Emil Cieslik; Ob.-Ing. Arnold Rühr; Dir. Georg Cantieny,1 od. 2 Gf. od. 1 Gf. u. 1 Pk. od. 2 Pk.,,,
65,65,Kraft Cheese Company,Kohler-Werke G.m.b.H.,True,False,False,True,False,,1.0,,,,,,,,,,,,
66,66,Corn Products Refining company,Maizenhaus Gesellschaft m.b.H.,True,False,False,False,False,,1.0,,,,,,,,,,,,
67,67,"New England Industries, Inc.",Maschinen-Export G.m.b.H.,True,False,False,False,False,Deutsche Maschinen Export-Gesellschaft,1.0,515.0,274.0,right,"Berlin-Friedenau, Eschenstraße 7",2.8.24,RM 5000,,R. Jänicke,Der Gf.,,,
68,68,"Robert Reiner, Incorporated",Maschinenfabril EINSIEDEL G.m.b.H.,True,False,False,False,False,Maschinenfabrik Einsiedel,1.0,1587.0,810.0,right,Einsiedel,7.6.22,RM 500 000,Herstellung und Vertrieb von Maschinen der graphischen Branche,W. Wernet; K. Goliasch,2 Gf.,,,
69,69,Gulf Oil Corporation,Maschinenoel Import Gesellschaft m.b.H.,True,False,False,False,False,Maschinenöl Import,1.0,1593.0,813.0,right,"Hamburg, Glockengießerwall 1",2.1.14,RM 1 000 000,Import und Handel mit Mineral- und Schmierölen,Phil. Max Hayn; G. A. Rahe,1 Gf. od. 2 Pk.,,,
70,70,Metallic Products Corp. c/o US Corp. Co.,Metallpulver G.m.b.H.,True,False,False,False,False,,1.0,,,,,,,,,,,,
71,71,The Torrington Company,"Metallwaaren Gesellschaft m. b. H., of Aachen",False,True,True,True,False,,1.0,,,,,,,,,,,,
72,72,Corn Products Refining company,Mondamin Gesellschaft,True,False,False,False,False,Mondamin,1.0,1690.0,862.0,left,"Berlin-Charlottenburg 9, Kaiserdamm 75/76",11.9.13,"RM 600,000","Herstellung und Vertrieb von Nahrungs- und Genußmitteln, besonders des unter dem Namen „Mondamin“ bekannten Präparates",Alfred Pieleng; Joh. Hesse; Eugen Stiller,2 Gf. od. 1 Gf. u. 1 Pk.,,,
73,73,Armour & Company,Morris & Co. G.m.b.H.,True,False,False,False,False,,1.0,,,,,,,,,,,,
74,74,Moto Meter Gauge & Equipment Corp.,"Moto Meter Gesellschaft, m. b. H.",False,True,True,False,False,Moto-Meter,1.0,1698.0,866.0,left,"Frankfurt a/M., Eschenborner Landstr. 5",18.8.22,RM 120000,Herstellung und Vertrieb von Moto-Meter und mechanischen Apparaten,Hermann Schlaich; Albert Hauser,1 Gf.,,,
75,75,"Hugo Stinnes Industries, Inc.",Muelberger & Co. G.m.b.H.,True,False,False,False,False,H. Mülberger & Co.,1.0,1704.0,869.0,left,"Speyer, St. Guidostiftsplatz 5",13.5.22,RM 150 000,Handel mit Kohlen und anderen Waren,Adolf Mühlberger,Jed. Gf.,,,
76,76,Gulf Oil Corporation,Nobel-Good-Group,False,True,False,False,False,,1.0,,,,,,,,,,,,
77,77,Standard Oil Company (New Jersey),Norddeustche Mineraloelwerke Stettin G.m.b.H.,True,False,False,False,False,,1.0,,,,,,,,,,,,
78,78,North European Oil Corp.,Nordeuropaeische Oelgesellschaft m.b.H.,False,False,True,False,False,,1.0,,,,,,,,,,,,
79,79,Witroth Corporation,Oppelener Lagerhaus Gesellschaft,True,False,False,False,False,Oppelner Verlade- und Lagerhaus-Gesellschaft Albert Koerber,1.0,1827.0,930.0,right,Oppeln,17. 7. 15,RM 105 000,"Lagerung, Verladen von Waren aller Art und Kohlenbetrieb",C. Reinhard; K. Langosch,1 Gf.,,,
80,80,Colgate-Palmolive-Peet Co.,Palmolive-Binder & Ketals G.m.b.H.,True,False,True,True,False,Palmolive,1.0,1857.0,945.0,right,"Berlin SW 11, Stresemannstr. 90",12.11.25,RM 3 300 000,Manufacture and trade of toilet soaps,Lewis M. Prince,1 Gf,,,
81,81,The Permutit Company,Permutit Filter Co. G.m.b.H.,True,False,False,False,False,Permutit-Filter-Co.,1.0,1880.0,957.0,left,"Berlin-Britz, Riedelstr. 1/3",2.7.09,"RM 20,000",Herstellung und Vertrieb von Filtern u. Filteranlagen,M. Fuchs; R. Gerber,1 Gf.,,,
82,82,Hugo Stinnes Corporation,Rastatter Eisenhandel G.m.b.H.,True,False,False,False,False,,1.0,,,,,,,,,,,,
83,83,International Affiliated Corporation,Richard Hudnut G.m.b.H.,True,False,False,False,False,,1.0,,,,,,,,,,,,
84,84,Richard Hudnut,Richard Hudnut G.m.b.H.,True,False,False,False,False,,1.0,,,,,,,,,,,,
85,85,International Telephone and Telegraph Corp.,"Rohr & Seilpost Anlagen, G.m.b.H.",True,False,False,True,False,Rohr- und Seilpost-Anlagen (Mix & Genest),1.0,2052.0,1043.0,left,"Berlin-Schöneberg, Geneststr. 5",13. 2. 08,RM 200 000,"Herstellung, Verkauf, Einrichtung und Betrieb von Rohr- und Seilpostanlagen für den Transport von Geldern, Briefen, Urkunden, Büchern und Paketen",C. Beckmann; W. Fuß,"2 Gf. Einl.: Patente und Gebrauchsmuster, Darlehnsforderung",,,
86,86,"United Statess Lines, Co.","Rosskai, G.m.b.H.",True,False,False,False,False,,1.0,,,,,,,,,,,,
87,87,Gillette Safety Rasor Company,"Roth-Buchner, G.m.b.H.",True,False,False,True,False,,1.0,,,,,,,,,,,,
88,88,Corn Products Refining company,Saatsuchwirtschaft C. Braune G.m.b.H.,True,False,False,False,False,C. Braune,1.0,314.0,174.0,left,Bernburg,15.2.16,"RM 600,000",Betrieb der Landwirtschaft und Samenzucht und Pflanzenzucht und Handel,C. Braune; F. Braune,2 Gf. Einl.: Geschäft. P.K. Bin. 8475,,,
89,89,The Atlantic Refining Company,"Schlafhorst Chemische Werke, G.m.b.H.",True,False,False,False,False,,1.0,,,,,,,,,,,,
90,90,Submarine Signal Co.,Signal Gesellschaft m.b.H.,True,False,False,False,False,Signal,1.0,2248.0,1141.0,left,Kiel,10.4.11,Kapital nicht veröffentlicht,Verwertung von Signalvorrichtungen für Marinezwecke,Dir. Walther Dietrich,1 Gf.,,,
91,91,Spirella International Incorporated,Spirella Gesellschaft m.b.H.,True,False,False,False,False,Spirella,1.0,2281.0,1157.0,right,Nowawes-Potsdam,5.8.29,RM 500 000,"Herstellung, Import, Export, An- u. Verkauf, wie überhaupt der Handel mit Spirella-Waren aller Art, insbes. mit Spirella-Korsetts und Bandagen",J. W. Stewart,1 Gf.,,,
92,92,"Aris Cloves Co., Inc.",Steinberger Bros.,True,False,False,False,False,Steinberger Bros. Giove Corporation,1.0,2309.0,1171.0,right,"Berlin NW 7, Unter d. Linden 53",29.11.27,"RM 50,000",Vertrieb u. Export von Handschuhen,Paul Philippi,1 od. 2 Gf.,,,
93,93,International Telephone and Telegraph Corp.,Suddeutsche Apparatefabrik Gesellschaft m.b.H.,True,False,False,True,False,Süddeutsche Apparatefabrik,1.0,2350.0,1192.0,left,"Nürnberg, Allersbergerstraße 185",4.10.1929,RM 1 000 000,"Herstellung und Vertrieb von Fernmelde-, Signal- und Rundfunkgeräten",,Not specified,,,
94,94,Pan American Foreign Corporation (Controlled by Standard Oil Co. [N. J.]),Teerbaustoff Gesellschaft m.b.H.,False,False,True,False,False,,1.0,,,,,,,,,,,,
95,95,International Telephone and Telegraph Corp.,Telmo Telephon und Telegraphen Gesellschaft m.b.H.,True,False,False,True,False,"Telmo, Telefon- und Telegrafen-Gesellschaft",1.0,2391.0,1212.0,right,"Berlin-Tempelhof, Lorenzweg",11.7.21,RM 400 000,"Installation von Telefon- u. Telegrafen- u. sonst, elektrotechnischen Apparaten",M. Seligmann; Dir. Ernst Sabersky,2 Gf. od. 1 Gf. u. 1 Pk.,,,
96,96,"Berth, Levi & Co. Inc.",The Overseas Casing Co. m.b.H.,True,False,False,False,False,,1.0,,,,,,,,,,,,
97,97,Corn Products Refining company,"Transport und Lagerhaus Gesellschaft, m.b.H.",True,False,False,False,False,Transport- und Lagerhaus-Gesellschaft,1.0,2444.0,1239.0,left,Barby,29.5.16,"RM 650,000",Transport- und Lagereigeschäfte aller Art,E. G. Herm. Dircks; Willy Fritze; Rich. Pauli,2 Gf. od. 1 Gf. u. 1 Pk.,,,
98,98,Trubenizing Process Corporation,"Trubenis Lisensverwertungs, G.m.b.H.",True,False,False,False,False,,1.0,,,,,,,,,,,,
99,99,United Fruit Company,"Unida Schiffstreuhand, G.m.b.H.",True,False,False,False,False,,1.0,,,,,,,,,,,,
100,100,Union Special Machine Co.,Union Special Maschinenfabrik G.m.b.H.,True,False,False,False,False,,1.0,,,,,,,,,,,,
101,101,United Press Associations,United Press (Deutschland) G.m.b.H.,True,False,False,False,False,,1.0,,,,,,,,,,,,
102,102,Pan Foreign Corporation,Vereinigte Asphalt und Teerproducktenfabriken Gesellschaft mit Beschrankter Haftung,True,False,False,False,False,,1.0,,,,,,,,,,,,
103,103,The ARMCO International Corporation,Vereinigte Stahlwerke,False,False,False,True,False,,1.0,,,,,,,,,,,,
104,104,"William R. Warner & Co., Inc.","Warner, W.R. and Co. G.m.b.H.",True,False,False,False,False,W. R. Warner & Co.,1.0,2600.0,1317.0,left,"Berlin-Charlottenburg, Kaiserin-Augusta-Allee 86",12. 4. 27,RM 300 000,Herstellung und Verkauf von pharmazeutischen und kosmetischen Präparaten,Leonhard M. Klustinger,1 Gf.,,,
105,105,Waterman Steamship,Waterman Linien (Vertretung Bremen) G.m.b.H.,True,False,False,False,False,,1.0,,,,,,,,,,,,
106,106,"Standard Commercial Tobacco Co., Inc.",Werkhof G.m.b.H.,True,False,False,False,False,Werkhof,1.0,2634.0,1334.0,left,"Bremen, Panzenberg 7",31.12.10,RM 1000 000,Herstellung und Vertrieb von Zigaretten und anderen Tabakwaren,John Ehlers,1 od. 2 Gf. od. 1 Gf. u. 1 Pk.,,,
107,107,"Socony-Vacuum Oil Company, Inc.",West-Oel Gesellschaft m.b.H.,True,True,True,False,False,West Oel,1.0,2665.0,1349.0,right,Hannover,14. 4. 29,RM 20 000,Oil Exploration and Acquisition of Lease Rights,K. F. Hasselmann,Jed. Gf,,,
108,108,The Westinghouse Air Brake Company,Westinghouse Bremsen Gesellschaft m.b.H.,True,False,False,False,False,Westinghouse-Breinsen-Gesellschaft,1.0,2664.0,1349.0,left,"Hannover, Goetheplatz 7, Zweign. Elze",27.9.12,"RM 960,000","Übernahme und Fortbetrieb des Fabrik- und Handelsgeschäfts, insbesondere Anfertigung und Vertrieb von Bremsen u. anderen Bedarfsgegenständen für Eisenbahnen und Straßenbahnen",N. Kemmer,1 Gf.,,,
109,109,Gillette Safety Rasor Company,Zoellner Werke G.m.b.H.,True,False,False,False,False,,1.0,,,,,,,,,,,,
110,0,"Swiss ""Borvisk"" Company","""Borvisk"" Kunstseiden-Vertriebsgesellschaft, m.b.H.",True,False,False,False,False,Borvisk-Kunstseiden Vertriebsgesellschaft,,299.0,166.0,right,"Berlin W 62, Maaßenstr. 36",26.5.15,RM 40 000,Herstellung von Kunstseide,Dr. jur. E. Wohrizek; Alfr. Demant,2 Gf. od. 1 Gf. u. 1 Pk. od. 2 Pk.,,84.78260869565217,1.0
111,2,International Telephone and Telegraph Corp.,"""Volta"" Telephon & Signalbau G.m.b.H.",True,False,False,True,False,Volta Telephon- und Signalbau,,2573.0,1303.0,right,"Berlin W 35, Potsdamei-Straße 38",1.7.05,RM 268 000,"Installation, Verkauf von Telefon-, Telegrafen- u. sonstigen Anlagen",A. Hoffmann; L. Hoepfner,2 Gf. gern.,,54.54545454545454,1.0
112,6,Jadev Corporation,"Allgemeine Erdol Gesellschaft, m.b.H.",True,False,False,False,False,Allgemeine Erdölgesellschaft,,34.0,34.0,right,Oldenburg,21. 8. 24,RM 20 000,Erdöl,Chester Naramore; Todd M. Pettigrew,Jed. Gf.,,80.0,1.0
113,7,General Motors Acceptance Corporation,Allgemeine Finanzierungs Gesellschaft m.b.H.,True,True,True,False,False,Allgemeine Finanzierungs - Gesellschaft,,34.0,34.0,right,"Rüsselsheim, Zweign. Berlin",30. 6. 29,RM 3 000 000,Gewährung von Krediten,Hans C. de Mierre,1 od. 2 Gf.,,89.1566265060241,1.0
114,9,Standard Oil Company (New Jersey),Allgemeine Oel-Handels-Gesellschaft mit beschrankter Haftung,True,False,False,False,False,Allgemeine Oel-Handels-Gesellschaft,,38.0,36.0,left,"Hamburg, Mittelweg 38",8. 12. 20,RM 9 000 000,Handel mit Gelen und verwandten Waren,Emanuel Rein,2 Gf. od. 1 Gf. od. 2 Pk.,,73.6842105263158,1.0
115,10,The American Laundry Maschinery Co.,"Almco Waschereimaschinen, GmbH",True,False,False,False,False,Alinco Wäschereimaschinen,,42.0,38.0,right,"Köln, St.-Apern-Straße 51",29. 8. 27,RM 2 000 0000,Herstellung u. Vertrieb von Wäschereimaschinen,Karl J. Haug; Robert Repsold,2 Gf.,,80.0,1.0
116,11,Edward G. Budd Manufacturing Company,"Ambi-Budd Presswerk, G.m.b.H.",True,False,False,True,False,Ambi-Bud Preßwerk,,52.0,43.0,left,"Berlin, Friedrichstr. 209",12.2.26,RM 10 000 000,Betrieb eines Preßwerks,Hugo Brand; Ludwig Loeb; Dr. jur. Rudolf Schröder; Wilfried Weise,2 Gf. od. 1 Gf. u. 1 Pk.,,69.56521739130434,1.0
117,12,"The American Express company, Incorporated.",American Express Company mit Beschrankter Haftung,True,False,False,True,False,American Expreß Company,,53.0,43.0,right,"Berlin W 8, Charlottenstraße 55",14.5.07,RM 1 000 000,Schiffsspedition und Bankgeschäfte,Wilhelm Duebgen; Paul Giese; Herm. Privonilz; W. J. Thomas,2 Gf. oder 1 Gf. und 1 Pk. oder 2 Pk. Thomas allein,,61.11111111111111,1.0
118,13,"Hugo Stinnes Industries, Inc.",Anker Kohlen & Brikettwerke G.m.b.H.,True,False,False,False,False,Kohlen- u. Brikettvertrieb,,1367.0,700.0,right,"Köln-Mülheim, Vincenzstr. Nr. 8/12",3.8.27,RM 20000,Kohlenhandel,Carl Brendgen; Peter Modder,2 Gf- od. 1 Gf. u. 1 Pk.,,58.06451612903225,1.0
119,15,Associated Merchandising Corporation,Associated Merchandising Corp. GmbH,True,False,False,False,False,Associated Merchandising Corporation,,86.0,60.0,left,"Berlin SW 68, Lindenstr. 114",6.6.21,RM 50000,Einkauf von Waren für das Stammhaus in Amerika,Roger Day; Hermann Krüger; William A. Mofitt,1 Gf.,,81.69014084507043,1.0
120,18,International Telephone and Telegraph Corp.,"Baruta Import and Export, GmbH",True,False,False,False,False,"Baruta, Export & Import",,141.0,87.0,right,"Berlin-Steglitz, Siemensstr. 27",1921,"RM 9,000",Ex- u. Import von Baruta-Pianos,Paul Schmolei,1 Gf.,,75.47169811320755,1.0
121,21,Chicago Pneumatic Tool Co.,"Berlin-Oberschoeneweide, Germany",False,False,True,False,False,Wohnhausbaugesellschaft Berlin-Oberschöneweide,,2703.0,1368.0,right,"Berlin - Tempelhof, Schillerpromenade 5/6",9.7.28,RM 20 000,Erwerb und Bebauung von Grundstücken in Oberschöneweide,Dr. Helm. Dobberstein,1 od. 2 Gf. od. 1 Gf. u. 1 Pk.,,61.53846153846154,1.0
122,22,"Hugo Stinnes Industries, Inc.",Bernauer & Co.,True,False,False,False,False,Bernauer & Co.,,244.0,139.0,left,"Mannheim, Jungbuschstr. 11",7.10.20,"RM 10,000",Anschaffung u. Weiterveräußerung von Brennstoffen,Hermann Klusmann jun.; Heinrich Mintrop,2 Gf.,,100.0,1.0
123,24,Kraft Cheese Company,"Betz & Jay, GmbH",True,False,False,True,False,Betz & Jay,,253.0,143.0,right,"Köln a. Rh., Leystapel 37",23. 3. 28,RM 20 000,Handel und Einfuhr von Käse jeder Art und sonstigen Molkereierzeugnissen,Leendert Kwakernack; Willmer Kretschmar,1 Gf.,,76.92307692307692,1.0
124,25,"Hugo Stinnes Industries, Inc.","Born, Mehring & Co, G.m.b.H.",True,False,False,False,False,"Barr, Moering & Co.",,139.0,86.0,right,"Stuttgart, Sattlerstr. 21",18. 2. 22,RM 20 000,Speditionsgeschäft,Gustav Raff,2 od. 1 Gf. od. 1 Gf. u. 1 Pk.,,68.08510638297872,1.0
125,26,"Hugo Stinnes Industries, Inc.",Cehapon Werk G.m.b.H.,True,False,False,False,False,Cehapon-Werk,,383.0,208.0,right,Freiburg/Brs,11.3.27,RM 20000,"Manufacture of cleaning, degreasing, and solvent products",Dr. Wilhelm Meyer,"1 Gf. Einl.: RM 17000, Laboratory equipment and raw materials",,66.66666666666667,1.0
126,27,Eastman Kodak Company,Chemische Werke Odin (Germany),False,True,True,False,False,Chemische Werke Odin,,409.0,221.0,right,"Eberbach, Baden",7. 9. 21,RM 1 000 000,Jed. Gf.,H. Stoeß; Dr. W. Stoeß; W. Keppler,Chemische Werke,,80.0,1.0
127,28,Felt & Tarrant Mfg. Co.,Comptometer G.m.b.H.,True,False,False,False,False,Comptometer,,431.0,232.0,right,"Berlin, Linkstr. 25",23.4.12,RM 50 000,Kauf u. Verkauf der als Comptometer bekannten Rechen- und Additionsmaschinen,Herm. Wieland,1 Gf.,,70.96774193548387,1.0
128,33,"New Jersey Industries, Inc.","Defaka, Deustche Familienkaufhaus G.m.b.H.",True,False,False,False,False,"Defaka, Deutsches Familien-Kaufhaus",,468.0,251.0,left,"Berlin N 54, Rosentaler Str. 40/41",23.4.25,RM 100 000,Department store,R. Behrens; R. O. Agte; K. Brückmann; Arth. Herz,2 Gf. od. 1 Gf. od. 1 Pk.,,80.51948051948052,1.0
129,34,Denver Chemical Mfg. Co.,Denver Chemical Mfg. Co. G.m.b.H.,True,False,False,False,False,The Denver Chemical Manufacturing Company,,2411.0,1222.0,right,"Berlin-Lichterfelde, Klingsorstr. 114",7.6.28,RM 24 000,Herstellung und Vertrieb von chemischen und pharm. Produkten,G. C. Nichols,Der Gf. Einl.: RM 24 000 Geschäft,,59.45945945945945,1.0
130,35,"Lykes Bros. Steamship Co., Inc.",Deutsche American Shipping Co. (Bremen) G.m.b.H.,True,False,False,False,False,Deutsche American Shipping Co.,,491.0,262.0,right,"Hamburg, Stubbenhuk 10",3.1.25,RM 50 000,Not specified,A. Ch. Kerr,Der Gf.,,76.92307692307692,1.0
131,36,The Melltone Corporation,Deutsche Carborumdum Werke,True,False,False,False,False,Deutsche Carborundum-Werke,,496.0,265.0,left,Düsseldorf-Reisholz,24.9.06,RM 875000,"Herstellung von Silikon-Karbid genannt Carborundum, ein künstliches Schleifmittel",R. Opalka,Der Gf.,,73.07692307692308,1.0
132,37,International Business Machine Corp.,"Deutsche Geschaftmaschinen Gesellschaft, m.b.H.",False,True,False,False,False,Deutsche Geschäftsmaschinen-Gesellschaft,,504.0,269.0,left,"Berlin W 35, Potsdamer Str. 112",1921,"RM 800,000",,W. Heidinger,Jed. Gf. od. 1 Gf. u. 1 Pk.,,85.0574712643678,1.0
133,38,"B. F. Goodrich Rubber Co., Akron, Ohio",Deutsche Goodrich Compagnie G.m.b.H.,False,False,False,True,False,Deutsche Goodrich Compagnie,,505.0,269.0,right,"Berlin-Lichtenberg, Frankfurter Allee 136",19.2.30,"RM 200,000","Herstellung und Vertrieb von Gummiartikeln aller Art, vornehmlich auch Gummireifen",O. A. Friedrich,1 od. 2 Gf. od. 1 Gf. u. 1 Pk.,,85.71428571428572,1.0
134,40,"Libby, McNeill & Libby","Deutsche Libby Gesellschaft, m.b.H.",True,False,False,False,False,Deutsche Libby Gesellschaft,,513.0,273.0,right,"Leer, Ostfriesl.",5.3.26,RM 500 000,"Fabrikation und Verkauf von Waren aller Art, insbes. von Nahrungsmitteln unter dem Namen „Libby“",C. Heinlein,Der Gf. od. 2 Gf. od. 1 Gf. u. 1 Pk.,,87.09677419354838,1.0
135,41,Corn Products Refining company,Deutsche Maizena G.m.b.H.,False,False,False,True,False,Deutsche Maizena,,515.0,274.0,right,"Hamburg, Spaldingstraße 216/18",20.12.27,RM 3 000 000,Vertrieb von Maisprodukten jeder Art,E. G. H. Dircks; R. Pauli; O. C. Streit; O. Osmund,Dircks allein od. 2 Gf. od. 1 Gf. u. 1 Pk.,,78.04878048780488,1.0
136,42,Norton Company,"Deutsche Norton-Gesellschaft, m.b.H.",True,True,True,True,False,Deutsche Norton-Gesellschaft,,517.0,275.0,right,Wesseling,28.9.09,RM 1 000 000,Fabrikation und Vertrieb von Schleifscheiben,W. La Coste Neilson,1 Gf.,,87.5,1.0
137,48,"The Coca-Cola Company (101 W. 10th Street Wilmington, Delaware)",Deutsche Vertriebs Gesellschaft m.b.H. für Naturgetränke,False,False,False,True,False,Deutsche Vertriebs-Gesellschaft für Naturgetränke,,529.0,281.0,right,Essen,4.6.30,RM 470 000,Herstellung u. Vertrieb von alkoholfreien Getränken jeder Art unter Benutzung des Warenzeichens Coca-Cola,R. R. Powers,"1 Gf. Einl.: RM 30 000, Lizenz",,68.57142857142857,1.0
138,50,Dietaphone Corporation,Dietaphone Co. m.b.H.,True,False,False,False,False,Dictaphone Company,,546.0,290.0,left,"Berlin W 8, Jägerstr. 12",20.5.30,RM 100 000,"Herstellung, Verkauf, Vertrieb und Verleih von Diktiermaschinen",F. Menke,1 Gf.,,61.53846153846154,1.0
139,53,International Telephone and Telegraph Corp.,Dr. Erich F. Huth G.m.b.H.,True,False,False,True,False,Dr. Erich F. Huth,,1191.0,612.0,right,"Berlin SW 48, Wilhelmstraße 130",29. 6. 08,RM 1 760 000,Herstellung elektrotechnischer u. insbesondere funkentelegraphischer Apparate.,Dr. K. Rottgardt; W. Hahnemann,2 Gf. gern.,,79.06976744186046,1.0
140,54,The Durer Corporation,"Durer Scheifmittel, G.m.b.H.",True,False,False,False,False,Durex Schleifmittel,,588.0,311.0,left,Düsseldorf-Reisholz,16. 5. 30,RM 800 000,Herstellung von und Handel mit Schleifmitteln in jeder Art und Form,M. Koster; H. Bein,2 Gf. od. 1 Gf. u. 1 Pk.,,72.34042553191489,1.0
141,57,Hugo Stinnes Corporation,Eisenlager G.m.b.H.,True,False,False,False,False,Eisenlager,,622.0,328.0,left,Essen,24.3.22,"RM 100,000","Handel mit Geräten, Maschinen und Baumaterialien und Handelseisen",W. Unger; C. Küster,Jed. Gf.,,68.96551724137932,1.0
142,61,"New England Industries, Inc.",Erkensator G.m.b.H.,True,False,False,False,False,Erkensator,,2783.0,1408.0,right,Düren/Rhld.,22.10.31,RM 20000,"Erwerb und Verwertung von Patenten und Gebrauchsmustern, die sich auf Zentrifugen (Erkensatoren) beziehen",O. Dörries; Wolfg. Schleicher,2 Gf. od. 1 Gf. u. 1 Pk.,,68.96551724137932,1.0
143,65,F. W. Woolworth Co.,F. W. Woolworth Co.,True,True,True,True,False,F. W. Woolworth Co.,,2719.0,1376.0,right,"Berlin W 9, Bellevuestr. 11, Zweign. Bremen, Faulenstraße 26 - 28",2. 11. 26,RM 3 500 000,"Herstellung, An- u. Verkauf sowie Export und Import von Waren jeder Art",Rich. H. Strongman,1 Gf. od. 1 Pk.,,100.0,1.0
144,69,"Hugo Stinnes Industries, Inc.",Fraenkischer Metallhandel G.m.b.H.,True,False,False,False,False,Fränkischer Metallhandel,,759.0,396.0,right,Mülheim/Ruhr,3.4.1924,RM 20000,"Handel mit Waren aller Art, insbesondere der Handel mit Metallen",Wilh. Unger,1 Gf.,,79.3103448275862,1.0
145,70,Hudson Motor Car Company,Frederick Wirth & Company G.m.b.H.,True,False,False,False,False,Frederick Wirth & Co.,,2688.0,1361.0,left,"Berlin NW 7, Schadowstr. 1 a",21. 7. 27,RM 50 000,"Errichtung von Gebäuden, An- und Verkauf von Grundstücken",M. Rob. Cobbett,1 od. 2 Gf.,,72.72727272727273,1.0
146,73,General Motors Corporation (Overseas Operations),Frigidaire G.m.b.H.,True,False,False,True,False,Frigidaire,,781.0,407.0,right,"Berlin-Borsigwalde, Charlottenburger Str. 59",16.9.26,RM 100000,"Herstellung und Vertrieb von Kühlschränken und anderen elektrischen Artikeln, Licht- und Kraftanlagen",G. D. Riedel,Jed. Gf.,,68.96551724137932,1.0
147,80,"Hugo Stinnes Industries, Inc.",Gebrueder Hein G.m.b.H.,True,False,False,False,False,Gebrüder Hein,,1091.0,562.0,right,"Berlin, Güterbahnhof Halensee, Platz 19",19.12.06,RM 25 000,An- und Verkauf von Brennmaterialien aller Art.,W. Kirchhoff,1 od. 2 Gf. od. 1 Gf. u. 1 Pk.,,66.66666666666667,1.0
148,82,International Telephone and Telegraph Corp.,Gesellschaft Fur Telephon-und Telegraphenbeteilungen m.b.H.,True,False,False,False,False,Gesellschaft für Telephon- und Telegraphenbeteiligungen,,871.0,452.0,right,Berlin,17. 5. 30,RM 2 000 000,"Beteiligung an deutschen Unternehmungen auf dem Gebiete der Schwachstrom-Elektrizitätswirtschaft, des Funk-, Telephon- und Telegraphenwesens.",R. L. Diemer,1 od. 2 Gf.,,84.21052631578947,1.0
149,83,Corn Products Refining company,Gesellschaft fur Industriebeteiligungen m.b.H.,True,False,False,False,False,Gesellschaft für Industriebeteiligung,,863.0,448.0,right,"Mannheim, Inselstraße 8",2. 7. 31,RM 100 000,Finanzielle Beteiligung an industriellen Unternehmungen,Ch. Goebels,1 od. 2 Gf.,,86.74698795180723,1.0
150,85,International Telephone and Telegraph Corp.,Gesellschaft für Telephon und Telegraphenbeteiligungen G.m.b.H.,False,False,False,True,False,Gesellschaft für Telephon- und Telegraphenbeteiligungen,,871.0,452.0,right,Berlin,17. 5. 30,RM 2 000 000,"Beteiligung an deutschen Unternehmungen auf dem Gebiete der Schwachstrom-Elektrizitätswirtschaft, des Funk-, Telephon- und Telegraphenwesens.",R. L. Diemer,1 od. 2 Gf.,,91.52542372881356,1.0
151,87,Gillette Safety Rasor Company,"Gillette Safety Rasor Company, G.m.b.H.",True,False,False,True,False,Gillette Safety Razor Co.,,887.0,460.0,right,"Hamburg, Spitalstr. 10",26. 3. 08,RM 62 500,"Gewerbliche und fabrikatorische Ausbeutung u. Verwertung der d. Gillette Safety Razor Co. in Amerika gehörigen Patente, Herstellung von Rasierapparaten",C. Ferd. Adderhalden,Jed. Gf.,,75.0,1.0
152,89,International Finance Company,Gluckskles Michgesellschaft m.b.H.,True,False,False,False,False,Glücksklee Milchgesellschaft,,900.0,467.0,left,Neustadt i. Holst,19.11.25,RM 400000,Vertrieb von Milch- u. Meiereierzeugnissen,O. Lagerfeldt; C. A. Altwegg,2 Gf.,,80.64516129032258,1.0
153,92,"Mccann-Erickson, Inc.","H. K. Mccann Company, m.b.H.",True,False,False,False,False,H. K. Mc. Cann Company,,375.0,204.0,right,Frankfurt a. M.,28.9.28,RM 20 000,Betrieb eines Reklamedienstunternehmens,Bruno W. Randolph,1 Gf.,,68.0,1.0
154,94,Tide Water Associated Oil Co.,Hamburg-Amerikanische Mineralol-G.m.b.H.,True,False,True,True,False,Hamburg-Amerikanische Mineralöl-Gesellschaft,,1010.0,522.0,left,"Hamburg, Rodingsmarkt 66/69",9.4.25,RM 2500000,Import und Vertrieb von Mineralölen,Ch. R. Gerth,1 od. 2 Gf.,,76.19047619047619,1.0
155,96,North European Oil Corp.,Harburger Bergbau G.m.b.H.,False,False,True,False,False,Harburger Bergbaugesellschaft,,1049.0,541.0,right,Harburg (Elbe),22. 1. 21,RM 1500,Ausbeutung von Bergwerksgerechtigkeiten,A. Wulff,1 Gf.,,61.81818181818181,1.0
156,97,Haskins & Sells,Haskins & Sells Revision-Gesellschaft m.b.H.,True,False,False,False,False,Haskins und Sells Revisions-Gesellschaft,,1059.0,546.0,right,"Berlin NW 7, Unter den Linden 57/58",27. 1. 31,RM 50 000,Prüfung,,1 Gf.,,85.71428571428572,1.0
157,103,Hudson Motor Car Company,Hudson Esser Motors Company M.H.,True,False,False,False,False,Hudson Essex Motors Company,,1184.0,609.0,left,"Berlin-Spandau, Berliner Chaussee",26. 7. 27,RM 500 000,Herstellung von Kraftfahrzeugen,N. J. Glanfield; L. Smit,2 Gf. gern. Tochterunternehmen der Hudson Motors Co. in Detroit.,,88.13559322033898,1.0
158,104,"Hugo Stinnes Industries, Inc.",Hugo Stinnes G.m.b.H.,True,True,True,True,False,Hugo Stinnes,,2328.0,1181.0,left,"Mülheim a. Ruhr, Fil. Stettin, Harburg, Stuttgart, Mannheim, Duisburg, Wiesbaden, Berlin, Hannover, Hamburg, Frankfurt a. M.",23.4.02,RM 5 000 000,"Gewinnung u. Bearbeitung sämtlicher Erzeugnisse des Bergbaues, der Hüttenindustrie, Landwirtschaft u. der chemischen u. elektrischen Industrie, Schiffahrt","Ww. Kläre Stinnes, geb. Wagenknecht",1 Gf. od. 2 Pk.,,72.72727272727273,1.0
159,105,Chicago Pneumatic Tool Co.,Internationale Pressluft und Elektricitats Gesellschaft m.b.H. (Ipeg),True,True,True,True,False,Internationale Preßluft- und Elektricitäts-Gesellschaft,,1229.0,631.0,right,"Berlin-Oberschöneweide, An der Wuhlheide",31. 5 05,RM 750 0CO,Herstellung und Vertrieb von Gegenständen der Preßluft- und Elektrizitätsbranche sowie von Maschinen der Stahl- u. Eisenbranche,F. Happe; M. Spernau,Jed. Gf.,,82.25806451612902,1.0
160,106,Intertype Corporation,Intertype Fabrik G.m.b.H.,True,True,True,False,False,Intertype Fabrik,,1231.0,632.0,right,"Berlin S 59, Boppstr. 10",16.8.28,RM 100000,Fabrikation und Vertrieb von Setzmaschinen,N. D. Becker; S. Ayre,Jed. Gf.,,78.04878048780488,1.0
161,107,Intertype Corporation,Intertype Setzmaschinen G.m.b.H.,True,True,True,False,False,Intertype-Setzmaschinen,,1231.0,632.0,right,"Berlin SW 11, Stresemannstraße 90",24.11.26,RM 200000,Herstellung und Vertrieb von Maschinen der graphischen Industrie,J. W. Lindsay,1 Gf.,,80.0,1.0
162,108,Underwood Elliott Fisher Company,Iris Type G.m.b.H.,True,False,False,False,False,Iristype,,1233.0,633.0,right,"Berlin-Schöneberg, General-Pape-Str. 12",3.23,RM 20 000,"Manufacture and distribution of types, especially typewriter types",G. Schlüns,1 Gf.,,53.84615384615385,1.0
163,109,J. E. Bernard & Co. Inc.,J. E. Bernard & Co. G.m.b.H.,True,False,False,False,False,J. E. Bernard & Co.,,244.0,139.0,left,"Hamburg, Neuer Wall 70/74, Zweign. Bremen, Papenstr. 15",7.3.21,"RM 40,000","Spedition, Im- und Export von Waren aller Art",Friedrich Wilhelm Groenwaldt; J. E. Bernard; K. G. Baur,"1 Gf. Einl.: RM 12,600",,80.85106382978724,1.0
164,112,Kraft Cheese Company,Jocca Werke G.m.b.H.,True,False,False,True,False,Jocca-Werke,,1250.0,642.0,left,"Reichertshausen, Oberbayrische Nährmittelindustrie, Ilmmünster",14.11.23,RM 100 000,Fabrikation und Handel von Nahrungs- und Genußmitteln sowie Nährpräparaten,Dr. R. Lindt; Ludw. Deng,1 Gf.,,64.51612903225806,1.0
165,115,Remington Rand Inc.,Kardex System G.m.b.H.,True,False,False,False,False,Kardex-System,,1285.0,659.0,right,"Berlin W 8, Friedrichstr. 65; Zweign.: Stuttgart, Frankfurt a. M., Düsseldorf, Bismarckstraße 14",4.10.27,"EM 20,000","Herstellung u. Vertrieb von Büroartikeln aller Art, insbesondere Sichtkarteien",Gustav Ahlborn; J. A. Sprenger (vertr. allein); George Mc. Lean; Erich Goestl,2 Gf. Sprenger allein,,68.57142857142857,1.0
166,116,Corn Products Refining company,Karl Fr. Tollner Nachrmittelfabrik G.m.b.H.,True,False,False,False,False,Karl Fr. Töllner Nährmittelfabrik,,2431.0,1232.0,right,"Bremen, Ostertor­steinweg 51/53",24. 9. 30,RM 400 000,"Herstellung und Vertrieb von Nährmitteln aller Art, Erwerb einer Nährmittelfabrik",H. Th. E. Miede; G. J. Reimers,2 Gf.,,81.57894736842105,1.0
167,123,"Hugo Stinnes Industries, Inc.",Kohleverkauf Ludwig Jung G.m.b.H.,True,False,False,False,False,Kohlenverkauf Ludwig Jung,,1374.0,704.0,left,Wiesbaden,25. 4. 21,RM 150 000,Fortführung eines Kohlen- und Brennmaterialiengeschäfts,Richard Rosskath,"1 od. 2 Gf., R. Rosskath stets allein",,82.75862068965517,1.0
168,124,Crown Cork International Corporation,"Korkfabrik, Frankenthal Bender & Co., of Frankenthal, Germany",False,True,False,False,False,"Korkfabrik Frankenthal, Bender & Co.",,1386.0,710.0,left,Frankenthal (Ludwigshafen),24. 1. 07,RM 375 000,Fabrikation von Korkstopfen und Korkwaren aller Art,C. A. Mahla; K. Bender,1 Gf. od. Pk.,,74.22680412371135,1.0
169,125,L. C. Smith & Corona Typewriters Inc.,L. C. Smith & Corona Schreihmaschinen G.m.b.H.,True,True,True,False,False,L. C. Smith und Corona Schreibmaschinen,,2258.0,1146.0,left,"Berlin W 8, Krausenstraße 15",7.7.11,RM 100 000,"Herstellung und Vertrieb von Schreibmaschinen, Addier- und Büromaschinen",Ch. Siemer,1 od. 2 Gf.,,80.0,1.0
170,126,Kraft Cheese Company,Lindor Werke G.m.b.H.,True,False,False,True,False,Linde Werkzeug,,1513.0,773.0,right,"Berlin NW 21, Lübecker Str. 18",1913,RM 18000,Werkzeug,H. Möllhoff,,,57.14285714285714,1.0
171,127,Mergenthaler Linotype Company,"Linotype, G.m.b.H.",True,False,False,False,False,Linotype,,1518.0,776.0,left,"Berlin N 4, Chausseestraße 25",4.2.08,RM 20 000,Fabrikation und Vertrieb von Zeilsetz- und Gießmaschinen,Friedrich W. King; Dir. Fritz Adomzent,Jed. Gf.,,61.53846153846154,1.0
172,128,International Telephone and Telegraph Corp.,Lorenz Radio Vertriebe G.m.b.H.,True,False,False,True,False,Lorenz-Radio-Vertriebs-Gesellschaft,,1533.0,783.0,right,"Berlin-Charlottenburg 9, Reichskanzlerplatz 7/9",22.4.26,RM 20 000,Vertrieb von Fabrikaten auf dem Gebiete des Rundfunkwesens,L. Roessing; E. Sabersky,2 Gf. od. 1 Gf. u. 1 Pk.,,60.60606060606061,1.0
173,129,International Telephone and Telegraph Corp.,Ludwig Sudicates G.m.b.H.,True,False,False,True,False,Ludw. Sudikatis & Co.,,2350.0,1192.0,left,"Berlin-Steglitz, Siemensstr. 27",21.8.1909,RM 2 250 000,"Metallschraubenfabrik, Fassondreherei und Metallzieherei",Dr. R. Friedmann,2 Gf. od. 1 Gf. u. 1 Pk. od. 2 Pk.,,60.86956521739131,1.0
174,130,International Telephone and Telegraph Corp.,Ludwig Sudicatis G.m.b.H.,True,False,False,False,False,Ludw. Sudikatis & Co.,,2350.0,1192.0,left,"Berlin-Steglitz, Siemensstr. 27",21.8.1909,RM 2 250 000,"Metallschraubenfabrik, Fassondreherei und Metallzieherei",Dr. R. Friedmann,2 Gf. od. 1 Gf. u. 1 Pk. od. 2 Pk.,,65.21739130434783,1.0
175,131,"Hugo Stinnes Industries, Inc.",M. Rast & Sohn G.m.b.H.,True,False,False,False,False,M. Rast & Sohn,,1963.0,998.0,right,"München, Theresienhöhe lb",9.5.11,RM 660 000,Kohlenhandelsgeschäft,O. Schwarzmaier,"Jed. Gf. Einl.: zwei Geschäfte, Geschäftsanteil",,75.67567567567568,1.0
176,136,"Hugo Stinnes Industries, Inc.",Mathias Stinnes G.m.b.H.,True,False,True,True,False,Math. Stinnes,,2328.0,1181.0,left,"Mülheim/Ruhr, Zweign. Mannheim, Luisenring 9, Offenbach a. M., Hamburg, Holzbrücke 5",24.2.21,RM 16 000 000,"Kohlenhandel, Reederei, Fracht- u. Schleppschiffahrt",Gen.-Dir. Walter Spindler,"1 Gf., 1 od. 2 Pk.",,64.86486486486487,1.0
177,137,Jadev Corporation,Mecklenburgische Erdol G.m.b.H.,True,False,False,False,False,Mecklenburgische Erdölgesellschaft,,1608.0,821.0,left,Schwerin i. Mecklb.,7-8.29,RM 20 000,"Vornahme geologischer und geophysikalischer Untersuchungen zwecks Auffindung von Erdharz, Naphtha u. verwandten Produkten",Vingerhoets,1 od. 2 Gf. od. 1 Gf. u. 1 Pk.,,64.61538461538461,1.0
178,138,Mergenthaler Linotype Company,"Mergenthaler Setzmaschinen-Fabrik, G.m.b.H.",True,True,True,True,False,Mergenthaler Setzmaschinenfabrik,,1624.0,829.0,left,"Berlin N 4, Chausseestraße 24",28.10.96,"RM 300,000",Fabrikation und Vertrieb Mergenthaler Setzmaschinen sowie darauf bezüglicher Schutzrechte,Christ. Albrecht; Fritz Adomzent; Aug. Friedr. Lepold,2 Gf. od. 1 Gf. u. 1 Pk.,,82.66666666666667,1.0
179,139,Central European Holding Corporation c/o Cotton Brenner & Wrigley,"Metallkentor, G.m.b.H.",True,False,False,False,False,Metallkontor,,1634.0,834.0,left,"Berlin W 56, Französische Str. 32",20.5.31,RM 200000,"Import und Verkauf von Kupfer, Blei, anderen Metallen, Hütten- und Verhüttungsprodukten",C. Sußmann,1 od. 2 Gf.,,64.70588235294117,1.0
180,140,The Torrington Company,"Metallkentor, G.m.b.H.",True,False,False,False,False,Metallkontor,,1634.0,834.0,left,"Berlin W 56, Französische Str. 32",20.5.31,RM 200000,"Import und Verkauf von Kupfer, Blei, anderen Metallen, Hütten- und Verhüttungsprodukten",C. Sußmann,1 od. 2 Gf.,,64.70588235294117,1.0
181,143,Gillette Safety Rasor Company,Metallwarenvertrieb G.m.b.H.,True,False,False,False,False,Metallwarenvertrieb,,1638.0,836.0,left,"Berlin W 8, Taubenstr. 18",8. 4. 29,RM 20 000,Herstellung und Vertrieb von Metallwaren für den Hausgebrauch,Martin Gaertner; Dr. jur. Hans von Kotze,1 Gf,,80.85106382978724,1.0
182,144,International Telephone and Telegraph Corp.,"Mix & Genest Hansawerke , G.m.b.H.",True,False,False,True,False,Mix u. Genest Hansawerke,,1674.0,854.0,left,"Hamburg, Schopensteel 15",15. 12. 08,EM 150 000,"Verkauf von Telefon- und Telegraphen-Apparaten, sowie sonstigen Artikeln aller Art",P. W. Schäfer,1 Gf. od. 2 Pk.,,72.41379310344827,1.0
183,149,The National Cash Register Company,National-Krupp Registrier-Kassen G.m.b.H.,True,False,True,True,False,National Registrier-Kassen,,1730.0,882.0,left,"Berlin-Neukölln, Werra­straße 17/19",13.2.96,"RM 300,000",Distributing American cash registers,S. H. Wark; H. Chr. Boysen; A. Rist,2 Gf.,,77.61194029850746,1.0
184,150,American Radiator & Standard Sanitary Corporation,Nationale Radiator Gesellschaft m.b.H.,True,True,True,True,False,Nationale Radiator,,1731.0,882.0,right,"Berlin W 8, Wilhelmstr. 91",30.4.01,RM 14 000 000,"Herstellung u. Vertrieb von Radiatoren, Kesseln, Heiz- u. Kühlapparaten",A. J. Hennig; E. Maax; E. Heinemann,Jed. Gf. Einl.,,64.28571428571428,1.0
185,151,"The International Nickel Company, Inc.","Nickel Informationburo, G.m.b.H.",True,False,False,False,False,Nickel-Informationsbüro,,1754.0,894.0,left,"Frankfurt a. M., Liebigstr. 16",3. 8. 27,RM 20 000,Versorgung der Nickel verarbeitenden Industrie mit erforderlichen Informationen,H. Epstein; Dr.-Ing. M. Waehlert,Jed. Gf.,,50.90909090909091,1.0
186,153,North European Oil Corp.,Nord-Europaeische Oel,True,False,False,False,False,Nordische Oelwerke,,1785.0,909.0,right,"Hamburg, Frankenstr. 28",10. 10. 1921,RM 4000,"Herstellung u. Handel mit Oelen, Fetten",W. G. Carroux,Jed. Gf.,,66.66666666666667,1.0
187,156,"Hugo Stinnes Industries, Inc.",Nuernberger Kohlenhandles G.m.b.H.,True,False,False,False,False,Nürnberger Kohlenhandels-Gesellschaft,,1795.0,914.0,right,Nürnberg,12. 4. 18,RM 200 000,Anschaffung und Weiterveräußerung von Brennstoffen aller Art,K. Zimmermann,1 od. 2 Gf.,,64.7887323943662,1.0
188,157,Pure Oil Co.,Oelwerke Julius Schindler G.m.b.H.,True,False,False,True,False,Oelwerke Julius Schindler,,1816.0,925.0,left,"Hamburg, Hohe Bleichen 28",7.12.20,"RM 2,400,000","Ein- und Ausfuhr sowie Verarbeitung von Gelen, insbesondere Mineralölen",Jul. Schindler,1 Gf. od. 2 Pk.,,84.7457627118644,1.0
189,158,The Pure Oil Company,Oelwerke Julius Schindler G.m.b.H.,True,False,False,True,False,Oelwerke Julius Schindler,,1816.0,925.0,left,"Hamburg, Hohe Bleichen 28",7.12.20,"RM 2,400,000","Ein- und Ausfuhr sowie Verarbeitung von Gelen, insbesondere Mineralölen",Jul. Schindler,1 Gf. od. 2 Pk.,,84.7457627118644,1.0
190,159,Jadev Corporation,Oldenburgische Erdol Gesellschaft m.b.H.,True,True,False,False,False,Oldenburgische Erdölgesellschaft,,1822.0,928.0,left,Oldenburg i. O.,8.2.29,RM 20 000,"Erwerb und Veräußerung von Oelgerechtsamen, Gewinnung und Vertrieb von Mineralien",Todd M. Pettigrew,Jed. Gf.,,83.33333333333334,1.0
191,160,North European Oil Corp.,Oldenburgische Oelausbeutungesellschaft m.b.H.,False,False,True,False,False,Oldenburgische Oclausbeutungsgesellschaft,,1822.0,928.0,left,Oldenburg i. O.,16.3.27,RM 20 000,Erwerb von Gerecht­samen auf Gewinnung von Erdöl und sonstigen bituminösen Stoffen,Ing. Chester Naramore; Todd M. Pettigrew,Jed. Gf.,,87.35632183908046,1.0
192,162,Oppenheimer Casing Co. Del.,Oppenheimer Casing Co. m.b.H. Hamburg,True,False,False,False,False,Oppenheimer Casing Co.,,1827.0,930.0,right,"Hamburg, Albertstraße 19",19. 10. 23,RM 50 000,Handel mit Fleisch- u. Wurstkonserven,Harry D. Oppenheimer,1 Gf.,,74.57627118644068,1.0
193,163,North European Oil Corp.,Ost-Oel G.m.b.H.,False,True,False,False,False,Ost-Oel,,1845.0,939.0,right,"Hannover, Warmbüchenstr. 28",14. 4. 29,RM 50 000,"Erwerb von Gerechtsamen zur Gewinnung von Erdöl, Erdpech, Erdgas u. sonstigen bituminösen Stoffen in Rheinland und Westfalen",O. Dreher; G. E. M. Gerst,1 od. 2 Gf. od. 1 Gf. u. 1 Pk.,,60.86956521739131,1.0
194,164,Witroth Corporation,Ostrhederei,True,False,False,False,False,Ostreederei,,1847.0,940.0,right,"Stettin, Gr. Lastadie 90/92",18.9.18,"RM 600,000","Speditions-, Lagerungs- u. sonstige Handelsgeschäfte",P. Kröger; Konr. Langosch; O. Schwabe,2 Gf. od. 1 Gf. u. 1 Pk. od. 2 Pk.,,90.9090909090909,1.0
195,165,Otis Elevator Company,Otis Aufzugswerke G.m.b.H.,True,False,True,True,False,Otis Aufzugswerke,,1848.0,941.0,left,"Berlin-Wittenau, Miraustraße 41/42, Zweign. Hamburg, Köln, München",13. 4. 10.,RM 4 000 000,Herstellung und Vertrieb von Aufzügen und überhaupt Maschinen,L. Scheel,"vertr. allein, sonst 2 Gf. od. 1 Gf. u. 1 Pk.",,79.06976744186046,1.0
196,167,"Paramount Pictures, Inc.","Paramount Film Vertreib G. m. b. H., Berlin, Germany",False,True,True,False,False,Paramount Film Vertrieb,,1865.0,949.0,right,"Berlin SW48, Friedrichstr. 225",5.5.23,"RM 20,000",Übernahme von Revisions- u. Überwachungsarbeiten aller Art in der Filmbranche,Jakob Schaefer; P. Thiefes; Frl. Pfitzner,1 od. 2 Gf. od. 1 Gf. u. 1 Pk.,,58.66666666666666,1.0
197,168,"Lentheric, Incorporated","Parfume Lentheric, G.m.b.H.",True,False,False,False,False,Parfums Lenth’eric,,1866.0,950.0,left,"Berlin SW 68, Eitterstr. 46/48",2.7.28,EM 150 000,"Herstellung und Vertrieb von Parfüms, Pudern, Seifen und sonstigen Schönheitsmitteln",Maurice Main,1 od. 2 Gf. od. 1 Gf. u. 1 Pk.,,71.11111111111111,1.0
198,170,Remington Rand Inc.,Powers G.m.b.H.,True,False,False,False,False,Powers,,1925.0,979.0,right,"Berlin SW 48, Wilhelmstraße 28",17.1.14,RM 600 000,"Erwerb von Patenten, Lizenzen u. Erfahrungen zur Herstellung von Addier- u. Sortiermaschinen, Herstellung solcher und verwandter Maschinen, der dazugehörigen Karten und aller dem Gebiete d. behördlichen oder kaufmännischen Organisation dienenden Gegenstände, insbesondere Maschinen",,,,57.14285714285714,1.0
199,171,Standard Oil Company (New Jersey),Privatanschlussbahn Borgsdorf-Birkenwerder G.m.b.H.,True,False,False,False,False,Privatanschlußbahn Borgsdorf-Birkenwerder,,1935.0,984.0,right,"Berlin-Charlottenburg 9, Reichskanzlerplatz 7/9",28. 12. 05,RM 23 040,Betrieb einer Anschlußbahn,Fritz Reich,Der Gf.,,86.95652173913044,1.0
200,172,Quaker Oats Co.,"Quaker Nahrmittel, G.m.b.H.",True,False,False,False,False,Quäker Nährmittel - Gesellschaft,,1946.0,990.0,left,"Berlin W 15, Knesebeckstr. 59/60",13. 9. 28,RM 500 000,Herstellung von Nährmitteln,E. Noell,Jed. Gf. od. 1 Gf. u. 1 Pk. od. 2 Pk.,,57.6271186440678,1.0
201,173,R. Schiffmann Co.,R. Schiffman & Co. G.m.b.H.,True,False,False,False,False,R. Schiffmann und Co.,,2136.0,1085.0,left,"Berlin-Neukölln, Schinkestr. 5",31.5.30,RM 65 000,"Herstellung und Vertrieb von pharmazeutischen Präparaten, insbesondere des Mittels Asthmador",A. H. Morgan,1 Gf. Einl.: RM 61 020 Geschäft,,66.66666666666667,1.0
202,175,Remington Rand Inc.,Remington Buromaschinen G.m.b.H.,True,False,False,True,False,Remington Büromaschinen,,1991.0,1012.0,right,"Berlin NW 7, Friedrichstraße 154",13.10.1914,"RM 1,240,000",Herstellung und Vertrieb von Schreibmaschinen aller Art und Büromöbeln,G. Mc. Lean; Charl. J. Warren,1 Gf. oder 2 Pk.,,80.0,1.0
203,176,"Hugo Stinnes Industries, Inc.",Rheinische-Westfaelische Bergwerks Gesellschaft,False,True,False,True,False,Rheinisch-Westfälische Bergwerksgesellschaft,,2003.0,1018.0,right,Mülheim-Ruhr,5.9.05,RM 500 000 in Anteilen ä RM 5000,"Erwerb, Verwaltung, Inbetriebnahme oder sonstige Verwertung von Bergwerkseigentum",G. Frielinghaus; K. Hold; K. Spindler; Thomas,1 Gf.,,92.3076923076923,1.0
204,182,"Royal Typewriter Company, Inc.","Royal Schreihmaschinen, G.m.b.H.",True,True,False,True,False,Royal Schreibmaschinen,,2067.0,1050.0,right,"Berlin SW 19, Kommandantenstraße 3/4",17. 12. 29,RM 100 000,Vertrieb von Schreib- und Büromaschinen sowie sonstige Bürobedarfsartikel,G. Gundry; Joh. Groß,2 Gf. od. 1 Gf. u. 1 Pk.,,77.77777777777779,1.0
205,183,Corn Products Refining company,Rudolf Arndt Dextrinfabrik G.m.b.H.,True,False,False,False,False,Rudolf Arndt Dextrinfabrik,,79.0,56.0,right,Neudamm,13. 1. 31,RM 100 000,Herstellung u. Vertrieb von Dextrin und verwandten Artikeln,R. Arndt,1 od. 2 Gf.,,85.24590163934427,1.0
206,184,Hugo Stinnes Corporation,Rudolf Mueller & Soehne G.m.b.H.,True,False,False,False,False,Rudolf Müller & Söhne,,1712.0,873.0,left,Langenfeld i. Rheinland,12. 8. 08,RM 400 000,Fortführung einer Eisenwarenfabrik,H. H. Müller,1 od. 2 Gf.,,71.69811320754718,1.0
207,187,Eugene Dietzgen Co.,"Siegfried-Caragen Gesellschaft fuer Kraftfahrzeuge, m.b.H.",True,False,False,False,False,"Siegfried Garagen, Gesellschaft für Kraftfahrzeuge",,2246.0,1140.0,left,"Nürnberg, Brunhildstr. 8",14.5.26,RM 60 000,"Handel mit Kraftfahrzeugen, Zubehörteilen und Betriebsstoffen",A. Renzelberg,1 Gf.,,74.07407407407408,1.0
208,189,Signode International Limited,Signode System G.m.b.H.,True,False,False,False,False,Signode System,,2248.0,1141.0,left,"Hamburg, Bugenhagenstr. 6",17.11.1925,RM 10 000,Betrieb von Handelsgeschäften jeder Art,H. Roth,1 Gf.,,75.67567567567568,1.0
209,190,Signode Steel Strapping Co.,Signode System G.m.b.H.,True,False,False,False,False,Signode System,,2248.0,1141.0,left,"Hamburg, Bugenhagenstr. 6",17.11.1925,RM 10 000,Betrieb von Handelsgeschäften jeder Art,H. Roth,1 Gf.,,75.67567567567568,1.0
210,192,"Foreign Investments, Incorporated",Stanley Works,True,False,False,False,False,Stanley Works,,2301.0,1167.0,right,Velbert i. Rhld.,Unknown,Kapital nicht veröffentlicht,Scharnierfabrik,C. J. Diemand; H. Droof,"2 Gf., Diemand allein",,100.0,1.0
211,194,"Aris Cloves Co., Inc.",Steinberger Bros. Clove Corp. G.m.b.H.,True,False,False,False,False,Steinberger Bros. Giove Corporation,,2309.0,1171.0,right,"Berlin NW 7, Unter d. Linden 53",29.11.27,"RM 50,000",Vertrieb u. Export von Handschuhen,Paul Philippi,1 od. 2 Gf.,,65.75342465753424,1.0
212,196,Stauffer Chemical Co.,Suddeutsche Chemische Werke,True,False,False,False,False,Süddeutsche Chemische Werke,,2351.0,1192.0,right,Gernsheim a. Rh.,26.8.09,RM 150 000,Herstellung von chemischen Erzeugnissen und Vertrieb dieser Erzeugnisse,W. Bork; Dr. F. Berg,1 Gf.,,96.2962962962963,1.0
213,197,Swift & Company,"Swift & Company, G.m.b.H.",True,False,False,False,False,Swift & Company,,2368.0,1201.0,left,"Hamburg, Mönckebergstr. 31",8.12.27,"RM 500,000",Ein- und Verkauf von Gütern jeder Art im In- und Ausland,Arthur Clair Landis,1 od. 2 Gf. od. 1 Gf. u. 1 Pk.,,75.0,1.0
214,199,International Telephone and Telegraph Corp.,Tefag Radio Vertriebs G.m.b.H.,True,False,False,True,False,Tefag Radio Vertriebs - Gesellschaft,,2387.0,1210.0,right,"Berlin-Steglitz, Siemensstr. 27",11. 9. 29,RM 50 000,Vertrieb von Fabrikaten der Feinmechanik auf dem Gebiete des Rundfunks,Dr. Bernhard Jaffé; R. Willner,2 Gf. od. 1 Gf. u. 1 Pk.,,69.6969696969697,1.0
215,201,The Atlantic Refining Company,The Atlantic Refining Company Germany GmbH,True,False,True,True,False,The Atlantic Refining Company of Germany,,2411.0,1222.0,right,"Hamburg, Mönckebergstr. 13",6.12.22,RM 1 000 000,"Einkauf, Raffinieren u. Verkauf von Petroleum u. Petroleumprodukten",Ernst Carl Baehni; William Clarence Freysinger,2 od. 1 Gf. od. 1 Gf. u. 1 Pk.,,90.2439024390244,1.0
216,202,The Brecht Corporation,The Brecht Corporation G.m.b.H.,True,False,False,False,False,The Brecht Corporation,,2411.0,1222.0,right,"Hamburg, Albertstr. 26/30",21.7.02,RM 3000,"Im- u. Export, Handel u. die Herstellung sowie Verarbeitung v. Därmen",Charles G. Volkening; Carl A. Ebert,1 Gf.,,83.01886792452831,1.0
217,204,The Stanley Works,The Stanley Works G.m.b.H.,True,True,False,False,False,Stanley Works,,2301.0,1167.0,right,Velbert i. Rhld.,Unknown,Kapital nicht veröffentlicht,Scharnierfabrik,C. J. Diemand; H. Droof,"2 Gf., Diemand allein",,66.66666666666667,1.0
218,205,Armour & Company,Tietgens & Robertson (G.m.b.H.),True,False,False,False,False,Tietgens & Robertson,,2427.0,1230.0,right,"Hamburg, Meßberg, Ballinhaus",18.12.20,"RM 250,000",Import von Waren nach Deutschland und Handelsgeschäfte,Conrad Tietgens; George Tietgens; Robert Cabell,2 Gf.,,78.43137254901961,1.0
219,206,Standard Oil Company (New Jersey),Titan-Oel-Gesellschaft m.b.H.,True,False,False,False,False,Titan-Oel-Gesellschaft,,2429.0,1231.0,right,"Berlin W 62, Budapester Str. 35",3.5.24,RM 30000,Handel mit Mineralöl und Mineralölprodukten,R. Wollschlaeger,1 od. 2 Gf. od. 1 Gf. u. 1 Pk.,,86.27450980392157,1.0
220,207,"Titan Company, Inc.",Titangesellschaft m.b.H.,True,True,True,True,False,Titangesellschaft,,2429.0,1231.0,right,Leverkusen,24.6.27,RM 3000000,Herstellung und Verkauf der Titan-Verbindungen nach Deutschland und dem Ausland,Dir. Dr. Kühne; Dr. Gust. Jebsen; Evans Mc. Carty,2 Gf. od. 1 Gf. u. 1 Pk.,,82.92682926829268,1.0
221,215,International Affiliated Corporation,W. R. Warner & Co. G.m.b.H.,True,False,False,False,False,W. R. Warner & Co.,,2600.0,1317.0,left,"Berlin-Charlottenburg, Kaiserin-Augusta-Allee 86",12. 4. 27,RM 300 000,Herstellung und Verkauf von pharmazeutischen und kosmetischen Präparaten,Leonhard M. Klustinger,1 Gf.,,80.0,1.0
222,216,Walter Kidde & Company,Walter Kidde G.m.b.H.,True,False,False,False,False,Walter Kidde,,1312.0,673.0,left,"Hamburg, Esplanade 6",2.10.26,RM 20 000,Herstellung und Vertrieb von Feuermelde- und Feuerlöschapparaten,W. K. Poehlmann,1 Gf.,,72.72727272727273,1.0
223,217,Standard Oil Company (New Jersey),Waried Tankschiff Rhederei G.m.b.H.,True,False,False,False,False,Waried Tankschiff Rhederei,,2599.0,1316.0,right,"Hamburg, Neuer Jungfernstieg 21",12.12.08,RM 3 000 000,Betrieb einer Reederei,P. F. Harneit; F. J. Breme; F. H. Klasen; F. J. H. Breme; J. H. Dotzert,2 Gf.,,85.24590163934427,1.0
224,220,"Hugo Stinnes Industries, Inc.",Welheim Kohlenhandel G.m.b.H.,True,False,False,False,False,Welheim Kohlenhandelsgesellsch.,,2626.0,1330.0,left,Essen,12. 7. 15,RM 30 000,"Anschaffung und Weiterveräußerung sämtlicher Erzeugnisse des Bergbaus, Transport und Lagerung dieser Erzeugnisse",W. Spindler,1 Gf. od. 1 Pk.,,66.66666666666667,1.0
225,222,Kupfer Bros. Co. Inc.,Werola Krepp & Buntpapierfabrik G.m.b.H.,True,False,False,False,False,"Werola, Krepp- und Buntpapierfabrik",,2639.0,1336.0,right,Rastatt,20.12.29,RM 200 000,"Herstellung von Papieren und Papierwaren aller Art, insbesondere von Krepp-, Bunt- und Metallpapier",Dir. Wilh. Schmitt; Ed. Sandel,2 Gf. od. 1 Gf. u. 1 Pk. Einl.: RM 180 000 Maschinen. Warenvorräte usw.,,77.33333333333333,1.0
226,224,Western Electric Export Corporation,Western Electric G.m.b.H.,True,False,False,False,False,Deutsche Western Electric,,530.0,282.0,left,"Berlin W 15, Emser Straße Nr 40-41",20. 6. 29,RM 200 000,"Manufacture, sale, and distribution of film and sound film recording equipment",,,,64.0,1.0
227,226,Kupfer Bros. Co. Inc.,Wilheim Stern & Co. G.m.b.H.,True,False,False,False,False,Wilhelm Stern & Co.,,2320.0,1177.0,left,Fürth,2.9.11,"RM 500,000","Herstellung von Metall-, Bunt- und Luxuspapierwaren und verwandten Artikeln",B. Kaufmann; stellv. Dir. Erhard Ottenberger,"vertr. jeder allein, sonst 2 Gf. od. 1 Gf. u. 1 Pk. od. 2 Pk.",,76.59574468085107,1.0
228,227,The Dentists' Supply Co. of New York,Zahnfabrik Wienand Soehne & Co.,True,False,False,False,False,Zahnfabrik Wienand Söhne & Co.,,2733.0,1383.0,right,Sprendlingen in Hessen,7.6.21,RM 800 000,Fabrikation von künstlichen Zähnen,Dr. Aug. und Dr. Fritz Wienand,Jed. Gf.,,95.08196721311475,1.0
229,228,National Lead Company,Zinnwerke Wilheimsburg G.m.b.H.,True,False,False,False,False,Zinnwerke Wilhelmsburg,,2760.0,1397.0,left,Wilhelmsburg bei Harburg,12.11.03,RM 1 500 000,"Umwandlung von Erzen, Rohmetallen u. Hüttenprodukten in Reinmetalle",Henryk Goldmann; Dr. phil. W. Baer,2 Gf. od. 1 Gf. u. 1 Pk. od. 2 Pk.,,79.24528301886792,1.0
230,230,Corn Products Refining company,Zuckerrubensaftfabrik,True,False,False,False,False,Zuckerrübensaft,,2769.0,1401.0,right,"Berlin-Charlottenburg, Joachimsthaler Straße 43/44",15.10.23,RM 500,Verwertung des von den Gesellschaftern hergestellten Zuckerrübensaftes,Hans Pape,Der Gf.,,77.77777777777779,1.0
